ISO-10303-21;
HEADER;
/* Generated by software containing ST-Developer
 * from STEP Tools, Inc. (www.steptools.com) 
 */
/* OPTION: using custom renumber hook */

FILE_DESCRIPTION(
/* description */ ('STEP AP242 Edition 2',
'CAx-IF Rec.Pracs.---Representation and Presentation of Product Manufa
cturing Information (PMI)---4.0---2014-10-13',
'CAx-IF Rec.Pracs.---3D Tessellated Geometry---0.4---2014-09-14','2;1',
'CAx-IF Rec.Pracs.---User Defined Attributes---1.5---2016-08-15'),
/* implementation_level */ '2;1');

FILE_NAME(
/* name */ 'Macropad Base - Part 1',
/* time_stamp */ '2026-06-04T02:54:40Z',
/* author */ (''),
/* organization */ (''),
/* preprocessor_version */ 'ST-DEVELOPER v20',
/* originating_system */ 'ONSHAPE BY PTC INC, 1.215',
/* authorisation */ '  ');

FILE_SCHEMA (('AP242_MANAGED_MODEL_BASED_3D_ENGINEERING_MIM_LF { 1 0 10303 442 3 1 4 }'));
ENDSEC;

DATA;
#10=SHAPE_REPRESENTATION_RELATIONSHIP('','',#31,#11);
#11=TESSELLATED_SHAPE_REPRESENTATION('',(#29),#37);
#12=STYLED_ITEM('',(#14),#27);
#13=STYLED_ITEM('',(#15),#29);
#14=PRESENTATION_STYLE_ASSIGNMENT((#16));
#15=PRESENTATION_STYLE_ASSIGNMENT((#17));
#16=SURFACE_STYLE_USAGE(.BOTH.,#18);
#17=SURFACE_STYLE_USAGE(.BOTH.,#19);
#18=SURFACE_SIDE_STYLE('',(#20));
#19=SURFACE_SIDE_STYLE('',(#21));
#20=SURFACE_STYLE_FILL_AREA(#22);
#21=SURFACE_STYLE_FILL_AREA(#23);
#22=FILL_AREA_STYLE('',(#24));
#23=FILL_AREA_STYLE('',(#25));
#24=FILL_AREA_STYLE_COLOUR('',#26);
#25=FILL_AREA_STYLE_COLOUR('',#26);
#26=COLOUR_RGB('',0.972549019607843,0.529411764705882,0.00392156862745098);
#27=COMPLEX_TRIANGULATED_FACE('ConvergentBody',#28,7256,((-0.999940466931488,
0.,-0.0109115806755384),(0.,-1.,0.),(0.,-1.,0.),(-0.999940466931488,0.,
0.0109115806755384),(-1.,0.,0.),(0.,1.,0.),(0.165024323976965,0.,0.98628949730591),
(0.,-1.,0.),(0.642786939828187,0.,0.766045005196375),(-0.999940466931488,
0.,-0.0109115806755384),(0.,1.,0.),(-1.,0.,0.),(0.165024323976965,0.,-0.98628949730591),
(0.,1.,0.),(0.,1.,0.),(-0.999048282031326,0.,-0.0436180028228756),(-0.999048282031326,
0.,-0.0436180028228756),(0.,-1.,0.),(0.,-1.,0.),(0.0436218940497244,0.,
0.999048112134503),(0.,-1.,0.),(0.608756806154088,0.,0.793356887510957),
(0.,-1.,0.),(0.573578728452715,0.,0.819150439337346),(0.,-1.,0.),(0.537300813005638,
0.,0.843390678359372),(0.,-1.,0.),(0.500008856174158,0.,0.866020290609528),
(0.,-1.,0.),(0.461741123661395,0.,0.887014731963293),(0.,-1.,0.),(0.422615759912856,
0.,0.906308953653929),(0.,-1.,0.),(0.382680635700799,0.,0.923880690922606),
(0.,-1.,0.),(0.342031202704885,0.,0.939688595427363),(0.,-1.,0.),(0.300716796383731,
0.,0.953713483375749),(0.,-1.,0.),(0.258815042644375,0.,0.965926898735608),
(0.,-1.,0.),(0.216434453421795,0.,0.976297151164546),(0.,-1.,0.),(0.173629794372203,
0.,0.984810994306149),(0.,-1.,0.),(0.130533013715129,0.,0.991443963283072),
(0.,-1.,0.),(0.0871745976174944,0.,0.996193048324585),(-0.999940466931488,
0.,0.0109115806755384),(0.,1.,0.),(-0.999048282031326,0.,0.0436180028228756),
(0.,-1.,0.),(0.,-1.,0.),(0.965932128621517,0.,0.258795523332041),(0.,-1.,
0.),(0.953717060476529,0.,0.300705451490338),(0.,-1.,0.),(0.939688595427448,
0.,0.342031202704652),(0.,-1.,0.),(0.923877995733687,0.,0.382687142453343),
(0.,-1.,0.),(0.906309245729379,0.,0.422615133549953),(0.,-1.,0.),(0.887014419420229,
0.,0.461741724062916),(0.,-1.,0.),(0.866028095862861,0.,0.499995337154405),
(0.,-1.,0.),(0.843395772891023,0.,0.537292816134325),(0.,-1.,0.),(0.819150188476474,
0.,0.573579086716868),(0.,-1.,0.),(0.793342205030218,0.,0.60877594048861),
(0.,-1.,0.),(0.766044750230168,0.,0.642787243685497),(0.,-1.,0.),(0.737287163884696,
0.,0.675579483089045),(0.,-1.,0.),(0.707097849113184,0.,0.707115713147083),
(0.,-1.,0.),(0.675598056708513,0.,0.737270144364792),(0.,1.,0.),(0.866028198274866,
0.,-0.499995159769361),(0.,1.,0.),(0.965927128224655,0.,-0.25881418616388),
(0.,1.,0.),(0.953714433369024,0.,-0.300713783494542),(0.,1.,0.),(0.939692928065728,
0.,-0.342019299080122),(0.,1.,0.),(0.923878137420235,0.,-0.382686800395465),
(0.,1.,0.),(0.906306165381841,0.,-0.42262173937324),(0.,1.,0.),(0.887009512113715,
0.,-0.461751150967477),(-1.,0.,0.),(0.,1.,0.),(0.165024323976965,0.,-0.98628949730591),
(0.143958778782334,0.,-0.98958368519873),(0.,1.,0.),(0.,1.,0.),(0.642787462820821,
0.,-0.766044566353925),(0.,1.,0.),(0.843400352183757,0.,-0.537285627889221),
(0.,1.,0.),(0.819145128183849,0.,-0.573586313446081),(0.,1.,0.),(0.793358918419478,
0.,-0.608754159381499),(0.,1.,0.),(0.766046527025149,0.,-0.642785126175697),
(0.,1.,0.),(0.737269175712306,0.,-0.675599113783091),(0.,1.,0.),(0.707119736012089,
0.,-0.707093826123658),(0.,1.,0.),(0.675572174248931,0.,-0.737293860940515),
(0.,1.,0.),(0.887009512113826,0.,0.461751150967262),(-1.,0.,0.),(0.165024323976965,
0.,0.98628949730591),(0.,1.,0.),(0.,1.,0.),(0.143958778782334,0.,0.98958368519873),
(0.,1.,0.),(0.143958778782334,0.,0.98958368519873),(0.,1.,0.),(0.675572174248642,
0.,0.737293860940781),(0.,1.,0.),(0.866028198275008,0.,0.499995159769116),
(0.,1.,0.),(0.843400352183757,0.,0.537285627889221),(0.,1.,0.),(0.819145128183849,
0.,0.573586313446081),(0.,1.,0.),(0.793358918419202,0.,0.60875415938186),
(0.,1.,0.),(0.766046527025149,0.,0.642785126175697),(0.,1.,0.),(0.737269175712306,
0.,0.675599113783091),(0.,1.,0.),(0.707119736012102,0.,0.707093826123645),
(-0.999048282031326,0.,0.0436180028228756),(0.,1.,0.),(0.,1.,0.),(0.976297304686609,
0.,0.216433760910033),(0.,1.,0.),(0.965927128224655,0.,0.258814186163878),
(0.,1.,0.),(0.953714433369024,0.,0.300713783494542),(0.,1.,0.),(0.939692928065728,
0.,0.342019299080122),(0.,1.,0.),(0.923878137420219,0.,0.382686800395503),
(0.,1.,0.),(0.90630616538186,0.,0.422621739373199),(0.143958778782334,0.,
-0.98958368519873),(0.,1.,0.),(0.,1.,0.),(0.101653008165153,0.,0.994819916332084),
(-0.996194812116886,0.,-0.0871544394245188),(0.,1.,0.),(-0.996194812116886,
0.,-0.0871544394245188),(0.,-1.,0.),(0.,-1.,0.),(-0.996194812116886,0.,
0.0871544394245188),(0.,-1.,0.),(0.976295238242233,0.,0.216443082092131),
(0.,1.,0.),(0.976297304686609,0.,-0.216433760910033),(-0.996194812116886,
0.,0.0871544394245188),(0.,1.,0.),(0.,1.,0.),(0.984806128878504,0.,0.173657388335008),
(-0.991443705783473,0.,-0.13053496949988),(0.,1.,0.),(-0.991443705783473,
0.,-0.13053496949988),(0.,-1.,0.),(0.,-1.,0.),(-0.991443705783473,0.,0.13053496949988),
(0.,-1.,0.),(0.991445898011957,0.,0.130518317929951),(0.,-1.,0.),(0.984804553066471,
0.,0.173666324483326),(0.,1.,0.),(0.991445915330641,0.,-0.130518186373346),
(0.,1.,0.),(0.984806128878504,0.,-0.173657388335008),(-0.991443705783473,
0.,0.13053496949988),(0.,1.,0.),(0.,1.,0.),(0.996196040907685,0.,0.0871403929291926),
(0.,1.,0.),(0.991445915330641,0.,0.130518186373346),(-0.984807512033111,
0.,-0.173649544321755),(0.,1.,0.),(-0.984807512033111,0.,-0.173649544321755),
(0.,-1.,0.),(0.,-1.,0.),(0.999047350815721,0.,-0.0436393266227706),(0.,
-1.,0.),(0.,0.,0.999999999999927),(-0.984807512033111,0.,0.173649544321755),
(0.,-1.,0.),(0.,-1.,0.),(0.996194557738736,0.,0.0871573469750223),(0.,1.,
0.),(0.996196040907685,0.,-0.0871403929291926),(-0.984807512033111,0.,0.173649544321755),
(0.,1.,0.),(0.,1.,0.),(0.999048163482102,0.,0.0436207180481888),(-0.976297893412587,
0.,-0.216431105246324),(0.,1.,0.),(-0.976297893412587,0.,-0.216431105246324),
(0.,-1.,0.),(0.,-1.,0.),(0.999999999999709,0.,0.),(-0.976297893412587,0.,
0.216431105246324),(0.,-1.,0.),(0.,-1.,0.),(0.999047350815721,0.,0.0436393266227706),
(0.,1.,0.),(0.999048163482102,0.,-0.0436207180481888),(-0.976297893412587,
0.,0.216431105246324),(0.,1.,0.),(0.,1.,0.),(0.999999999999833,0.,0.),(-0.965925710771637,
0.,-0.25881947621906),(0.,1.,0.),(-0.965925710771637,0.,-0.25881947621906),
(0.,-1.,0.),(0.,-1.,0.),(0.99904736743959,0.,0.0436389460462223),(-0.965925710771637,
0.,0.25881947621906),(0.,-1.,0.),(0.,-1.,0.),(0.999999999999709,0.,0.),
(0.,1.,0.),(0.999999999999833,0.,0.),(-0.965925710771637,0.,0.25881947621906),
(0.,1.,0.),(0.,1.,0.),(0.999048138251527,0.,-0.0436212959018659),(-0.953716741647029,
0.,-0.300706462687741),(0.,1.,0.),(-0.953716741647029,0.,-0.300706462687741),
(0.,-1.,0.),(0.,-1.,0.),(0.991445799169973,0.,0.130519068753239),(0.,-1.,
0.),(0.996194823335196,0.,0.087154311196627),(-0.953716741647029,0.,0.300706462687741),
(0.,-1.,0.),(0.,-1.,0.),(0.99619482333521,0.,-0.0871543111964639),(0.,-1.,
0.),(0.99904736743959,0.,-0.0436389460462223),(0.,1.,0.),(0.996196292218131,
0.,0.0871375198800591),(0.,1.,0.),(0.999048138251527,0.,0.0436212959018659),
(-0.953716741647029,0.,0.300706462687741),(0.,1.,0.),(0.,1.,0.),(0.991445765692108,
0.,-0.130519323056739),(0.,1.,0.),(0.996196292218131,0.,-0.0871375198800591),
(-0.939692351737635,0.,-0.34202088252882),(0.,1.,0.),(-0.939692351737635,
0.,-0.34202088252882),(0.,-1.,0.),(0.,-1.,0.),(0.98480409102732,0.,0.173668944534862),
(-0.939692351737635,0.,0.34202088252882),(0.,-1.,0.),(0.,-1.,0.),(0.991445799169973,
0.,-0.130519068753239),(0.,1.,0.),(0.991445765692108,0.,0.130519323056739),
(-0.939692351737635,0.,0.34202088252882),(0.,1.,0.),(0.,1.,0.),(0.984805428942642,
0.,-0.173661357604674),(0.101653008165153,0.,-0.994819916332084),(0.,1.,
0.),(0.,1.,0.),(0.608783151865021,0.,-0.793336671284827),(0.101653008165153,
0.,0.994819916332084),(0.,1.,0.),(0.,1.,0.),(0.642787462820778,0.,0.766044566353961),
(0.101653008165153,0.,-0.994819916332084),(0.,1.,0.),(0.,1.,0.),(-0.923879171582103,
0.,-0.382684303724059),(-0.923879171582103,0.,-0.382684303724059),(0.,-1.,
0.),(0.,-1.,0.),(0.976294338691237,0.,0.216447139596348),(-0.923879171582103,
0.,0.382684303724059),(0.,-1.,0.),(0.,-1.,0.),(0.98480409102732,0.,-0.173668944534862),
(0.,1.,0.),(0.984805428942642,0.,0.173661357604674),(-0.923879171582103,
0.,0.382684303724059),(0.,1.,0.),(0.,1.,0.),(0.976297304686609,0.,-0.216433760910033),
(-0.906311358344789,0.,-0.422610602961194),(0.,1.,0.),(-0.906311358344789,
0.,-0.422610602961194),(0.,-1.,0.),(0.,-1.,0.),(0.953718531752893,0.,0.300700785152126),
(0.,-1.,0.),(0.965932319292355,0.,0.258794811668419),(-0.906311358344789,
0.,0.422610602961194),(0.,-1.,0.),(0.,-1.,0.),(0.965932319292355,0.,-0.258794811668419),
(0.,-1.,0.),(0.976294338691237,0.,-0.216447139596348),(0.,1.,0.),(0.965927128224655,
0.,0.258814186163878),(0.,1.,0.),(0.976297304686609,0.,0.216433760910033),
(-0.906311358344789,0.,0.422610602961194),(0.,1.,0.),(0.,1.,0.),(0.953714433369024,
0.,-0.300713783494542),(0.,1.,0.),(0.965927128224655,0.,-0.25881418616388),
(-0.887013138594784,0.,-0.461744184544029),(0.,1.,0.),(-0.887013138594784,
0.,-0.461744184544029),(0.,-1.,0.),(0.,-1.,0.),(0.939686427628426,0.,0.342037158406694),
(-0.887013138594784,0.,0.461744184544029),(0.,-1.,0.),(0.,-1.,0.),(0.953718531752893,
0.,-0.300700785152126),(0.,1.,0.),(0.953714433369024,0.,0.300713783494542),
(-0.887013138594784,0.,0.461744184544029),(0.,1.,0.),(0.,1.,0.),(0.939692928065728,
0.,-0.342019299080122),(-0.866020599671576,0.,-0.500008320875246),(0.,1.,
0.),(-0.866020599671576,0.,-0.500008320875246),(0.,-1.,0.),(0.,-1.,0.),
(0.923878265489299,0.,0.382686491212434),(-0.866020599671576,0.,0.500008320875246),
(0.,-1.,0.),(0.,-1.,0.),(0.939686427628426,0.,-0.342037158406694),(0.,1.,
0.),(0.939692928065728,0.,0.342019299080122),(-0.866020599671576,0.,0.500008320875246),
(0.,1.,0.),(0.,1.,0.),(0.923878137420235,0.,-0.382686800395465),(0.059156404791006,
0.,-0.998248726406502),(0.,1.,0.),(0.,1.,0.),(0.573568811581027,0.,-0.819157383157552),
(0.0591564047910054,0.,0.998248726406502),(0.,1.,0.),(0.0591564047910054,
0.,0.998248726406502),(0.,1.,0.),(0.,1.,0.),(0.608783151864719,0.,0.79333667128506),
(0.,1.,0.),(0.059156404791006,0.,-0.998248726406502),(-0.843387196163529,
0.,-0.537306278901914),(0.,1.,0.),(-0.843387196163529,0.,-0.537306278901914),
(0.,-1.,0.),(0.,-1.,0.),(0.887014419420229,0.,0.461741724062916),(0.,-1.,
0.),(0.90631222212582,0.,0.422608750530983),(-0.843387196163529,0.,0.537306278901914),
(0.,-1.,0.),(0.,-1.,0.),(0.90631222212582,0.,-0.422608750530983),(0.,-1.,
0.),(0.923878265489299,0.,-0.382686491212434),(0.,1.,0.),(0.90630616538186,
0.,0.422621739373199),(0.,1.,0.),(0.923878137420219,0.,0.382686800395503),
(-0.843387196163529,0.,0.537306278901914),(0.,1.,0.),(0.,1.,0.),(0.887009512113715,
0.,-0.461751150967477),(0.,1.,0.),(0.906306165381841,0.,-0.42262173937324),
(-0.819154857731175,0.,-0.573572418318226),(0.,1.,0.),(-0.819154857731175,
0.,-0.573572418318226),(0.,-1.,0.),(0.,-1.,0.),(0.866032631313816,0.,0.499987481342951),
(-0.819154857731175,0.,0.573572418318226),(0.,-1.,0.),(0.,-1.,0.),(0.887014419420236,
0.,-0.461741724062903),(0.,1.,0.),(0.887009512113826,0.,0.461751150967262),
(-0.819154857731175,0.,0.573572418318226),(0.,1.,0.),(0.,1.,0.),(0.866028198274866,
0.,-0.499995159769361),(0.0165417596446942,0.,-0.999863175733489),(0.,1.,
0.),(0.,1.,0.),(0.537297220232742,0.,-0.843392967204593),(0.0165417596446949,
0.,0.999863175733489),(0.,1.,0.),(0.0165417596446949,0.,0.999863175733489),
(0.,1.,0.),(0.,1.,0.),(0.0165417596446942,0.,-0.999863175733489),(-0.793354140051297,
0.,-0.608760386739698),(0.,1.,0.),(-0.793354140051297,0.,-0.608760386739698),
(0.,-1.,0.),(0.,-1.,0.),(0.819150546984369,0.,0.573578574717719),(0.,-1.,
0.),(0.843395426842697,0.,0.537293359330659),(-0.793354140051297,0.,0.608760386739698),
(0.,-1.,0.),(0.,-1.,0.),(0.843395426842697,0.,-0.537293359330659),(0.,-1.,
0.),(0.866032631313816,0.,-0.499987481342951),(0.,1.,0.),(0.843400352183757,
0.,0.537285627889221),(0.,1.,0.),(0.866028198275008,0.,0.499995159769116),
(-0.793354140051297,0.,0.608760386739698),(0.,1.,0.),(0.,1.,0.),(0.819145128183849,
0.,-0.573586313446081),(0.,1.,0.),(0.843400352183757,0.,-0.537285627889221),
(-0.766044193960975,0.,-0.642787906621368),(0.,1.,0.),(-0.766044193960975,
0.,-0.642787906621368),(0.,-1.,0.),(0.,-1.,0.),(0.793341836226318,0.,0.608776421104706),
(-0.766044193960975,0.,0.642787906621368),(0.,-1.,0.),(0.,-1.,0.),(0.819150546984369,
0.,-0.573578574717719),(0.,1.,0.),(0.819145128183849,0.,0.573586313446081),
(-0.766044193960975,0.,0.642787906621368),(0.,1.,0.),(0.,1.,0.),(0.793348822966001,
0.,-0.608767316056357),(-0.737279125336994,0.,-0.675588255775895),(0.,1.,
0.),(-0.737279125336994,0.,-0.675588255775895),(0.,-1.,0.),(0.,-1.,0.),
(0.766037714257208,0.,0.642795628746487),(-0.737279125336994,0.,0.675588255775895),
(0.,-1.,0.),(0.,-1.,0.),(0.793341836226318,0.,-0.608776421104706),(0.,1.,
0.),(0.793348822966278,0.,0.608767316055996),(-0.737279125336994,0.,0.675588255775895),
(0.,1.,0.),(0.,1.,0.),(0.766047097139633,0.,-0.642784446734627),(-0.0260861153361946,
0.,-0.999659699391081),(0.,1.,0.),(0.,1.,0.),(0.499996027045978,0.,-0.866027697558362),
(-0.0260861153360596,0.,0.999659699391085),(0.,1.,0.),(-0.0260861153360596,
0.,0.999659699391085),(0.,1.,0.),(0.,1.,0.),(-0.0260861153361946,0.,-0.999659699391081),
(-0.707102327833803,0.,-0.707111234511245),(0.,1.,0.),(-0.707102327833803,
0.,-0.707111234511245),(0.,-1.,0.),(0.,-1.,0.),(0.707097849113184,0.,0.707115713147083),
(0.,-1.,0.),(0.737287163884696,0.,0.675579483089045),(-0.707102327833803,
0.,0.707111234511245),(0.,-1.,0.),(0.,-1.,0.),(0.737287163884696,0.,-0.675579483089045),
(0.,-1.,0.),(0.766037714257208,0.,-0.642795628746487),(0.,1.,0.),(0.737280978693706,
0.,0.675586233175641),(0.,1.,0.),(0.766047097139477,0.,0.642784446734814),
(-0.707102327833803,0.,0.707111234511245),(0.,1.,0.),(0.,1.,0.),(0.707119736012089,
0.,-0.707093826123658),(0.,1.,0.),(0.737280978693706,0.,-0.675586233175641),
(0.999999999999709,0.,0.),(0.,-1.,0.),(0.,-1.,0.),(0.99904736743959,0.,
0.0436389460462223),(0.999999999999709,0.,0.),(0.,-1.,0.),(0.,-1.,0.),(0.999047350815721,
0.,0.0436393266227706),(0.999047350815721,0.,-0.0436393266227706),(0.,-1.,
0.),(0.,-1.,0.),(0.999048138251527,0.,0.0436212959018659),(0.,-1.,0.),(0.999999999999833,
0.,0.),(0.99904736743959,0.,-0.0436389460462223),(0.,-1.,0.),(0.,-1.,0.),
(0.999048163482102,0.,0.0436207180481888),(0.,-1.,0.),(0.999999999999833,
0.,0.),(0.996194823335196,0.,0.087154311196627),(0.,-1.,0.),(0.,-1.,0.),
(0.996194557738753,0.,-0.0871573469748219),(0.,-1.,0.),(-0.130533013714897,
0.,0.991443963283103),(0.,-1.,0.),(-0.0436222753017614,0.,0.999048095487649),
(0.,-1.,0.),(-0.087174597617491,0.,0.996193048324585),(0.996194557738736,
0.,0.0871573469750223),(0.,-1.,0.),(0.,-1.,0.),(0.996196292218131,0.,0.0871375198800591),
(0.996194557738753,0.,-0.0871573469748219),(0.,-1.,0.),(0.,-1.,0.),(0.999048163482102,
0.,-0.0436207180481888),(0.,-1.,0.),(0.996196040907685,0.,0.0871403929291926),
(0.99619482333521,0.,-0.0871543111964639),(0.,-1.,0.),(0.,-1.,0.),(0.999048138251527,
0.,-0.0436212959018659),(0.991445799169973,0.,0.130519068753239),(0.,-1.,
0.),(0.,-1.,0.),(0.991445898011957,0.,-0.130518317929951),(0.,-1.,0.),(-0.173629794372201,
0.,0.98481099430615),(0.991445898011957,0.,0.130518317929951),(0.,-1.,0.),
(0.,-1.,0.),(0.991445765692108,0.,0.130519323056739),(0.991445898011957,
0.,-0.130518317929951),(0.,-1.,0.),(0.,-1.,0.),(0.996196040907685,0.,-0.0871403929291926),
(0.,-1.,0.),(0.991445915330641,0.,0.130518186373346),(0.991445799169973,
0.,-0.130519068753239),(0.,-1.,0.),(0.,-1.,0.),(0.996196292218131,0.,-0.0871375198800591),
(0.98480409102732,0.,0.173668944534862),(0.,-1.,0.),(0.,-1.,0.),(0.984804553066471,
0.,-0.173666324483326),(0.984804553066471,0.,0.173666324483326),(0.,-1.,
0.),(0.,-1.,0.),(0.984805428942642,0.,0.173661357604674),(0.984804553066471,
0.,-0.173666324483326),(0.,-1.,0.),(0.,-1.,0.),(0.991445915330641,0.,-0.130518186373346),
(0.,-1.,0.),(0.984806128878504,0.,0.173657388335008),(0.98480409102732,
0.,-0.173668944534862),(0.,-1.,0.),(0.,-1.,0.),(0.991445765692108,0.,-0.130519323056739),
(0.976294338691237,0.,0.216447139596348),(0.,-1.,0.),(0.,-1.,0.),(0.976295238242233,
0.,-0.216443082092131),(0.976295238242233,0.,0.216443082092131),(0.,-1.,
0.),(0.,-1.,0.),(0.976297304686609,0.,0.216433760910033),(0.976295238242233,
0.,-0.216443082092131),(0.,-1.,0.),(0.,-1.,0.),(0.984806128878504,0.,-0.173657388335008),
(0.,-1.,0.),(0.976297304686609,0.,0.216433760910033),(0.976294338691237,
0.,-0.216447139596348),(0.,-1.,0.),(0.,-1.,0.),(0.984805428942642,0.,-0.173661357604674),
(0.965932319292355,0.,0.258794811668419),(0.,-1.,0.),(0.,-1.,0.),(0.965932128621517,
0.,-0.258795523332041),(0.965932128621517,0.,0.258795523332041),(0.,-1.,
0.),(0.,-1.,0.),(0.965927128224655,0.,0.258814186163878),(0.965932128621517,
0.,-0.258795523332041),(0.,-1.,0.),(0.,-1.,0.),(0.976297304686609,0.,-0.216433760910033),
(0.,-1.,0.),(0.965927128224655,0.,0.258814186163878),(0.965932319292355,
0.,-0.258794811668419),(0.,-1.,0.),(0.,-1.,0.),(0.976297304686609,0.,-0.216433760910033),
(0.953718531752893,0.,0.300700785152126),(0.,-1.,0.),(0.,-1.,0.),(0.953717060476529,
0.,-0.300705451490338),(0.953717060476529,0.,0.300705451490338),(0.,-1.,
0.),(0.,-1.,0.),(0.953714433369024,0.,0.300713783494542),(0.953717060476529,
0.,-0.300705451490338),(0.,-1.,0.),(0.,-1.,0.),(0.965927128224655,0.,-0.25881418616388),
(0.,-1.,0.),(0.953714433369024,0.,0.300713783494542),(0.953718531752893,
0.,-0.300700785152126),(0.,-1.,0.),(0.,-1.,0.),(0.965927128224655,0.,-0.25881418616388),
(-0.675582991294597,0.,-0.737283949285107),(0.,1.,0.),(-0.675582991294597,
0.,-0.737283949285107),(0.,-1.,0.),(0.,-1.,0.),(0.675598056708513,0.,0.737270144364792),
(-0.675582991294597,0.,0.737283949285107),(0.,-1.,0.),(0.,-1.,0.),(0.707097849113349,
0.,-0.707115713146919),(0.,1.,0.),(0.707119736012102,0.,0.707093826123645),
(-0.675582991294597,0.,0.737283949285107),(0.,1.,0.),(0.,1.,0.),(0.675572174248931,
0.,-0.737293860940515),(0.939686427628426,0.,0.342037158406694),(0.,-1.,
0.),(0.,-1.,0.),(0.939688595427448,0.,-0.342031202704652),(0.,-1.,0.),(-0.999048874586386,
0.,0.0436044285328463),(0.,-1.,0.),(-0.216434453421704,0.,0.976297151164567),
(0.,-1.,0.),(-0.258815042643581,0.,0.965926898735821),(0.,-1.,0.),(-0.300722157678236,
0.,0.953711792881553),(0.,-1.,0.),(-0.342030529842123,0.,0.939688840338075),
(0.,-1.,0.),(-0.382674780555815,0.,0.923883116160567),(0.,-1.,0.),(-0.422615759912586,
0.,0.906308953654055),(0.,-1.,0.),(-0.461748584194875,0.,0.887010848295571),
(0.,-1.,0.),(-0.50000828370802,0.,0.86602062113056),(0.,-1.,0.),(-0.537301355305647,
0.,0.843390332874829),(0.,-1.,0.),(-0.573569746262744,0.,0.819156728698539),
(0.,-1.,0.),(-0.60874908280604,0.,0.793362813713124),(0.,-1.,0.),(-0.642786491874409,
0.,0.766045381073335),(0.,-1.,0.),(-0.67559847142587,0.,0.737269764338012),
(0.,-1.,0.),(-0.707115331731405,0.,0.707098230538293),(0.,-1.,0.),(-0.737286815592703,
0.,0.675579863193962),(0.,-1.,0.),(-0.766045065264996,0.,0.642786868241058),
(0.,-1.,0.),(-0.793341922121433,0.,0.608776309168376),(0.,-1.,0.),(-0.819150439337347,
0.,0.573578728452713),(0.,-1.,0.),(-0.843403584776421,0.,0.537280553515836),
(0.,-1.,0.),(-0.866020430372079,0.,0.500008614103956),(0.,-1.,0.),(-0.88700009852721,
0.,0.46176923372256),(0.,-1.,0.),(-0.906309382268762,0.,0.422614840737538),
(0.,-1.,0.),(-0.923877884187927,0.,0.382687411745459),(0.,-1.,0.),(-0.939694348059542,
0.,0.342015397643078),(0.,-1.,0.),(-0.953716922108089,0.,0.300705890339171),
(0.,-1.,0.),(-0.965923438442389,0.,0.258827956503219),(0.,-1.,0.),(-0.976298950205308,
0.,0.216426338110713),(0.,-1.,0.),(-0.984807531385528,0.,0.173649434569601),
(0.,-1.,0.),(-0.991443629070415,0.,0.13053555215222),(0.,-1.,0.),(-0.996194563513089,
0.,0.0871572809750648),(0.939688595427448,0.,0.342031202704652),(0.,-1.,
0.),(0.,-1.,0.),(0.939692928065728,0.,0.342019299080122),(0.939688595427448,
0.,-0.342031202704652),(0.,-1.,0.),(0.,-1.,0.),(0.953714433369024,0.,-0.300713783494542),
(0.,-1.,0.),(0.939692928065728,0.,0.342019299080122),(0.939686427628426,
0.,-0.342037158406694),(0.,-1.,0.),(0.,-1.,0.),(0.953714433369024,0.,-0.300713783494542),
(-0.0472553969839927,0.,-0.99888283970438),(0.,1.,0.),(0.,1.,0.),(0.461750241920171,
0.,-0.887009985336503),(-0.0472553969843798,0.,0.998882839704361),(0.,1.,
0.),(-0.0472553969843798,0.,0.998882839704361),(0.,1.,0.),(0.,1.,0.),(-0.0472553969839927,
0.,-0.99888283970438),(0.,1.,0.),(0.999941798702491,0.,-0.0107888464456386),
(0.923878265489299,0.,0.382686491212434),(0.,-1.,0.),(0.,-1.,0.),(0.923877995733687,
0.,-0.382687142453343),(0.923877995733687,0.,0.382687142453343),(0.,-1.,
0.),(0.,-1.,0.),(0.923878137420219,0.,0.382686800395503),(0.923877995733687,
0.,-0.382687142453343),(0.,-1.,0.),(0.,-1.,0.),(0.939692928065728,0.,-0.342019299080122),
(0.,-1.,0.),(0.923878137420219,0.,0.382686800395503),(0.923878265489299,
0.,-0.382686491212434),(0.,-1.,0.),(0.,-1.,0.),(0.939692928065728,0.,-0.342019299080122),
(0.90631222212582,0.,0.422608750530983),(0.,-1.,0.),(0.,-1.,0.),(0.906309245729379,
0.,-0.422615133549953),(0.906309245729379,0.,0.422615133549953),(0.,-1.,
0.),(0.,-1.,0.),(0.90630616538186,0.,0.422621739373199),(0.906309245729379,
0.,-0.422615133549953),(0.,-1.,0.),(0.,-1.,0.),(0.923878137420235,0.,-0.382686800395465),
(0.,-1.,0.),(0.90630616538186,0.,0.422621739373199),(0.90631222212582,0.,
-0.422608750530983),(0.,-1.,0.),(0.,-1.,0.),(0.923878137420235,0.,-0.382686800395465),
(0.887014419420229,0.,0.461741724062916),(0.,-1.,0.),(0.,-1.,0.),(0.887014419420236,
0.,-0.461741724062903),(0.887014419420229,0.,0.461741724062916),(0.,-1.,
0.),(0.,-1.,0.),(0.887009512113826,0.,0.461751150967262),(0.887014419420236,
0.,-0.461741724062903),(0.,-1.,0.),(0.,-1.,0.),(0.906306165381841,0.,-0.42262173937324),
(0.,-1.,0.),(0.887009512113826,0.,0.461751150967262),(0.887014419420236,
0.,-0.461741724062903),(0.,-1.,0.),(0.,-1.,0.),(0.906306165381841,0.,-0.42262173937324),
(-0.64279814344744,0.,-0.766035604120673),(0.,1.,0.),(-0.64279814344744,
0.,-0.766035604120673),(0.,-1.,0.),(0.,-1.,0.),(0.608756806154088,0.,0.793356887510957),
(0.,-1.,0.),(0.642786939828187,0.,0.766045005196375),(-0.64279814344744,
0.,0.766035604120673),(0.,-1.,0.),(0.,-1.,0.),(0.642786939828187,0.,-0.766045005196375),
(0.,-1.,0.),(0.675598056708513,0.,-0.737270144364792),(0.,1.,0.),(0.642787462820778,
0.,0.766044566353961),(0.,1.,0.),(0.675572174248642,0.,0.737293860940781),
(-0.64279814344744,0.,0.766035604120673),(0.,1.,0.),(0.,1.,0.),(0.608783151865021,
0.,-0.793336671284827),(0.,1.,0.),(0.642787462820821,0.,-0.766044566353925),
(0.866032631313816,0.,0.499987481342951),(0.,-1.,0.),(0.,-1.,0.),(0.866028095862861,
0.,-0.499995337154405),(0.866028095862861,0.,0.499995337154405),(0.,-1.,
0.),(0.,-1.,0.),(0.866028198275008,0.,0.499995159769116),(0.866028095862861,
0.,-0.499995337154405),(0.,-1.,0.),(0.,-1.,0.),(0.887009512113715,0.,-0.461751150967477),
(0.,-1.,0.),(0.866028198275008,0.,0.499995159769116),(0.866032631313816,
0.,-0.499987481342951),(0.,-1.,0.),(0.,-1.,0.),(0.887009512113715,0.,-0.461751150967477),
(0.843395426842697,0.,0.537293359330659),(0.,-1.,0.),(0.,-1.,0.),(0.843395772891023,
0.,-0.537292816134325),(0.843395772891023,0.,0.537292816134325),(0.,-1.,
0.),(0.,-1.,0.),(0.843400352183757,0.,0.537285627889221),(0.843395772891023,
0.,-0.537292816134325),(0.,-1.,0.),(0.,-1.,0.),(0.866028198274866,0.,-0.499995159769361),
(0.,-1.,0.),(0.843400352183757,0.,0.537285627889221),(0.843395426842697,
0.,-0.537293359330659),(0.,-1.,0.),(0.,-1.,0.),(0.866028198274866,0.,-0.499995159769361),
(0.819150546984369,0.,0.573578574717719),(0.,-1.,0.),(0.,-1.,0.),(0.819150188476474,
0.,-0.573579086716869),(0.819150188476474,0.,0.573579086716868),(0.,-1.,
0.),(0.,-1.,0.),(0.819145128183849,0.,0.573586313446081),(0.819150188476474,
0.,-0.573579086716869),(0.,-1.,0.),(0.,-1.,0.),(0.843400352183757,0.,-0.537285627889221),
(0.,-1.,0.),(0.819145128183849,0.,0.573586313446081),(0.819150546984369,
0.,-0.573578574717719),(0.,-1.,0.),(0.,-1.,0.),(0.843400352183757,0.,-0.537285627889221),
(-0.608761557342,0.,-0.79335324181763),(0.,1.,0.),(-0.608761557342,0.,-0.79335324181763),
(0.,-1.,0.),(0.,-1.,0.),(0.573578728452715,0.,0.819150439337346),(-0.608761557342,
0.,0.79335324181763),(0.,-1.,0.),(0.,-1.,0.),(0.608756806153882,0.,-0.793356887511115),
(0.,1.,0.),(0.608783151864719,0.,0.79333667128506),(-0.608761557342,0.,
0.79335324181763),(0.,1.,0.),(0.,1.,0.),(0.573568811581027,0.,-0.819157383157552),
(-0.025603821819289,0.,-0.99967216841735),(0.,1.,0.),(-0.025603821819289,
0.,-0.99967216841735),(0.,1.,0.),(0.,1.,0.),(-0.0256038218192896,0.,0.99967216841735),
(0.,1.,0.),(-0.0256038218192896,0.,0.99967216841735),(0.,1.,0.),(0.713270476898082,
0.,0.70088888333714),(0.,1.,0.),(0.742856488126197,0.,0.669450698743988),
(0.,1.,0.),(0.771041293547219,0.,0.636785147161138),(0.,1.,0.),(0.797781306427938,
0.,0.602946918985521),(0.,1.,0.),(0.823045191069894,0.,0.567975891615764),
(0.,1.,0.),(0.846773481427039,0.,0.531953636280393),(0.,1.,0.),(0.868938727476437,
0.,0.494919678222266),(0.,1.,0.),(0.889474129114305,0.,0.456985528913497),
(0.,1.,0.),(0.908353360828362,0.,0.418203505331818),(0.,1.,0.),(0.925557486223734,
0.,0.378607104654947),(0.,1.,0.),(0.941030514416483,0.,0.338321697408027),
(0.,1.,0.),(0.954730099252286,0.,0.29747342332),(0.,1.,0.),(0.966674717449037,
0.,0.256007794109524),(0.,1.,0.),(0.976818216329196,0.,0.214070484297692),
(0.,1.,0.),(0.985140596375798,0.,0.1717498336894),(0.,1.,0.),(0.991638589542952,
0.,0.129046145735798),(0.,1.,0.),(0.996282784440642,0.,0.0861429824605613),
(0.,1.,0.),(0.999070206088465,0.,0.0431129134523871),(0.,1.,0.),(0.999941798702491,
0.,0.0107888464456386),(0.793341836226318,0.,0.608776421104706),(0.,-1.,
0.),(0.,-1.,0.),(0.793342205030218,0.,-0.60877594048861),(0.793342205030218,
0.,0.60877594048861),(0.,-1.,0.),(0.,-1.,0.),(0.793348822966278,0.,0.608767316055996),
(0.793342205030218,0.,-0.60877594048861),(0.,-1.,0.),(0.,-1.,0.),(0.819145128183849,
0.,-0.573586313446081),(0.,-1.,0.),(0.793358918419202,0.,0.60875415938186),
(0.793341836226318,0.,-0.608776421104706),(0.,-1.,0.),(0.,-1.,0.),(0.819145128183849,
0.,-0.573586313446081),(0.0175111668093843,0.,-0.999846667763099),(0.,1.,
0.),(0.0175111668093843,0.,-0.999846667763099),(0.,1.,0.),(0.,1.,0.),(0.4226226886022,
0.,-0.906305722744068),(0.0175111668093843,0.,0.999846667763099),(0.,1.,
0.),(0.0175111668093843,0.,0.999846667763099),(0.,1.,0.),(0.766037714257208,
0.,0.642795628746487),(0.,-1.,0.),(0.,-1.,0.),(0.766044750230168,0.,-0.642787243685497),
(0.766044750230168,0.,0.642787243685497),(0.,-1.,0.),(0.,-1.,0.),(0.766047097139477,
0.,0.642784446734814),(0.766044750230168,0.,-0.642787243685497),(0.,-1.,
0.),(0.,-1.,0.),(0.793358918419478,0.,-0.608754159381499),(0.,-1.,0.),(0.766046527025149,
0.,0.642785126175697),(0.766037714257208,0.,-0.642795628746487),(0.,-1.,
0.),(0.,-1.,0.),(0.793348822966001,0.,-0.608767316056357),(0.0606716179620609,
0.,-0.998157780500591),(0.,1.,0.),(0.0606716179620609,0.,-0.998157780500591),
(0.,1.,0.),(0.,1.,0.),(0.0606716179620609,0.,0.998157780500591),(0.,1.,
0.),(0.0606716179620609,0.,0.998157780500591),(0.103702189500932,0.,-0.9946083932346),
(0.,1.,0.),(0.103702189500932,0.,-0.9946083932346),(0.,1.,0.),(0.,1.,0.),
(0.103702189500932,0.,0.9946083932346),(0.,1.,0.),(0.103702189500932,0.,
0.9946083932346),(-0.573566135178821,0.,-0.81915925715091),(0.,1.,0.),(-0.573566135178821,
0.,-0.81915925715091),(0.,-1.,0.),(0.,-1.,0.),(0.537300813005638,0.,0.843390678359372),
(-0.573566135178821,0.,0.81915925715091),(0.,-1.,0.),(0.,-1.,0.),(0.573578728452715,
0.,-0.819150439337346),(0.,1.,0.),(0.573568811581078,0.,0.819157383157516),
(-0.573566135178821,0.,0.81915925715091),(0.,1.,0.),(0.,1.,0.),(0.537297220232742,
0.,-0.843392967204593),(0.737287163884696,0.,0.675579483089045),(0.,-1.,
0.),(0.,-1.,0.),(0.737287163884696,0.,-0.675579483089045),(0.737287163884696,
0.,0.675579483089045),(0.,-1.,0.),(0.,-1.,0.),(0.737280978693706,0.,0.675586233175641),
(0.737287163884696,0.,-0.675579483089045),(0.,-1.,0.),(0.,-1.,0.),(0.766046527025149,
0.,-0.642785126175697),(0.,-1.,0.),(0.737269175712306,0.,0.675599113783091),
(0.737287163884696,0.,-0.675579483089045),(0.,-1.,0.),(0.,-1.,0.),(0.766047097139633,
0.,-0.642784446734627),(0.146414531432202,0.,-0.989223324121246),(0.,1.,
0.),(0.146414531432202,0.,-0.989223324121246),(0.,1.,0.),(0.,1.,0.),(0.146414531432202,
0.,0.989223324121246),(0.,1.,0.),(0.954730099252286,0.,-0.29747342332),
(0.,1.,0.),(0.966674717449037,0.,-0.256007794109524),(0.,1.,0.),(0.976818216329196,
0.,-0.214070484297692),(0.,1.,0.),(0.985140596375798,0.,-0.1717498336894),
(0.,1.,0.),(0.991638589542952,0.,-0.129046145735798),(0.,1.,0.),(0.996282784440642,
0.,-0.0861429824605613),(0.,1.,0.),(0.999070206088465,0.,-0.0431129134523871),
(0.146414531432202,0.,0.989223324121246),(0.,1.,0.),(0.,1.,0.),(0.188960257544307,
0.,-0.981984735659771),(0.,1.,0.),(0.188960257544307,0.,-0.981984735659771),
(0.188960257544307,0.,0.981984735659771),(0.,1.,0.),(0.188960257544307,
0.,0.981984735659771),(0.,1.,0.),(0.707097849113184,0.,0.707115713147083),
(0.,-1.,0.),(0.,-1.,0.),(0.707097849113349,0.,-0.707115713146919),(0.707097849113184,
0.,0.707115713147083),(0.,-1.,0.),(0.,-1.,0.),(0.707119736012102,0.,0.707093826123645),
(0.707097849113349,0.,-0.707115713146919),(0.,-1.,0.),(0.,-1.,0.),(0.737269175712306,
0.,-0.675599113783091),(0.,-1.,0.),(0.707119736012102,0.,0.707093826123645),
(0.707097849113349,0.,-0.707115713146919),(0.,-1.,0.),(0.,-1.,0.),(0.737280978693706,
0.,-0.675586233175641),(0.231228215292202,0.,-0.972899538725753),(0.,1.,
0.),(0.231228215292202,0.,-0.972899538725753),(0.,1.,0.),(0.,1.,0.),(0.382676941502283,
0.,-0.923882221087979),(0.231228215292202,0.,0.972899538725753),(0.,1.,
0.),(0.231228215292202,0.,0.972899538725753),(0.,1.,0.),(0.,1.,0.),(0.272922922350744,
0.,-0.962035902893198),(0.,1.,0.),(0.272922922350744,0.,-0.962035902893198),
(0.272922922350744,0.,0.962035902893198),(0.,1.,0.),(0.272922922350744,
0.,0.962035902893198),(0.,1.,0.),(0.675598056708513,0.,0.737270144364792),
(0.,-1.,0.),(0.,-1.,0.),(0.675598056708513,0.,-0.737270144364792),(0.675598056708513,
0.,0.737270144364792),(0.,-1.,0.),(0.,-1.,0.),(0.675572174248642,0.,0.737293860940781),
(0.675598056708513,0.,-0.737270144364792),(0.,-1.,0.),(0.,-1.,0.),(0.707119736012089,
0.,-0.707093826123658),(0.,-1.,0.),(0.675572174248642,0.,0.737293860940781),
(0.675598056708513,0.,-0.737270144364792),(0.,-1.,0.),(0.,-1.,0.),(0.707119736012089,
0.,-0.707093826123658),(-0.537306561486886,0.,-0.843387016133838),(0.,1.,
0.),(-0.537306561486886,0.,-0.843387016133838),(0.,-1.,0.),(0.,-1.,0.),
(0.461755035072624,0.,0.887007490151622),(0.,-1.,0.),(0.500008856174158,
0.,0.866020290609528),(-0.537306561486886,0.,0.843387016133838),(0.,-1.,
0.),(0.,-1.,0.),(0.500008856173617,0.,-0.86602029060984),(0.,-1.,0.),(0.537300813005602,
0.,-0.843390678359394),(0.,1.,0.),(0.499996027045978,0.,0.866027697558362),
(0.,1.,0.),(0.537297220232359,0.,0.843392967204837),(-0.537306561486886,
0.,0.843387016133838),(0.,1.,0.),(0.,1.,0.),(0.461729163702208,0.,-0.887020957693143),
(0.,1.,0.),(0.499996027045978,0.,-0.866027697558362),(0.314157789367665,
0.,-0.949370782876544),(0.,1.,0.),(0.314157789367665,0.,-0.949370782876544),
(0.,1.,0.),(0.,1.,0.),(0.314157789367665,0.,0.949370782876544),(0.,1.,0.),
(0.314157789367665,0.,0.949370782876544),(0.642786939828187,0.,0.766045005196375),
(0.,-1.,0.),(0.,-1.,0.),(0.642786939828187,0.,-0.766045005196375),(0.642786939828187,
0.,0.766045005196375),(0.,-1.,0.),(0.,-1.,0.),(0.642787462820778,0.,0.766044566353961),
(0.642786939828187,0.,-0.766045005196375),(0.,-1.,0.),(0.,-1.,0.),(0.675572174248931,
0.,-0.737293860940515),(0.,-1.,0.),(0.642787462820778,0.,0.766044566353961),
(0.642786939828187,0.,-0.766045005196375),(0.,-1.,0.),(0.,-1.,0.),(0.675572174248931,
0.,-0.737293860940515),(0.354831973274821,0.,-0.934930088692142),(0.,1.,
0.),(0.354831973274821,0.,-0.934930088692142),(0.,1.,0.),(0.,1.,0.),(0.342027302340659,
0.,-0.939690015086662),(0.354831973274821,0.,0.934930088692142),(0.,1.,
0.),(0.354831973274821,0.,0.934930088692142),(0.,1.,0.),(0.,1.,0.),(0.394800109418991,
0.,-0.918767039897902),(0.,1.,0.),(0.394800109418991,0.,-0.918767039897902),
(0.394800109418991,0.,0.918767039897902),(0.,1.,0.),(0.394800109418991,
0.,0.918767039897902),(0.,1.,0.),(0.608756806154088,0.,0.793356887510957),
(0.,-1.,0.),(0.,-1.,0.),(0.608756806153882,0.,-0.793356887511115),(0.608756806154088,
0.,0.793356887510957),(0.,-1.,0.),(0.,-1.,0.),(0.608783151864719,0.,0.79333667128506),
(0.608756806153882,0.,-0.793356887511115),(0.,-1.,0.),(0.,-1.,0.),(0.642787462820821,
0.,-0.766044566353925),(0.,-1.,0.),(0.608783151864719,0.,0.79333667128506),
(0.608756806153882,0.,-0.793356887511115),(0.,-1.,0.),(0.,-1.,0.),(0.642787462820821,
0.,-0.766044566353925),(0.434076194241778,0.,-0.900876161074636),(0.,1.,
0.),(0.434076194241778,0.,-0.900876161074636),(0.,1.,0.),(0.,1.,0.),(0.434076194241778,
0.,0.900876161074636),(0.,1.,0.),(0.434076194241778,0.,0.900876161074636),
(-0.499997313881325,0.,-0.866026954610224),(0.,1.,0.),(-0.499997313881325,
0.,-0.866026954610224),(0.,-1.,0.),(0.,-1.,0.),(0.42261546781155,0.,0.906309089861966),
(-0.499997313881325,0.,0.866026954610224),(0.,-1.,0.),(0.,-1.,0.),(0.461755035072624,
0.,-0.887007490151622),(0.,1.,0.),(0.461729163702208,0.,0.887020957693143),
(-0.499997313881325,0.,0.866026954610224),(0.,1.,0.),(0.,1.,0.),(0.422623131149222,
0.,-0.906305516378239),(0.472556716785775,0.,-0.881300260649371),(0.,1.,
0.),(0.472556716785775,0.,-0.881300260649371),(0.,1.,0.),(0.,1.,0.),(0.300683506605637,
0.,-0.953723979385723),(0.472556716785775,0.,0.881300260649371),(0.,1.,
0.),(0.472556716785775,0.,0.881300260649371),(0.,1.,0.),(0.,1.,0.),(0.510098996126401,
0.,-0.86011569811906),(0.,1.,0.),(0.510098996126401,0.,-0.86011569811906),
(0.510098996126401,0.,0.86011569811906),(0.,1.,0.),(0.510098996126401,0.,
0.86011569811906),(0.,1.,0.),(0.573578728452715,0.,0.819150439337346),(0.,
-1.,0.),(0.,-1.,0.),(0.573578728452715,0.,-0.819150439337346),(0.,-1.,0.),
(0.737286468122819,0.,0.675580242401285),(0.,-1.,0.),(0.819150439337674,
0.,0.573578728452246),(0.,-1.,0.),(0.793350224557271,0.,0.608765489490762),
(0.,-1.,0.),(0.766045381072953,0.,0.642786491874864),(0.573578728452715,
0.,0.819150439337346),(0.,-1.,0.),(0.,-1.,0.),(0.573568811581078,0.,0.819157383157516),
(0.573578728452715,0.,-0.819150439337346),(0.,-1.,0.),(0.,-1.,0.),(0.608783151865021,
0.,-0.793336671284827),(0.,-1.,0.),(0.573568811581078,0.,0.819157383157516),
(0.573578728452715,0.,-0.819150439337346),(0.,-1.,0.),(0.,-1.,0.),(0.608783151865021,
0.,-0.793336671284827),(0.546704726481135,0.,-0.837325469601389),(0.,1.,
0.),(0.546704726481135,0.,-0.837325469601389),(0.,1.,0.),(0.,1.,0.),(0.546704726481135,
0.,0.837325469601389),(0.,1.,0.),(0.546704726481135,0.,0.837325469601389),
(0.,1.,0.),(0.582337551789508,0.,0.81294709285156),(0.,1.,0.),(0.616839220071865,
0.,0.787089179560444),(0.,1.,0.),(0.650237433695683,0.,0.759731057559747),
(0.,1.,0.),(0.68241259871067,0.,0.730967198389195),(0.582337551789508,0.,
-0.81294709285156),(0.,1.,0.),(0.582337551789508,0.,-0.81294709285156),
(0.,1.,0.),(0.,1.,0.),(0.582337551789508,0.,0.81294709285156),(0.537300813005638,
0.,0.843390678359372),(0.,-1.,0.),(0.,-1.,0.),(0.537300813005602,0.,-0.843390678359394),
(0.,-1.,0.),(0.707098613691335,0.,0.707114948587422),(0.537300813005638,
0.,0.843390678359372),(0.,-1.,0.),(0.,-1.,0.),(0.537297220232359,0.,0.843392967204837),
(0.537300813005602,0.,-0.843390678359394),(0.,-1.,0.),(0.,-1.,0.),(0.573568811581027,
0.,-0.819157383157552),(0.,-1.,0.),(0.537297220232359,0.,0.843392967204837),
(0.537300813005602,0.,-0.843390678359394),(0.,-1.,0.),(0.,-1.,0.),(0.573568811581027,
0.,-0.819157383157552),(0.616839220071865,0.,-0.787089179560444),(0.,1.,
0.),(0.616839220071865,0.,-0.787089179560444),(0.,1.,0.),(0.,1.,0.),(0.258825011191352,
0.,-0.965924227660636),(0.616839220071865,0.,0.787089179560444),(0.,1.,
0.),(0.,1.,0.),(-0.461740674872956,0.,-0.887014965582807),(-0.461740674872956,
0.,-0.887014965582807),(0.,-1.,0.),(0.,-1.,0.),(0.342031202704885,0.,0.939688595427363),
(0.,-1.,0.),(0.382665848233284,0.,0.923886815901115),(-0.461740674872956,
0.,0.887014965582807),(0.,-1.,0.),(0.,-1.,0.),(0.382665848233284,0.,-0.923886815901115),
(0.,-1.,0.),(0.42261546781155,0.,-0.906309089861966),(0.,1.,0.),(0.382699346804275,
0.,0.923872940374152),(0.,1.,0.),(0.422623131149222,0.,0.906305516378239),
(-0.461740674872956,0.,0.887014965582807),(0.,1.,0.),(0.,1.,0.),(0.342027302340659,
0.,-0.939690015086662),(0.,1.,0.),(0.382699346804275,0.,-0.923872940374152),
(0.650237433695683,0.,-0.759731057559747),(0.,1.,0.),(0.650237433695683,
0.,-0.759731057559747),(0.,1.,0.),(0.,1.,0.),(0.650237433695683,0.,0.759731057559747),
(0.68241259871067,0.,-0.730967198389196),(0.,1.,0.),(0.68241259871067,0.,
-0.730967198389196),(0.,1.,0.),(0.,1.,0.),(0.68241259871067,0.,0.730967198389195),
(0.500008856174158,0.,0.866020290609528),(0.,-1.,0.),(0.,-1.,0.),(0.500008856173617,
0.,-0.86602029060984),(0.500008856174158,0.,0.866020290609528),(0.,-1.,
0.),(0.,-1.,0.),(0.499996027045978,0.,0.866027697558362),(0.500008856173617,
0.,-0.86602029060984),(0.,-1.,0.),(0.,-1.,0.),(0.537297220232742,0.,-0.843392967204593),
(0.,-1.,0.),(0.499996027045978,0.,0.866027697558362),(0.500008856173617,
0.,-0.86602029060984),(0.,-1.,0.),(0.,-1.,0.),(0.537297220232742,0.,-0.843392967204593),
(0.713270476898082,0.,-0.70088888333714),(0.,1.,0.),(0.713270476898082,
0.,-0.70088888333714),(0.,1.,0.),(0.,1.,0.),(0.713270476898082,0.,0.70088888333714),
(0.,1.,0.),(0.823045191069894,0.,-0.567975891615764),(0.,1.,0.),(0.846773481427039,
0.,-0.531953636280393),(0.,1.,0.),(0.868938727476437,0.,-0.494919678222266),
(0.,1.,0.),(0.889474129114305,0.,-0.456985528913497),(0.,1.,0.),(0.908353360828362,
0.,-0.418203505331818),(0.,1.,0.),(0.925557486223734,0.,-0.378607104654947),
(0.,1.,0.),(0.941030514416483,0.,-0.338321697408027),(0.742856488126197,
0.,-0.669450698743988),(0.,1.,0.),(0.742856488126197,0.,-0.669450698743988),
(0.,1.,0.),(0.,1.,0.),(0.742856488126197,0.,0.669450698743988),(0.771041293547219,
0.,-0.636785147161138),(0.,1.,0.),(0.771041293547219,0.,-0.636785147161138),
(0.,1.,0.),(0.,1.,0.),(0.771041293547219,0.,0.636785147161138),(0.,1.,0.),
(0.797781306427938,0.,-0.602946918985521),(0.461755035072624,0.,0.887007490151622),
(0.,-1.,0.),(0.,-1.,0.),(0.461741123661395,0.,-0.887014731963293),(0.461741123661395,
0.,0.887014731963293),(0.,-1.,0.),(0.,-1.,0.),(0.461729163702208,0.,0.887020957693143),
(0.461741123661395,0.,-0.887014731963293),(0.,-1.,0.),(0.,-1.,0.),(0.499996027045978,
0.,-0.866027697558362),(0.,-1.,0.),(0.461750241920171,0.,0.887009985336503),
(0.461755035072624,0.,-0.887007490151622),(0.,-1.,0.),(0.,-1.,0.),(0.499996027045978,
0.,-0.866027697558362),(0.797781306427938,0.,-0.602946918985521),(0.,1.,
0.),(0.,1.,0.),(0.216463686648813,0.,-0.976290670017083),(0.797781306427938,
0.,0.602946918985521),(0.,1.,0.),(0.,1.,0.),(-0.422625133439054,0.,-0.906304582679367),
(-0.422625133439054,0.,-0.906304582679367),(0.,-1.,0.),(0.,-1.,0.),(0.300716796383731,
0.,0.953713483375749),(-0.422625133439054,0.,0.906304582679367),(0.,-1.,
0.),(0.,-1.,0.),(0.342031202704529,0.,-0.939688595427492),(0.,1.,0.),(0.342027302340668,
0.,0.939690015086659),(-0.422625133439054,0.,0.906304582679367),(0.,1.,
0.),(0.,1.,0.),(0.300683506605637,0.,-0.953723979385723),(0.823045191069894,
0.,-0.567975891615764),(0.,1.,0.),(0.,1.,0.),(0.823045191069894,0.,0.567975891615764),
(0.846773481427039,0.,-0.531953636280393),(0.,1.,0.),(0.,1.,0.),(0.846773481427039,
0.,0.531953636280393),(0.42261546781155,0.,0.906309089861966),(0.,-1.,0.),
(0.,-1.,0.),(0.422615759912856,0.,-0.906308953653929),(0.422615759912856,
0.,0.906308953653929),(0.,-1.,0.),(0.,-1.,0.),(0.422623131149222,0.,0.906305516378239),
(0.422615759912856,0.,-0.906308953653929),(0.,-1.,0.),(0.,-1.,0.),(0.461750241920171,
0.,-0.887009985336503),(0.,-1.,0.),(0.4226226886022,0.,0.906305722744068),
(0.42261546781155,0.,-0.906309089861966),(0.,-1.,0.),(0.,-1.,0.),(0.461729163702208,
0.,-0.887020957693143),(0.868938727476437,0.,-0.494919678222266),(0.,1.,
0.),(0.,1.,0.),(0.868938727476437,0.,0.494919678222266),(0.889474129114305,
0.,-0.456985528913497),(0.,1.,0.),(0.,1.,0.),(0.889474129114305,0.,0.456985528913497),
(0.908353360828362,0.,-0.418203505331818),(0.,1.,0.),(0.,1.,0.),(0.908353360828362,
0.,0.418203505331818),(0.925557486223734,0.,-0.378607104654947),(0.,1.,
0.),(0.,1.,0.),(0.925557486223734,0.,0.378607104654947),(0.941030514416483,
0.,-0.338321697408027),(0.,1.,0.),(0.,1.,0.),(0.,0.,-0.999999999999832),
(0.,1.,0.),(0.173615067521673,0.,-0.984813590650253),(0.,1.,0.),(0.130516612747917,
0.,-0.991446122488161),(0.,1.,0.),(0.0871608835166724,0.,-0.996194248319369),
(0.,1.,0.),(0.0436477593095136,0.,-0.999046982432387),(0.941030514416483,
0.,0.338321697408027),(0.,1.,0.),(0.,1.,0.),(0.954730099252286,0.,-0.29747342332),
(0.954730099252286,0.,0.29747342332),(0.,1.,0.),(0.382665848233284,0.,0.923886815901115),
(0.,-1.,0.),(0.,-1.,0.),(0.382680635700799,0.,-0.923880690922606),(0.382680635700799,
0.,0.923880690922606),(0.,-1.,0.),(0.,-1.,0.),(0.382699346804275,0.,0.923872940374152),
(0.382680635700799,0.,-0.923880690922606),(0.,-1.,0.),(0.,-1.,0.),(0.4226226886022,
0.,-0.906305722744068),(0.,-1.,0.),(0.382676941502283,0.,0.923882221087979),
(0.382665848233284,0.,-0.923886815901115),(0.,-1.,0.),(0.,-1.,0.),(0.422623131149222,
0.,-0.906305516378239),(0.966674717449037,0.,-0.256007794109524),(0.,1.,
0.),(0.,1.,0.),(0.966674717449037,0.,0.256007794109524),(0.976818216329196,
0.,-0.214070484297692),(0.,1.,0.),(0.,1.,0.),(0.976818216329196,0.,0.214070484297692),
(-0.382684502488127,0.,-0.923879089251085),(0.,1.,0.),(-0.382684502488127,
0.,-0.923879089251085),(0.,-1.,0.),(0.,-1.,0.),(0.258815042644375,0.,0.965926898735608),
(-0.382684502488127,0.,0.923879089251085),(0.,-1.,0.),(0.,-1.,0.),(0.300716796383731,
0.,-0.953713483375749),(0.,1.,0.),(0.300683506605652,0.,0.953723979385718),
(-0.382684502488127,0.,0.923879089251085),(0.,1.,0.),(0.,1.,0.),(0.258825011191352,
0.,-0.965924227660636),(0.985140596375798,0.,-0.1717498336894),(0.,1.,0.),
(0.,1.,0.),(0.985140596375798,0.,0.1717498336894),(0.991638589542952,0.,
-0.129046145735798),(0.,1.,0.),(0.,1.,0.),(0.991638589542952,0.,0.129046145735798),
(0.,1.,0.),(0.843412522124425,0.,-0.537266523732603),(0.996282784440642,
0.,-0.0861429824605613),(0.,1.,0.),(0.,1.,0.),(0.996282784440642,0.,0.0861429824605613),
(0.573568811581078,0.,0.819157383157516),(0.,1.,0.),(0.,1.,0.),(0.819145128183849,
0.,-0.573586313446081),(0.999070206088465,0.,-0.0431129134523871),(0.,1.,
0.),(0.,1.,0.),(0.999070206088465,0.,0.0431129134523871),(0.999941798702491,
0.,-0.0107888464456386),(0.,1.,0.),(0.,1.,0.),(0.999941798702491,0.,0.0107888464456386),
(0.342031202704885,0.,0.939688595427363),(0.,-1.,0.),(0.,-1.,0.),(0.342031202704529,
0.,-0.939688595427492),(0.342031202704885,0.,0.939688595427363),(0.,-1.,
0.),(0.,-1.,0.),(0.342027302340668,0.,0.939690015086659),(0.342031202704529,
0.,-0.939688595427492),(0.,-1.,0.),(0.,-1.,0.),(0.382676941502283,0.,-0.923882221087979),
(0.,-1.,0.),(0.342027302340668,0.,0.939690015086659),(0.342031202704529,
0.,-0.939688595427492),(0.,-1.,0.),(0.,-1.,0.),(0.382699346804275,0.,-0.923872940374152),
(0.537297220232359,0.,0.843392967204837),(0.,1.,0.),(0.,1.,0.),(0.499996027045978,
0.,0.866027697558362),(0.300716796383731,0.,0.953713483375749),(0.,-1.,
0.),(0.,-1.,0.),(0.300716796383731,0.,-0.953713483375749),(0.300716796383731,
0.,0.953713483375749),(0.,-1.,0.),(0.,-1.,0.),(0.300683506605652,0.,0.953723979385718),
(0.300716796383731,0.,-0.953713483375749),(0.,-1.,0.),(0.,-1.,0.),(0.342027302340659,
0.,-0.939690015086662),(0.,-1.,0.),(0.300683506605652,0.,0.953723979385718),
(0.300716796383731,0.,-0.953713483375749),(0.,-1.,0.),(0.,-1.,0.),(0.342027302340659,
0.,-0.939690015086662),(-0.342017908484464,0.,-0.939693434198576),(0.,1.,
0.),(0.,-1.,0.),(0.216434453421795,0.,0.976297151164546),(-0.342017908484464,
0.,-0.939693434198576),(0.,-1.,0.),(0.,-1.,0.),(0.173629794372203,0.,0.984810994306149),
(-0.342017908484464,0.,0.939693434198576),(0.,-1.,0.),(0.,-1.,0.),(0.258815042643664,
0.,-0.965926898735799),(0.,-1.,0.),(0.216434453422136,0.,-0.976297151164471),
(0.,1.,0.),(0.216463686648311,0.,0.976290670017194),(0.,1.,0.),(0.258825011190831,
0.,0.965924227660776),(-0.342017908484464,0.,0.939693434198576),(0.,1.,
0.),(0.,1.,0.),(0.173615067521673,0.,-0.984813590650253),(0.,1.,0.),(0.216463686648813,
0.,-0.976290670017083),(0.461750241920171,0.,0.887009985336503),(0.,1.,
0.),(0.,1.,0.),(0.4226226886022,0.,0.906305722744068),(0.258815042644375,
0.,0.965926898735608),(0.,-1.,0.),(0.,-1.,0.),(0.258815042643664,0.,-0.965926898735799),
(0.258815042644375,0.,0.965926898735608),(0.,-1.,0.),(0.,-1.,0.),(0.258825011190831,
0.,0.965924227660776),(0.258815042643664,0.,-0.965926898735799),(0.,-1.,
0.),(0.,-1.,0.),(0.300683506605637,0.,-0.953723979385723),(0.,-1.,0.),(0.258825011190831,
0.,0.965924227660776),(0.258815042643664,0.,-0.965926898735799),(0.,-1.,
0.),(0.,-1.,0.),(0.300683506605637,0.,-0.953723979385723),(0.382676941502283,
0.,0.923882221087979),(0.,1.,0.),(0.216434453421795,0.,0.976297151164546),
(0.,-1.,0.),(0.,-1.,0.),(0.216434453422136,0.,-0.976297151164471),(0.216434453421795,
0.,0.976297151164546),(0.,-1.,0.),(0.,-1.,0.),(0.216463686648311,0.,0.976290670017194),
(0.216434453422136,0.,-0.976297151164471),(0.,-1.,0.),(0.,-1.,0.),(0.258825011191352,
0.,-0.965924227660636),(0.,-1.,0.),(0.216463686648311,0.,0.976290670017194),
(0.216434453422136,0.,-0.976297151164471),(0.,-1.,0.),(0.,-1.,0.),(0.258825011191352,
0.,-0.965924227660636),(-0.300708779458947,0.,-0.953716011167009),(0.,1.,
0.),(-0.300708779458947,0.,-0.953716011167009),(0.,-1.,0.),(0.,-1.,0.),
(0.130533013715129,0.,0.991443963283072),(-0.300708779458947,0.,0.953716011167009),
(0.,-1.,0.),(0.,-1.,0.),(0.173629794371423,0.,-0.984810994306287),(0.,1.,
0.),(0.173615067522083,0.,0.984813590650181),(-0.300708779458947,0.,0.953716011167009),
(0.,1.,0.),(0.,1.,0.),(0.130516612747917,0.,-0.991446122488161),(0.342027302340668,
0.,0.939690015086659),(0.,1.,0.),(0.,1.,0.),(0.300683506605652,0.,0.953723979385718),
(0.173629794372203,0.,0.984810994306149),(0.,-1.,0.),(0.,-1.,0.),(0.173629794371423,
0.,-0.984810994306287),(0.173629794372203,0.,0.984810994306149),(0.,-1.,
0.),(0.,-1.,0.),(0.173615067522083,0.,0.984813590650181),(0.173629794371423,
0.,-0.984810994306287),(0.,-1.,0.),(0.,-1.,0.),(0.216463686648813,0.,-0.976290670017083),
(0.,-1.,0.),(0.173615067522083,0.,0.984813590650181),(0.173629794371423,
0.,-0.984810994306287),(0.,-1.,0.),(0.,-1.,0.),(0.216463686648813,0.,-0.976290670017083),
(0.258825011190831,0.,0.965924227660776),(0.,1.,0.),(0.,1.,0.),(-0.258817855414781,
0.,-0.965926145064152),(0.,-1.,0.),(0.0871745976174944,0.,0.996193048324585),
(-0.258817855414781,0.,-0.965926145064152),(0.,-1.,0.),(0.,-1.,0.),(-0.258817855414781,
0.,0.965926145064152),(0.,-1.,0.),(0.130533013714857,0.,-0.991443963283108),
(0.,1.,0.),(0.130516612747917,0.,0.991446122488161),(-0.258817855414781,
0.,0.965926145064152),(0.,1.,0.),(0.,1.,0.),(0.08718722120615,0.,-0.996191943582335),
(0.130533013715129,0.,0.991443963283072),(0.,-1.,0.),(0.,-1.,0.),(0.130533013714857,
0.,-0.991443963283108),(0.130533013715129,0.,0.991443963283072),(0.,-1.,
0.),(0.,-1.,0.),(0.130516612747917,0.,0.991446122488161),(0.,-1.,0.),(0.173615067521673,
0.,-0.984813590650253),(0.130533013714857,0.,-0.991443963283108),(0.,-1.,
0.),(0.,-1.,0.),(0.130516612747917,0.,0.991446122488161),(0.,-1.,0.),(0.173615067521673,
0.,-0.984813590650253),(0.130533013714857,0.,-0.991443963283108),(0.,-1.,
0.),(0.216463686648311,0.,0.976290670017194),(0.,1.,0.),(0.,1.,0.),(0.173615067522083,
0.,0.984813590650181),(0.0871745976174944,0.,0.996193048324585),(0.,-1.,
0.),(0.,-1.,0.),(0.0871745976174944,0.,-0.996193048324585),(0.0871745976174944,
0.,0.996193048324585),(0.,-1.,0.),(0.,-1.,0.),(0.0871745976174944,0.,-0.996193048324585),
(0.,-1.,0.),(0.0871872212061499,0.,0.996191943582335),(0.,-1.,0.),(0.130516612747917,
0.,-0.991446122488161),(0.0871745976174944,0.,-0.996193048324585),(0.,-1.,
0.),(0.,-1.,0.),(0.087160883516708,0.,0.996194248319366),(0.,-1.,0.),(0.130516612747917,
0.,-0.991446122488161),(0.0871745976174944,0.,-0.996193048324585),(0.,-1.,
0.),(0.130516612747917,0.,0.991446122488161),(0.,1.,0.),(0.,1.,0.),(-0.216447705743706,
0.,-0.976294213174638),(0.,-1.,0.),(0.0436218940497244,0.,0.999048112134503),
(0.,-1.,0.),(0.,0.,0.999999999999927),(-0.216447705743706,0.,-0.976294213174638),
(0.,-1.,0.),(0.,-1.,0.),(-0.216447705743706,0.,0.976294213174638),(0.,-1.,
0.),(0.0436218940497244,0.,-0.999048112134503),(0.,1.,0.),(0.0871872212061499,
0.,0.996191943582335),(0.,1.,0.),(0.0436212455902961,0.,0.999048140448272),
(0.,1.,0.),(0.0436212455902965,0.,-0.999048140448272),(0.,1.,0.),(0.,0.,
-0.999999999999833),(-0.216447705743706,0.,0.976294213174638),(0.,1.,0.),
(0.0436218940497244,0.,0.999048112134503),(0.,-1.,0.),(0.,-1.,0.),(0.0436218940497244,
0.,-0.999048112134503),(0.0436218940497244,0.,0.999048112134503),(0.,-1.,
0.),(0.,-1.,0.),(0.0436212455902961,0.,0.999048140448272),(0.,-1.,0.),(0.0871608835166724,
0.,-0.996194248319369),(0.,-1.,0.),(0.0436218940497244,0.,-0.999048112134503),
(0.,-1.,0.),(0.0436477593095366,0.,0.999046982432386),(0.,-1.,0.),(0.08718722120615,
0.,-0.996191943582335),(0.,-1.,0.),(0.0436218940497244,0.,-0.999048112134503),
(0.087160883516708,0.,0.996194248319366),(0.,1.,0.),(0.0436477593095136,
0.,-0.999046982432387),(0.,-1.,0.),(0.0436477593095366,0.,0.999046982432386),
(0.,1.,0.),(0.0436212455902965,0.,-0.999048140448272),(0.,-1.,0.),(0.,-1.,
0.),(0.,0.,0.999999999999927),(0.,0.,-0.999999999999927),(0.,-1.,0.),(0.,
-1.,0.),(0.,0.,0.999999999999927),(0.,0.,-0.999999999999927),(0.,-1.,0.),
(0.,-1.,0.),(0.,0.,0.999999999999833),(0.,-1.,0.),(0.,0.,-0.999999999999927),
(0.,-1.,0.),(0.,0.,0.999999999999832),(0.,-1.,0.),(0.,0.,-0.999999999999927),
(0.,0.,0.999999999999833),(0.,1.,0.),(0.,0.,-0.999999999999832),(0.,-1.,
0.),(0.,0.,0.999999999999832),(0.,1.,0.),(0.,0.,-0.999999999999833),(0.,
-1.,0.),(-0.173644111155449,0.,-0.984808470039243),(0.,1.,0.),(0.,-1.,0.),
(-0.0436222753017614,0.,0.999048095487649),(0.,-1.,0.),(-0.173644111155449,
0.,-0.984808470039243),(-0.173644111155449,0.,0.984808470039243),(0.,-1.,
0.),(0.,1.,0.),(-0.0436200899371676,0.,-0.999048190906662),(0.,1.,0.),(-0.173644111155449,
0.,0.984808470039243),(-0.0436222753017614,0.,0.999048095487649),(0.,-1.,
0.),(0.,-1.,0.),(-0.0436222753017446,0.,-0.999048095487649),(-0.0436222753017614,
0.,0.999048095487649),(0.,-1.,0.),(0.,-1.,0.),(-0.0436222753017446,0.,-0.999048095487649),
(0.,-1.,0.),(-0.0436200899371676,0.,0.999048190906662),(-0.0436200899371676,
0.,0.999048190906662),(0.,1.,0.),(0.,-1.,0.),(-0.0436222753017446,0.,-0.999048095487649),
(-0.0436466078510226,0.,-0.999047032738249),(0.,-1.,0.),(0.,-1.,0.),(-0.0436466078510226,
0.,0.999047032738249),(-0.0436466078510226,0.,0.999047032738249),(0.,1.,
0.),(0.,-1.,0.),(-0.0436222753017446,0.,-0.999048095487649),(-0.0436200899371676,
0.,-0.999048190906662),(0.,-1.,0.),(-0.0436466078510226,0.,-0.999047032738249),
(0.,1.,0.),(0.,1.,0.),(0.965913805799151,0.,-0.258863902015324),(0.,1.,
0.),(0.953729521852471,0.,-0.300665926149036),(0.,1.,0.),(0.939710089259444,
0.,-0.341972145275032),(0.,1.,0.),(0.923859574640793,0.,-0.382731611373472),
(0.,1.,0.),(0.906295708855748,0.,-0.422644162516955),(0.,1.,0.),(0.887009758629395,
0.,-0.461750677418261),(0.,1.,0.),(0.866027909694474,0.,-0.49999565961138),
(-0.0871883680913232,0.,0.996191843205701),(0.,1.,0.),(0.,-1.,0.),(-0.0871883680913232,
0.,0.996191843205701),(-0.0871620317910921,0.,-0.996194147851737),(0.,-1.,
0.),(0.,-1.,0.),(-0.087174597617491,0.,-0.996193048324585),(-0.0871620317910921,
0.,0.996194147851737),(0.,1.,0.),(0.,-1.,0.),(-0.0871620317910921,0.,0.996194147851737),
(-0.0871883680913232,0.,-0.996191843205701),(0.,-1.,0.),(0.,-1.,0.),(-0.087174597617491,
0.,-0.996193048324585),(0.,1.,0.),(-0.130525113070122,0.,-0.991445003445996),
(-0.0871620317910921,0.,-0.996194147851737),(0.,1.,0.),(0.,1.,0.),(-0.0871883680913232,
0.,-0.996191843205701),(-0.087174597617491,0.,0.996193048324585),(0.,-1.,
0.),(-0.087174597617491,0.,0.996193048324585),(0.,-1.,0.),(0.,-1.,0.),(-0.087174597617491,
0.,-0.996193048324585),(0.,-1.,0.),(0.996194823335196,0.,0.087154311196627),
(0.,-1.,0.),(0.99904813024288,0.,0.0436214793216041),(0.,-1.,0.),(0.99999999999971,
0.,0.),(0.,-1.,0.),(0.999048113572359,0.,-0.0436218611192861),(0.,-1.,0.),
(0.300721463189148,0.,0.95371201186594),(0.,-1.,0.),(0.675588728391692,
0.,0.737278692266429),(0.,-1.,0.),(0.642795772645324,0.,0.766037593509157),
(0.,-1.,0.),(0.608748602543733,0.,0.793363182219249),(0.,-1.,0.),(0.57357821611122,
0.,0.81915079808462),(0.,-1.,0.),(0.537301355305638,0.,0.843390332874835),
(0.,-1.,0.),(0.500008283708283,0.,0.866020621130408),(0.,-1.,0.),(0.461741724063167,
0.,0.887014419420099),(0.,-1.,0.),(0.422615133550403,0.,0.906309245729169),
(0.,-1.,0.),(0.382681287325175,0.,0.923880421012994),(0.,-1.,0.),(0.342025247377479,
0.,0.939690763047277),(-0.087174597617491,0.,0.996193048324585),(0.,-1.,
0.),(0.,-1.,0.),(-0.087174597617491,0.,-0.996193048324585),(0.,-1.,0.),
(-0.130525113070122,0.,0.991445003445996),(0.,-1.,0.),(0.843395552654486,
0.,0.537293161842428),(0.,-1.,0.),(-0.0871618772828072,0.,0.996194161370431),
(0.,-1.,0.),(-0.0436176063757544,0.,0.999048299339952),(0.,-1.,0.),(-0.0109117794125823,
0.,0.999940464762803),(0.,-1.,0.),(0.996194557738736,0.,0.0871573469750223),
(0.,-1.,0.),(0.99144815366891,0.,0.130501182318437),(0.,-1.,0.),(0.984810532497385,
0.,0.173632413685395),(0.,-1.,0.),(0.976295274107387,0.,0.216442920317534),
(0.,-1.,0.),(0.965919042163195,0.,0.258844362477792),(0.,-1.,0.),(0.953716922107953,
0.,0.300705890339602),(0.,-1.,0.),(0.939699921985363,0.,0.342000082778793),
(0.,-1.,0.),(0.923871870428726,0.,0.382701929744974),(0.,-1.,0.),(0.906295853096702,
0.,0.422643853214171),(0.,-1.,0.),(0.88701425704418,0.,0.461742035990185),
(0.,-1.,0.),(0.866028286874113,0.,0.499995006308951),(-0.130519473154928,
0.,0.991445745932353),(0.,1.,0.),(-0.130519473154928,0.,0.991445745932353),
(0.,-1.,0.),(0.,-1.,0.),(-0.130519473154927,0.,-0.991445745932353),(0.,
-1.,0.),(-0.130533013714897,0.,-0.991443963283103),(-0.130519473154928,
0.,0.991445745932353),(0.,1.,0.),(-0.130519473154928,0.,0.991445745932353),
(0.,-1.,0.),(0.,-1.,0.),(-0.130519473154927,0.,-0.991445745932353),(0.,
-1.,0.),(-0.130533013714897,0.,-0.991443963283103),(0.,1.,0.),(-0.0871618772827981,
0.,-0.996194161370432),(-0.130519473154927,0.,-0.991445745932353),(0.,1.,
0.),(0.,1.,0.),(-0.130525113070122,0.,0.991445003445996),(-0.130519473154927,
0.,-0.991445745932353),(0.,1.,0.),(0.,-1.,0.),(-0.130525113070122,0.,-0.991445003445996),
(-0.173609977722892,0.,0.984814487929101),(0.,1.,0.),(0.,-1.,0.),(-0.130533013714897,
0.,0.991443963283103),(-0.173609977722892,0.,0.984814487929101),(0.,-1.,
0.),(0.,-1.,0.),(-0.173609977723284,0.,-0.984814487929032),(0.,-1.,0.),
(-0.173629794371422,0.,-0.984810994306287),(-0.173609977722892,0.,0.984814487929101),
(0.,1.,0.),(0.,-1.,0.),(-0.130533013714897,0.,0.991443963283103),(-0.173609977722892,
0.,0.984814487929101),(0.,-1.,0.),(0.,-1.,0.),(-0.173609977723284,0.,-0.984814487929032),
(0.,-1.,0.),(-0.173629794371422,0.,-0.984810994306287),(-0.173609977723284,
0.,-0.984814487929032),(0.,1.,0.),(0.,1.,0.),(-0.173609977723284,0.,-0.984814487929032),
(0.,1.,0.),(-0.0871618772828072,0.,0.996194161370431),(-0.130533013714897,
0.,0.991443963283103),(0.,-1.,0.),(0.,-1.,0.),(-0.130533013714897,0.,-0.991443963283103),
(0.,-1.,0.),(0.991448054916025,0.,0.130501932565118),(-0.130533013714897,
0.,-0.991443963283103),(0.,-1.,0.),(-0.216464791026137,0.,0.9762904251533),
(0.,1.,0.),(0.,-1.,0.),(-0.173629794372201,0.,0.98481099430615),(-0.216464791026137,
0.,0.9762904251533),(0.,-1.,0.),(0.,-1.,0.),(-0.216464791026071,0.,-0.976290425153314),
(0.,-1.,0.),(-0.216434453422045,0.,-0.976297151164491),(-0.216464791026137,
0.,0.9762904251533),(0.,1.,0.),(0.,-1.,0.),(-0.173629794372201,0.,0.98481099430615),
(-0.216464791026137,0.,0.9762904251533),(0.,-1.,0.),(0.,-1.,0.),(-0.216464791026071,
0.,-0.976290425153314),(0.,-1.,0.),(-0.216434453422045,0.,-0.976297151164491),
(0.,1.,0.),(-0.043617606375755,0.,-0.999048299339952),(-0.216464791026071,
0.,-0.976290425153314),(0.,1.,0.),(-0.216464791026071,0.,-0.976290425153314),
(0.,1.,0.),(0.,-1.,0.),(-0.0871618772827981,0.,-0.996194161370432),(-0.173629794372201,
0.,0.98481099430615),(0.,-1.,0.),(0.,-1.,0.),(-0.173629794371422,0.,-0.984810994306287),
(0.,-1.,0.),(-0.173629794371422,0.,-0.984810994306287),(-0.258838255835808,
0.,0.965920678583846),(0.,1.,0.),(-0.258838255835808,0.,0.965920678583846),
(0.,-1.,0.),(0.,-1.,0.),(-0.216434453421704,0.,0.976297151164567),(-0.258838255835792,
0.,-0.96592067858385),(0.,-1.,0.),(0.,-1.,0.),(-0.258815042644292,0.,-0.965926898735631),
(-0.258838255835808,0.,0.965920678583846),(0.,1.,0.),(-0.258838255835808,
0.,0.965920678583846),(0.,-1.,0.),(0.,-1.,0.),(-0.216434453421704,0.,0.976297151164567),
(-0.258838255835792,0.,-0.96592067858385),(0.,-1.,0.),(0.,-1.,0.),(-0.258815042644292,
0.,-0.965926898735631),(0.,1.,0.),(-0.0109117794125948,0.,-0.999940464762803),
(-0.258838255835792,0.,-0.96592067858385),(0.,1.,0.),(-0.258838255835792,
0.,-0.96592067858385),(0.,1.,0.),(0.,1.,0.),(-0.0436176063757544,0.,0.999048299339952),
(-0.300682453244922,0.,0.953724311481371),(0.,1.,0.),(-0.300682453244922,
0.,0.953724311481371),(0.,-1.,0.),(0.,-1.,0.),(-0.258815042643581,0.,0.965926898735821),
(-0.30068245324488,0.,-0.953724311481384),(0.,-1.,0.),(0.,-1.,0.),(-0.300722157678204,
0.,-0.953711792881563),(-0.300682453244922,0.,0.953724311481371),(0.,1.,
0.),(-0.300682453244922,0.,0.953724311481371),(0.,-1.,0.),(0.,-1.,0.),(-0.258815042643581,
0.,0.965926898735821),(-0.30068245324488,0.,-0.953724311481384),(0.,-1.,
0.),(0.,-1.,0.),(-0.300722157678204,0.,-0.953711792881563),(-0.30068245324488,
0.,-0.953724311481384),(0.,1.,0.),(-0.30068245324488,0.,-0.953724311481384),
(0.,1.,0.),(0.,1.,0.),(-0.0109117794125823,0.,0.999940464762803),(-0.216434453421704,
0.,0.976297151164567),(0.,-1.,0.),(0.,-1.,0.),(-0.216434453422045,0.,-0.976297151164491),
(0.,-1.,0.),(-0.216434453422045,0.,-0.976297151164491),(-0.342028322879102,
0.,0.939689643631613),(0.,1.,0.),(-0.342028322879102,0.,0.939689643631613),
(0.,-1.,0.),(0.,-1.,0.),(-0.300722157678236,0.,0.953711792881553),(-0.342028322879091,
0.,-0.939689643631617),(0.,-1.,0.),(0.,-1.,0.),(-0.342030529842479,0.,-0.939688840337945),
(-0.342028322879102,0.,0.939689643631613),(0.,1.,0.),(-0.342028322879102,
0.,0.939689643631613),(0.,-1.,0.),(0.,-1.,0.),(-0.300722157678236,0.,0.953711792881553),
(-0.342028322879091,0.,-0.939689643631617),(0.,-1.,0.),(0.,-1.,0.),(-0.342030529842479,
0.,-0.939688840337945),(-0.342028322879091,0.,-0.939689643631617),(0.,1.,
0.),(-0.342028322879091,0.,-0.939689643631617),(0.,1.,0.),(0.,-1.,0.),(-0.258815042643581,
0.,0.965926898735821),(-0.258815042644292,0.,-0.965926898735631),(0.,-1.,
0.),(-0.258815042644292,0.,-0.965926898735631),(0.,-1.,0.),(-0.382698359964292,
0.,0.923873349155955),(0.,1.,0.),(-0.382698359964292,0.,0.923873349155955),
(0.,-1.,0.),(0.,-1.,0.),(-0.342030529842123,0.,0.939688840338075),(-0.382675955528508,
0.,-0.923882629482957),(0.,-1.,0.),(0.,-1.,0.),(-0.382674780555815,0.,-0.923883116160567),
(-0.382675955528502,0.,0.92388262948296),(0.,1.,0.),(-0.382675955528502,
0.,0.92388262948296),(0.,-1.,0.),(0.,-1.,0.),(-0.342030529842123,0.,0.939688840338075),
(-0.382698359964121,0.,-0.923873349156026),(0.,-1.,0.),(0.,-1.,0.),(-0.382659993049484,
0.,-0.923889241045359),(-0.382675955528508,0.,-0.923882629482957),(0.,1.,
0.),(0.,1.,0.),(-0.382698359964121,0.,-0.923873349156026),(0.,-1.,0.),(-0.300722157678236,
0.,0.953711792881553),(0.,-1.,0.),(-0.342030529842123,0.,0.939688840338075),
(-0.043617606375755,0.,-0.999048299339952),(0.,-1.,0.),(0.,-1.,0.),(-0.737286815592703,
0.,0.675579863193962),(0.,-1.,0.),(-0.382659993049484,0.,0.923889241045359),
(0.,-1.,0.),(-0.42261546781128,0.,0.906309089862092),(0.,-1.,0.),(-0.461762495545194,
0.,0.887003606366894),(0.,-1.,0.),(-0.50000828370802,0.,0.86602062113056),
(0.,-1.,0.),(-0.537301355305647,0.,0.843390332874829),(0.,-1.,0.),(-0.573569746262744,
0.,0.819156728698539),(0.,-1.,0.),(-0.60874908280604,0.,0.793362813713124),
(0.,-1.,0.),(-0.642786491874409,0.,0.766045381073335),(0.,-1.,0.),(-0.67559847142587,
0.,0.737269764338012),(0.,-1.,0.),(-0.707115331731405,0.,0.707098230538293),
(-0.422613459852578,0.,0.906310026178368),(0.,1.,0.),(-0.422613459852578,
0.,0.906310026178368),(0.,-1.,0.),(0.,-1.,0.),(-0.382659993049484,0.,0.923889241045359),
(-0.422613018162978,0.,-0.906310232138631),(0.,-1.,0.),(0.,-1.,0.),(-0.422615759912726,
0.,-0.906308953653989),(-0.422613018162978,0.,0.906310232138631),(0.,1.,
0.),(-0.422613018162978,0.,0.906310232138631),(0.,-1.,0.),(0.,-1.,0.),(-0.382674780555815,
0.,0.923883116160567),(-0.422613459852578,0.,-0.906310026178368),(0.,-1.,
0.),(0.,-1.,0.),(-0.42261546781142,0.,-0.906309089862026),(-0.422613018162978,
0.,-0.906310232138631),(0.,1.,0.),(0.,1.,0.),(-0.422613459852578,0.,-0.906310026178368),
(-0.300722157678204,0.,-0.953711792881563),(0.,-1.,0.),(-0.300722157678204,
0.,-0.953711792881563),(0.,-1.,0.),(-0.461740467316214,0.,0.887015073627616),
(0.,1.,0.),(-0.461740467316214,0.,0.887015073627616),(0.,-1.,0.),(0.,-1.,
0.),(-0.42261546781128,0.,0.906309089862092),(-0.461761545394351,0.,-0.887004101002369),
(0.,-1.,0.),(0.,-1.,0.),(-0.461748584194875,0.,-0.887010848295571),(-0.461761545394351,
0.,0.887004101002369),(0.,1.,0.),(-0.461761545394351,0.,0.887004101002369),
(0.,-1.,0.),(0.,-1.,0.),(-0.422615759912586,0.,0.906308953654055),(-0.461740467316214,
0.,-0.887015073627616),(0.,-1.,0.),(0.,-1.,0.),(-0.461762495545194,0.,-0.887003606366894),
(-0.461761545394351,0.,-0.887004101002369),(0.,1.,0.),(0.,1.,0.),(-0.461740467316214,
0.,-0.887015073627616),(-0.342030529842479,0.,-0.939688840337945),(0.,-1.,
0.),(-0.342030529842479,0.,-0.939688840337945),(0.,-1.,0.),(-0.499995159769361,
0.,0.866028198274866),(0.,1.,0.),(-0.499995159769361,0.,0.866028198274866),
(0.,-1.,0.),(0.,-1.,0.),(-0.461762495545194,0.,0.887003606366894),(-0.499995159769361,
0.,-0.866028198274866),(0.,-1.,0.),(0.,-1.,0.),(-0.50000828370856,0.,-0.866020621130247),
(-0.499995159769361,0.,0.866028198274866),(0.,1.,0.),(-0.499995159769361,
0.,0.866028198274866),(0.,-1.,0.),(0.,-1.,0.),(-0.461748584194875,0.,0.887010848295571),
(-0.499995159769361,0.,-0.866028198274866),(0.,-1.,0.),(0.,-1.,0.),(-0.50000828370856,
0.,-0.866020621130247),(0.,1.,0.),(-0.98628985573823,0.,0.165022181744945),
(0.,0.,-1.),(-0.499995159769361,0.,-0.866028198274866),(0.,1.,0.),(-0.499995159769361,
0.,-0.866028198274866),(0.,1.,0.),(-0.0109117794125948,0.,-0.999940464762803),
(0.,-1.,0.),(-0.537285627889204,0.,0.843400352183768),(0.,1.,0.),(-0.537285627889204,
0.,0.843400352183768),(0.,-1.,0.),(0.,-1.,0.),(-0.50000828370802,0.,0.86602062113056),
(-0.537285627889587,0.,-0.843400352183524),(0.,-1.,0.),(0.,-1.,0.),(-0.537301355305682,
0.,-0.843390332874807),(-0.537285627889204,0.,0.843400352183768),(0.,1.,
0.),(-0.537285627889204,0.,0.843400352183768),(0.,-1.,0.),(0.,-1.,0.),(-0.50000828370802,
0.,0.86602062113056),(-0.537285627889587,0.,-0.843400352183524),(0.,-1.,
0.),(0.,-1.,0.),(-0.537301355305682,0.,-0.843390332874807),(-0.537285627889587,
0.,-0.843400352183524),(0.,1.,0.),(-0.537285627889587,0.,-0.843400352183524),
(0.,1.,0.),(0.,1.,0.),(0.,0.,1.),(-0.986289855738223,0.,-0.165022181744989),
(-0.382674780555815,0.,-0.923883116160567),(0.,-1.,0.),(0.,-1.,0.),(-0.382659993049484,
0.,-0.923889241045359),(-0.573581645418374,0.,0.819148396836099),(0.,1.,
0.),(-0.573581645418374,0.,0.819148396836099),(0.,-1.,0.),(0.,-1.,0.),(-0.537301355305647,
0.,0.843390332874829),(-0.573581645418323,0.,-0.819148396836135),(0.,-1.,
0.),(0.,-1.,0.),(-0.573569746262763,0.,-0.819156728698525),(-0.573581645418374,
0.,0.819148396836099),(0.,1.,0.),(-0.573581645418374,0.,0.819148396836099),
(0.,-1.,0.),(0.,-1.,0.),(-0.537301355305647,0.,0.843390332874829),(-0.573581645418323,
0.,-0.819148396836135),(0.,-1.,0.),(0.,-1.,0.),(-0.573569746262763,0.,-0.819156728698525),
(-0.573581645418323,0.,-0.819148396836135),(0.,1.,0.),(-0.573581645418323,
0.,-0.819148396836135),(0.,1.,0.),(0.,1.,0.),(-0.60878242436252,0.,0.79333722954825),
(-0.60878242436252,0.,0.79333722954825),(0.,-1.,0.),(0.,-1.,0.),(-0.573569746262744,
0.,0.819156728698539),(-0.608782424362831,0.,-0.793337229548012),(0.,-1.,
0.),(0.,-1.,0.),(-0.608749082805835,0.,-0.793362813713282),(-0.60878242436252,
0.,0.79333722954825),(0.,1.,0.),(-0.60878242436252,0.,0.79333722954825),
(0.,-1.,0.),(0.,-1.,0.),(-0.573569746262744,0.,0.819156728698539),(-0.608782424362831,
0.,-0.793337229548012),(0.,-1.,0.),(0.,-1.,0.),(-0.608749082805835,0.,-0.793362813713282),
(-0.608782424362831,0.,-0.793337229548012),(0.,1.,0.),(-0.608782424362831,
0.,-0.793337229548012),(0.,1.,0.),(-0.422615759912726,0.,-0.906308953653989),
(0.,-1.,0.),(0.,-1.,0.),(-0.42261546781142,0.,-0.906309089862026),(0.,-1.,
0.),(-0.766038029381212,0.,0.642795253204121),(0.010911183223141,0.,-0.9999404712685),
(0.,-1.,0.),(0.,-1.,0.),(0.984810070649735,0.,0.173635033178401),(0.,-1.,
0.),(0.976294374439654,0.,0.216446978351476),(0.,-1.,0.),(0.965919232996638,
0.,0.258843650351301),(0.,-1.,0.),(0.953718393696673,0.,0.300701223018195),
(0.,-1.,0.),(0.939697754383579,0.,0.342006038552624),(0.,-1.,0.),(0.923872140352872,
0.,0.382701278126691),(0.,-1.,0.),(0.906298829870022,0.,0.422637469915091),
(0.,-1.,0.),(0.88701425704418,0.,0.461742035990185),(0.,-1.,0.),(0.866032822463258,
0.,0.499987150251207),(0.,-1.,0.),(0.843395206883411,0.,0.537293704603068),
(0.,-1.,0.),(0.819150798085077,0.,0.573578216110568),(0.,-1.,0.),(0.793349856032477,
0.,0.608765969756234),(0.,-1.,0.),(0.766038345278379,0.,0.642794876739978),
(0.,-1.,0.),(0.737286468122819,0.,0.675580242401285),(0.,-1.,0.),(0.707098613691335,
0.,0.707114948587422),(0.,-1.,0.),(0.675588728391692,0.,0.737278692266429),
(0.,-1.,0.),(0.642795772645324,0.,0.766037593509157),(0.,-1.,0.),(0.608748602543733,
0.,0.793363182219249),(0.,-1.,0.),(0.57357821611122,0.,0.81915079808462),
(0.,0.,1.),(0.,1.,0.),(0.98628985573825,0.,-0.165022181744828),(0.010911183223141,
0.,0.9999404712685),(0.,-1.,0.),(0.,-1.,0.),(0.999048113572359,0.,0.0436218611192861),
(0.,-1.,0.),(0.99999999999971,0.,0.),(0.,-1.,0.),(0.99904813024288,0.,-0.0436214793216041),
(0.,-1.,0.),(0.99619482333521,0.,-0.0871543111964639),(0.,-1.,0.),(0.991448054916025,
0.,-0.130501932565121),(0.,-1.,0.),(0.984810070649735,0.,-0.173635033178399),
(0.,-1.,0.),(0.976294374439654,0.,-0.216446978351476),(0.,-1.,0.),(0.965919232996638,
0.,-0.258843650351301),(0.,-1.,0.),(0.953718393696673,0.,-0.300701223018195),
(0.,-1.,0.),(0.939697754383579,0.,-0.342006038552624),(0.,-1.,0.),(0.923872140352872,
0.,-0.382701278126691),(0.,-1.,0.),(0.906298829870022,0.,-0.422637469915091),
(-0.642774758479305,0.,0.766055226378537),(0.,1.,0.),(-0.642774758479305,
0.,0.766055226378537),(0.,-1.,0.),(0.,-1.,0.),(-0.60874908280604,0.,0.793362813713124),
(-0.642774758479305,0.,-0.766055226378537),(0.,-1.,0.),(0.,-1.,0.),(-0.642786491874594,
0.,-0.766045381073179),(-0.642774758479305,0.,0.766055226378537),(0.,1.,
0.),(-0.642774758479305,0.,0.766055226378537),(0.,-1.,0.),(0.,-1.,0.),(-0.60874908280604,
0.,0.793362813713124),(-0.642774758479305,0.,-0.766055226378537),(0.,-1.,
0.),(0.,-1.,0.),(-0.642786491874594,0.,-0.766045381073179),(-0.642774758479305,
0.,-0.766055226378537),(0.,1.,0.),(-0.642774758479305,0.,-0.766055226378537),
(0.,1.,0.),(-0.461748584194875,0.,-0.887010848295571),(0.,-1.,0.),(0.,-1.,
0.),(-0.461762495545194,0.,-0.887003606366894),(-0.675585683173381,0.,0.73728148267209),
(0.,1.,0.),(-0.675585683173381,0.,0.73728148267209),(0.,-1.,0.),(0.,-1.,
0.),(-0.642786491874409,0.,0.766045381073335),(-0.675585683173091,0.,-0.737281482672356),
(0.,-1.,0.),(0.,-1.,0.),(-0.67559847142587,0.,-0.737269764338012),(-0.675585683173381,
0.,0.73728148267209),(0.,1.,0.),(-0.675585683173381,0.,0.73728148267209),
(0.,-1.,0.),(0.,-1.,0.),(-0.642786491874409,0.,0.766045381073335),(-0.675585683173091,
0.,-0.737281482672356),(0.,-1.,0.),(0.,-1.,0.),(-0.67559847142587,0.,-0.737269764338012),
(-0.675585683173091,0.,-0.737281482672356),(0.,1.,0.),(0.,1.,0.),(0.642774758479334,
0.,-0.766055226378513),(0.,1.,0.),(0.793358918419478,0.,-0.608754159381499),
(0.,1.,0.),(0.766046527025149,0.,-0.642785126175697),(0.,1.,0.),(0.737256245890144,
0.,-0.675613223594662),(0.,1.,0.),(0.707119159274912,0.,-0.707094402881497),
(0.,1.,0.),(0.675585683173969,0.,-0.737281482671551),(-0.675585683173091,
0.,-0.737281482672356),(0.,1.,0.),(0.,1.,0.),(-0.707132691592303,0.,0.707080869831326),
(-0.707132691592303,0.,0.707080869831326),(0.,-1.,0.),(0.,-1.,0.),(-0.67559847142587,
0.,0.737269764338012),(-0.70713269159229,0.,-0.70708086983134),(0.,-1.,
0.),(0.,-1.,0.),(-0.707115331731241,0.,-0.707098230538458),(-0.707132691592303,
0.,0.707080869831326),(0.,1.,0.),(-0.707132691592303,0.,0.707080869831326),
(0.,-1.,0.),(0.,-1.,0.),(-0.67559847142587,0.,0.737269764338012),(-0.70713269159229,
0.,-0.70708086983134),(0.,-1.,0.),(0.,-1.,0.),(-0.707115331731241,0.,-0.707098230538458),
(-0.70713269159229,0.,-0.70708086983134),(0.,1.,0.),(-0.70713269159229,
0.,-0.70708086983134),(0.,1.,0.),(-0.50000828370856,0.,-0.866020621130247),
(0.,-1.,0.),(-0.50000828370856,0.,-0.866020621130247),(0.,-1.,0.),(-0.737267521456928,
0.,0.675600919037828),(0.,1.,0.),(-0.737267521456928,0.,0.675600919037828),
(0.,-1.,0.),(0.,-1.,0.),(-0.707115331731405,0.,0.707098230538293),(-0.737255718094842,
0.,-0.675613799545612),(0.,-1.,0.),(0.,-1.,0.),(-0.737286815592703,0.,-0.675579863193962),
(-0.737255718094842,0.,0.675613799545612),(0.,1.,0.),(-0.737255718094842,
0.,0.675613799545612),(0.,-1.,0.),(0.,-1.,0.),(-0.707115331731405,0.,0.707098230538293),
(-0.737267521456928,0.,-0.675600919037828),(0.,-1.,0.),(0.,-1.,0.),(-0.737286815592703,
0.,-0.675579863193962),(-0.737255718094842,0.,-0.675613799545612),(0.,1.,
0.),(0.,1.,0.),(-0.737267521456928,0.,-0.675600919037828),(-0.766021010274291,
0.,0.64281553482967),(0.,1.,0.),(-0.766021010274291,0.,0.64281553482967),
(0.,-1.,0.),(0.,-1.,0.),(-0.737286815592703,0.,0.675579863193962),(-0.766020440210072,
0.,-0.642816214154845),(0.,-1.,0.),(0.,-1.,0.),(-0.766045065264996,0.,-0.642786868241058),
(-0.76602044021008,0.,0.642816214154835),(0.,1.,0.),(-0.76602044021008,
0.,0.642816214154835),(0.,-1.,0.),(0.,-1.,0.),(-0.737286815592703,0.,0.675579863193962),
(-0.766021010274291,0.,-0.64281553482967),(0.,-1.,0.),(0.,-1.,0.),(-0.766038029381212,
0.,-0.642795253204121),(0.,1.,0.),(-0.989582784922059,0.,0.143964967217383),
(-0.766020440210072,0.,-0.642816214154845),(0.,1.,0.),(0.,1.,0.),(-0.766021010274291,
0.,-0.64281553482967),(-0.537301355305682,0.,-0.843390332874807),(0.,-1.,
0.),(-0.537301355305682,0.,-0.843390332874807),(0.,-1.,0.),(-0.793362257659268,
0.,0.608749807492199),(0.,1.,0.),(-0.793362257659268,0.,0.608749807492199),
(0.,-1.,0.),(0.,-1.,0.),(-0.766038029381212,0.,0.642795253204121),(-0.793372353007137,
0.,-0.608736650353763),(0.,-1.,0.),(0.,-1.,0.),(-0.793341922121433,0.,-0.608776309168376),
(-0.793372353007129,0.,0.608736650353773),(0.,1.,0.),(-0.793372353007129,
0.,0.608736650353773),(0.,-1.,0.),(0.,-1.,0.),(-0.766045065264996,0.,0.642786868241058),
(-0.793362257659268,0.,-0.608749807492199),(0.,-1.,0.),(0.,-1.,0.),(-0.793341553509824,
0.,-0.608776789533421),(0.,1.,0.),(-0.994819783246002,0.,0.101654310594174),
(-0.793372353007137,0.,-0.608736650353763),(0.,1.,0.),(0.,1.,0.),(-0.793362257659268,
0.,-0.608749807492199),(-0.819157003141119,0.,0.573569354311107),(0.,1.,
0.),(-0.819157003141119,0.,0.573569354311107),(0.,-1.,0.),(0.,-1.,0.),(-0.793341553509824,
0.,0.608776789533421),(-0.819157003141452,0.,-0.573569354310632),(0.,-1.,
0.),(0.,-1.,0.),(-0.819150439337347,0.,-0.573578728452713),(-0.819157003141119,
0.,0.573569354311107),(0.,1.,0.),(-0.819157003141119,0.,0.573569354311107),
(0.,-1.,0.),(0.,-1.,0.),(-0.793341922121433,0.,0.608776309168376),(-0.819157003141452,
0.,-0.573569354310632),(0.,-1.,0.),(0.,-1.,0.),(-0.819150798084736,0.,-0.573578216111056),
(0.,1.,0.),(-0.998249097858511,0.,0.0591501363030481),(-0.819157003141452,
0.,-0.573569354310632),(0.,1.,0.),(0.,1.,0.),(0.999999999999832,0.,0.),
(0.,1.,0.),(0.999049314284614,0.,0.0435943531600374),(0.,1.,0.),(-1.15967503994493E-6,
0.,-0.999999999999328),(0.,1.,0.),(0.608782424362433,0.,-0.793337229548316),
(0.,1.,0.),(0.573569588280535,0.,-0.819156839316927),(0.,1.,0.),(0.537296399643092,
0.,-0.843393489974028),(0.,1.,0.),(0.500030004420817,0.,-0.866008080030965),
(0.,1.,0.),(0.46176245548532,0.,-0.887003627221539),(0.,1.,0.),(0.422602397498841,
0.,-0.906315184485084),(0.,1.,0.),(0.382675955528636,0.,-0.923882629482904),
(0.,1.,0.),(0.342012318748577,0.,-0.939695468662173),(0.,1.,0.),(0.300680351125635,
0.,-0.953724974217916),(0.,1.,0.),(0.258852577634532,0.,-0.965916840650353),
(0.,1.,0.),(0.216459745801358,0.,-0.976291543775532),(0.,1.,0.),(0.173604888448618,
0.,-0.984815385088364),(0.,1.,0.),(0.130516612747917,0.,-0.991446122488161),
(0.,1.,0.),(0.0871626095310973,0.,-0.996194097302192),(0.,1.,0.),(0.0436489110124536,
0.,-0.999046932114516),(-0.819157003141452,0.,-0.573569354310632),(0.,1.,
0.),(-0.573569746262763,0.,-0.819156728698525),(0.,-1.,0.),(-0.573569746262763,
0.,-0.819156728698525),(0.,-1.,0.),(-0.843388515716349,0.,0.537304207649422),
(0.,1.,0.),(-0.843388515716349,0.,0.537304207649422),(0.,-1.,0.),(0.,-1.,
0.),(-0.819150798084736,0.,0.573578216111056),(-0.84338851571636,0.,-0.537304207649405),
(0.,-1.,0.),(0.,-1.,0.),(-0.843403584776421,0.,-0.537280553515836),(-0.843388515716349,
0.,0.537304207649422),(0.,1.,0.),(-0.843388515716349,0.,0.537304207649422),
(0.,-1.,0.),(0.,-1.,0.),(-0.819150439337347,0.,0.573578728452713),(-0.84338851571636,
0.,-0.537304207649405),(0.,-1.,0.),(0.,-1.,0.),(-0.843403238861737,0.,-0.537281096519812),
(0.,1.,0.),(-0.999863070454618,0.,0.0165481219799872),(-0.84338851571636,
0.,-0.537304207649405),(0.,1.,0.),(-0.84338851571636,0.,-0.537304207649405),
(0.,1.,0.),(0.,1.,0.),(-0.866028198274941,0.,0.499995159769231),(-0.866028198274941,
0.,0.499995159769231),(0.,-1.,0.),(0.,-1.,0.),(-0.843403238861737,0.,0.537281096519812),
(-0.866028198275034,0.,-0.49999515976907),(0.,-1.,0.),(0.,-1.,0.),(-0.866020430372079,
0.,-0.500008614103956),(-0.866028198274941,0.,0.499995159769231),(0.,1.,
0.),(-0.866028198274941,0.,0.499995159769231),(0.,-1.,0.),(0.,-1.,0.),(-0.843403584776421,
0.,0.537280553515836),(-0.866028198275034,0.,-0.49999515976907),(0.,-1.,
0.),(0.,-1.,0.),(-0.866024965943471,0.,-0.500000758362035),(0.,1.,0.),(-0.999659512622701,
0.,-0.0260932716029058),(-0.866028198275034,0.,-0.49999515976907),(0.,1.,
0.),(0.,1.,0.),(-0.989582784922059,0.,-0.143964967217383),(0.,1.,0.),(-0.994819783246002,
0.,-0.101654310594174),(0.,1.,0.),(-0.998249097858511,0.,-0.0591501363030481),
(0.,1.,0.),(-0.999673303929025,0.,0.0255594485783073),(0.,1.,0.),(-0.999845889496523,
0.,-0.0175555477529762),(0.,1.,0.),(-0.998160452842687,0.,-0.0606276371045655),
(0.,1.,0.),(-0.998882188854535,0.,0.0472691526174701),(0.,1.,0.),(-0.994613534971707,
0.,-0.10365286320737),(0.,1.,0.),(-0.999659512622701,0.,0.0260932716029058),
(0.,1.,0.),(-0.98920919477249,0.,-0.146509962042048),(0.,1.,0.),(-0.999863070454618,
0.,-0.0165481219799872),(0.,1.,0.),(-0.981968969414099,0.,-0.189042172828746),
(0.,1.,0.),(-0.972918463827264,0.,-0.231148572878997),(0.,1.,0.),(-0.962045180349469,
0.,-0.272890217791621),(0.,1.,0.),(-0.949361583510574,0.,-0.314185588075417),
(0.,1.,0.),(-0.934930088692146,0.,-0.35483197327481),(0.,1.,0.),(-0.918767039897569,
0.,-0.394800109419766),(0.,1.,0.),(-0.900876161074949,0.,-0.434076194241129),
(0.,1.,0.),(-0.881310527790428,0.,-0.472537568459649),(0.,1.,0.),(-0.860126780954318,
0.,-0.51008030807429),(0.,1.,0.),(-0.837325469601153,0.,-0.546704726481497),
(0.,1.,0.),(-0.812952253894941,0.,-0.582330346871203),(0.,1.,0.),(-0.787073549329987,
0.,-0.616859163784649),(0.,1.,0.),(-0.759727978122252,0.,-0.650241031663086),
(0.,1.,0.),(-0.730987305805255,0.,-0.682391059988021),(0.,1.,0.),(-0.700865918133509,
0.,-0.713293042724289),(0.,1.,0.),(-0.669426780989012,0.,-0.742878041736791),
(0.,1.,0.),(-0.636785147160847,0.,-0.771041293547459),(0.,1.,0.),(-0.602967573235592,
0.,-0.797765695944856),(0.,1.,0.),(-0.567977183776148,0.,-0.823044299360439),
(0.,1.,0.),(-0.531933042684084,0.,-0.846786418231216),(0.,1.,0.),(-0.494919678222448,
0.,-0.868938727476333),(0.,1.,0.),(-0.456968316684471,0.,-0.889482972038567),
(0.,1.,0.),(-0.418185927779703,0.,-0.908361453281142),(0.,1.,0.),(-0.378636450305526,
0.,-0.925545481594519),(0.,1.,0.),(-0.338390975010557,0.,-0.941005604675872),
(0.,1.,0.),(-0.297461195482068,0.,-0.954733909098435),(0.,1.,0.),(-0.255954895997425,
0.,-0.966688725089389),(0.,1.,0.),(-0.214036445379731,0.,-0.976825675363424),
(0.,1.,0.),(-0.171752010930854,0.,-0.985140216792111),(0.,1.,0.),(-0.12907817455875,
0.,-0.991634420970037),(0.,1.,0.),(-0.086185042342168,0.,-0.99627914686421),
(0.,1.,0.),(-0.0431588913295995,0.,-0.999068220943495),(0.,1.,0.),(-0.0107878926047677,
0.,-0.999941808993477),(0.,1.,0.),(0.999049289008145,0.,-0.0435949324155973),
(-0.866028198275034,0.,-0.49999515976907),(0.,1.,0.),(0.,1.,0.),(-0.887009512113941,
0.,0.461751150967043),(-0.887009512113941,0.,0.461751150967043),(0.,-1.,
0.),(0.,-1.,0.),(-0.866024965943471,0.,0.500000758362035),(-0.887009512113941,
0.,-0.461751150967043),(0.,-1.,0.),(0.,-1.,0.),(-0.887000098527204,0.,-0.461769233722572),
(-0.887009512113941,0.,0.461751150967043),(0.,1.,0.),(-0.887009512113941,
0.,0.461751150967043),(0.,-1.,0.),(0.,-1.,0.),(-0.866020430372079,0.,0.500008614103956),
(-0.887009512113941,0.,-0.461751150967043),(0.,-1.,0.),(0.,-1.,0.),(-0.887000098527204,
0.,-0.461769233722572),(-0.887009512113941,0.,-0.461751150967043),(0.,1.,
0.),(-0.887009512113941,0.,-0.461751150967043),(0.,1.,0.),(-0.608749082805835,
0.,-0.793362813713282),(0.,-1.,0.),(-0.608749082805835,0.,-0.793362813713282),
(0.,-1.,0.),(-0.906306165382038,0.,0.422621739372817),(0.,1.,0.),(-0.906306165382038,
0.,0.422621739372817),(0.,-1.,0.),(0.,-1.,0.),(-0.88700009852721,0.,0.46176923372256),
(-0.906306165382025,0.,-0.422621739372846),(0.,-1.,0.),(0.,-1.,0.),(-0.906309382268769,
0.,-0.422614840737524),(-0.906306165382038,0.,0.422621739372817),(0.,1.,
0.),(-0.906306165382038,0.,0.422621739372817),(0.,-1.,0.),(0.,-1.,0.),(-0.88700009852721,
0.,0.46176923372256),(-0.906306165382025,0.,-0.422621739372846),(0.,-1.,
0.),(0.,-1.,0.),(-0.906312358488532,0.,-0.422608458092067),(0.,1.,0.),(-0.999845889496523,
0.,0.0175555477529762),(0.,1.,0.),(-0.999673303929025,0.,-0.0255594485783073),
(0.,1.,0.),(-0.998882188854535,0.,-0.0472691526174701),(-0.906306165382025,
0.,-0.422621739372846),(0.,1.,0.),(-0.906306165382025,0.,-0.422621739372846),
(0.,1.,0.),(0.,1.,0.),(-0.923878137420002,0.,0.382686800396026),(-0.923878137420002,
0.,0.382686800396026),(0.,-1.,0.),(0.,-1.,0.),(-0.906312358488659,0.,0.422608458091795),
(-0.923878137419821,0.,-0.382686800396462),(0.,-1.,0.),(0.,-1.,0.),(-0.923877884187916,
0.,-0.382687411745488),(-0.923878137420002,0.,0.382686800396026),(0.,1.,
0.),(-0.923878137420002,0.,0.382686800396026),(0.,-1.,0.),(0.,-1.,0.),(-0.906309382268762,
0.,0.422614840737538),(-0.923878137419821,0.,-0.382686800396462),(0.,-1.,
0.),(0.,-1.,0.),(-0.923878153613045,0.,-0.382686761302963),(0.,1.,0.),(-0.972918463827264,
0.,0.231148572878997),(0.,1.,0.),(-0.998160452842687,0.,0.0606276371045655),
(0.,1.,0.),(-0.994613534971707,0.,0.10365286320737),(0.,1.,0.),(-0.98920919477249,
0.,0.146509962042048),(0.,1.,0.),(-0.981968969414099,0.,0.189042172828746),
(-0.923878137419821,0.,-0.382686800396462),(0.,1.,0.),(-0.923878137419821,
0.,-0.382686800396462),(0.,1.,0.),(-0.642786491874594,0.,-0.766045381073179),
(0.,-1.,0.),(-0.642786491874594,0.,-0.766045381073179),(0.,-1.,0.),(-0.939692928065559,
0.,0.342019299080587),(0.,1.,0.),(-0.939692928065559,0.,0.342019299080587),
(0.,-1.,0.),(0.,-1.,0.),(-0.923878153613057,0.,0.382686761302935),(-0.939692928065731,
0.,-0.342019299080114),(0.,-1.,0.),(0.,-1.,0.),(-0.939694348059437,0.,-0.342015397643365),
(-0.939692928065559,0.,0.342019299080587),(0.,1.,0.),(-0.939692928065559,
0.,0.342019299080587),(0.,-1.,0.),(0.,-1.,0.),(-0.923877884187927,0.,0.382687411745459),
(-0.939692928065731,0.,-0.342019299080114),(0.,-1.,0.),(0.,-1.,0.),(-0.939692180206371,
0.,-0.342021353805572),(0.,1.,0.),(-0.934930088692146,0.,0.35483197327481),
(0.,1.,0.),(-0.962045180349469,0.,0.272890217791621),(0.,1.,0.),(-0.949361583510574,
0.,0.314185588075417),(-0.939692928065731,0.,-0.342019299080114),(0.,1.,
0.),(-0.939692928065731,0.,-0.342019299080114),(0.,1.,0.),(0.,1.,0.),(-0.953714433369197,
0.,0.300713783493994),(-0.953714433369197,0.,0.300713783493994),(0.,-1.,
0.),(0.,-1.,0.),(-0.939692180206476,0.,0.342021353805286),(-0.953714433369197,
0.,-0.300713783493994),(0.,-1.,0.),(0.,-1.,0.),(-0.953716922108089,0.,-0.300705890339171),
(-0.953714433369197,0.,0.300713783493994),(0.,1.,0.),(-0.953714433369197,
0.,0.300713783493994),(0.,-1.,0.),(0.,-1.,0.),(-0.939694348059542,0.,0.342015397643078),
(-0.953714433369197,0.,-0.300713783493994),(0.,-1.,0.),(0.,-1.,0.),(-0.953718393696809,
0.,-0.300701223017764),(0.,1.,0.),(-0.881310527790428,0.,0.472537568459649),
(0.,1.,0.),(-0.918767039897569,0.,0.394800109419766),(0.,1.,0.),(-0.900876161074949,
0.,0.434076194241129),(-0.953714433369197,0.,-0.300713783493994),(0.,1.,
0.),(-0.953714433369197,0.,-0.300713783493994),(0.,1.,0.),(0.,1.,0.),(-0.965927128224522,
0.,0.258814186164375),(-0.965927128224522,0.,0.258814186164375),(0.,-1.,
0.),(0.,-1.,0.),(-0.953718393696809,0.,0.300701223017764),(-0.965927128224517,
0.,-0.258814186164393),(0.,-1.,0.),(0.,-1.,0.),(-0.965923438442389,0.,-0.258827956503219),
(-0.965927128224522,0.,0.258814186164375),(0.,1.,0.),(-0.965927128224522,
0.,0.258814186164375),(0.,-1.,0.),(0.,-1.,0.),(-0.953716922108089,0.,0.300705890339171),
(-0.965927128224517,0.,-0.258814186164393),(0.,-1.,0.),(0.,-1.,0.),(-0.965923629404133,
0.,-0.258827243849535),(0.,1.,0.),(-0.787073549329987,0.,0.616859163784649),
(0.,1.,0.),(-0.860126780954318,0.,0.51008030807429),(0.,1.,0.),(-0.837325469601153,
0.,0.546704726481497),(0.,1.,0.),(-0.812952253894941,0.,0.582330346871203),
(-0.965927128224517,0.,-0.258814186164393),(0.,1.,0.),(-0.965927128224517,
0.,-0.258814186164393),(0.,1.,0.),(0.,1.,0.),(-0.976297304686604,0.,0.21643376091006),
(-0.976297304686604,0.,0.21643376091006),(0.,-1.,0.),(0.,-1.,0.),(-0.965923629404133,
0.,0.258827243849535),(-0.976297304686611,0.,-0.216433760910028),(0.,-1.,
0.),(0.,-1.,0.),(-0.976298950205308,0.,-0.216426338110713),(-0.976297304686604,
0.,0.21643376091006),(0.,1.,0.),(-0.976297304686604,0.,0.21643376091006),
(0.,-1.,0.),(0.,-1.,0.),(-0.965923438442389,0.,0.258827956503219),(-0.976297304686611,
0.,-0.216433760910028),(0.,-1.,0.),(0.,-1.,0.),(-0.9762980507239,0.,-0.216430395630357),
(0.,1.,0.),(-0.602967573235592,0.,0.797765695944856),(0.,1.,0.),(-0.759727978122252,
0.,0.650241031663086),(0.,1.,0.),(-0.730987305805255,0.,0.682391059988021),
(0.,1.,0.),(-0.700865918133509,0.,0.713293042724289),(0.,1.,0.),(-0.669426780989012,
0.,0.742878041736791),(0.,1.,0.),(-0.636785147160847,0.,0.771041293547459),
(-0.976297304686611,0.,-0.216433760910028),(0.,1.,0.),(-0.976297304686611,
0.,-0.216433760910028),(0.,1.,0.),(-0.67559847142587,0.,-0.737269764338012),
(0.,-1.,0.),(-0.67559847142587,0.,-0.737269764338012),(0.,-1.,0.),(-0.984805428942638,
0.,0.173661357604697),(0.,1.,0.),(-0.984805428942638,0.,0.173661357604697),
(0.,-1.,0.),(0.,-1.,0.),(-0.9762980507239,0.,0.216430395630357),(-0.984806128878586,
0.,-0.173657388334539),(0.,-1.,0.),(0.,-1.,0.),(-0.984807531385521,0.,-0.17364943456964),
(-0.984806128878586,0.,0.173657388334539),(0.,1.,0.),(-0.984806128878586,
0.,0.173657388334539),(0.,-1.,0.),(0.,-1.,0.),(-0.976298950205308,0.,0.216426338110713),
(-0.984805428942725,0.,-0.173661357604206),(0.,-1.,0.),(0.,-1.,0.),(-0.984807069391313,
0.,-0.173652054629061),(0.,1.,0.),(-0.33839097501083,0.,0.941005604675774),
(0.,1.,0.),(-0.567977183776148,0.,0.823044299360439),(0.,1.,0.),(-0.531933042684084,
0.,0.846786418231216),(0.,1.,0.),(-0.494919678222448,0.,0.868938727476333),
(0.,1.,0.),(-0.456968316684471,0.,0.889482972038567),(0.,1.,0.),(-0.418185927779703,
0.,0.908361453281142),(0.,1.,0.),(-0.378636450305526,0.,0.925545481594519),
(-0.984806128878586,0.,-0.173657388334539),(0.,1.,0.),(0.,1.,0.),(-0.984805428942725,
0.,-0.173661357604206),(-0.991445765692184,0.,0.130519323056159),(0.,1.,
0.),(-0.991445765692184,0.,0.130519323056159),(0.,-1.,0.),(0.,-1.,0.),(-0.984807069391313,
0.,0.173652054629061),(-0.991445915330649,0.,-0.130518186373285),(0.,-1.,
0.),(0.,-1.,0.),(-0.991443629070415,0.,-0.13053555215222),(-0.991445915330649,
0.,0.130518186373285),(0.,1.,0.),(-0.991445915330649,0.,0.130518186373285),
(0.,-1.,0.),(0.,-1.,0.),(-0.984807531385528,0.,0.173649434569601),(-0.991445765692116,
0.,-0.130519323056679),(0.,-1.,0.),(0.,-1.,0.),(-0.991443530293319,0.,-0.130536302381833),
(0.,1.,0.),(-0.0107878926038578,0.,0.999941808993487),(0.,1.,0.),(-0.297461195482067,
0.,0.954733909098435),(0.,1.,0.),(-0.255954895997425,0.,0.966688725089389),
(0.,1.,0.),(-0.214036445379731,0.,0.976825675363424),(0.,1.,0.),(-0.171752010930854,
0.,0.985140216792111),(0.,1.,0.),(-0.12907817455875,0.,0.991634420970037),
(0.,1.,0.),(-0.086185042342168,0.,0.99627914686421),(0.,1.,0.),(-0.0431588913286887,
0.,0.999068220943534),(-0.991445915330649,0.,-0.130518186373285),(0.,1.,
0.),(0.,1.,0.),(-0.991445765692116,0.,-0.130519323056679),(-0.996193988098707,
0.,0.0871638576245488),(0.,1.,0.),(-0.996193988098707,0.,0.0871638576245488),
(0.,-1.,0.),(0.,-1.,0.),(-0.991443530293319,0.,0.130536302381833),(-0.996193736712303,
0.,-0.0871667306670371),(0.,-1.,0.),(0.,-1.,0.),(-0.996194563513089,0.,
-0.0871572809750648),(-0.996193736712303,0.,0.0871667306670371),(0.,1.,
0.),(-0.996193736712303,0.,0.0871667306670371),(0.,-1.,0.),(0.,-1.,0.),
(-0.991443629070415,0.,0.13053555215222),(-0.996193988098707,0.,-0.0871638576245488),
(0.,-1.,0.),(0.,-1.,0.),(-0.996194829108539,0.,-0.0871542452058985),(-0.996193736712303,
0.,-0.0871667306670371),(0.,1.,0.),(0.,1.,0.),(-0.996193988098707,0.,-0.0871638576245488),
(-0.999048140448272,0.,0.0436212455903149),(0.,1.,0.),(-0.999048140448272,
0.,0.0436212455903149),(0.,-1.,0.),(0.,-1.,0.),(-0.996194829108539,0.,0.0871542452058985),
(-0.999048165617637,0.,-0.0436206691378621),(0.,-1.,0.),(0.,-1.,0.),(-0.999048874586386,
0.,-0.0436044285328463),(-0.999048165617637,0.,0.0436206691378621),(0.,
1.,0.),(-0.999048165617637,0.,0.0436206691378621),(0.,-1.,0.),(0.,-1.,0.),
(-0.996194563513089,0.,0.0871572809750648),(-0.999048140448272,0.,-0.0436212455903149),
(0.,-1.,0.),(0.,-1.,0.),(-0.999048891223807,0.,-0.043604047340607),(0.,
1.,0.),(0.0107888464448577,0.,0.999941798702499),(-0.999048165617637,0.,
-0.0436206691378621),(0.,1.,0.),(0.,1.,0.),(-0.999048140448272,0.,-0.0436212455903149),
(-0.999999999999834,0.,0.),(0.,1.,0.),(-0.999999999999834,0.,0.),(0.,-1.,
0.),(0.,-1.,0.),(-0.999048891223807,0.,0.043604047340607),(0.,-1.,0.),(-0.99999999999971,
0.,0.),(-0.999999999999834,0.,0.),(0.,1.,0.),(-0.999999999999834,0.,0.),
(0.,-1.,0.),(0.,-1.,0.),(-0.999048874586386,0.,0.0436044285328463),(0.,
-1.,0.),(-0.99999999999971,0.,0.),(-0.707115331731241,0.,-0.707098230538458),
(0.,-1.,0.),(-0.707115331731241,0.,-0.707098230538458),(0.,-1.,0.),(0.,
-1.,0.),(-0.737286815592703,0.,-0.675579863193962),(0.,-1.,0.),(-0.737286815592703,
0.,-0.675579863193962),(-0.766045065264996,0.,-0.642786868241058),(0.,-1.,
0.),(0.,-1.,0.),(-0.766038029381212,0.,-0.642795253204121),(-0.793341553509824,
0.,0.608776789533421),(0.,-1.,0.),(0.,-1.,0.),(-0.793341922121433,0.,-0.608776309168376),
(-0.793341553509824,0.,-0.608776789533421),(0.,-1.,0.),(0.,-1.,0.),(-0.819150798084736,
0.,0.573578216111056),(-0.819150439337347,0.,-0.573578728452713),(0.,-1.,
0.),(0.,-1.,0.),(-0.819150798084736,0.,-0.573578216111056),(-0.843403238861737,
0.,0.537281096519812),(0.,-1.,0.),(0.,-1.,0.),(-0.843403584776421,0.,-0.537280553515836),
(-0.843403238861737,0.,-0.537281096519812),(0.,-1.,0.),(0.,-1.,0.),(-0.866024965943471,
0.,0.500000758362035),(-0.866020430372079,0.,-0.500008614103956),(0.,-1.,
0.),(0.,-1.,0.),(-0.866024965943471,0.,-0.500000758362035),(-0.88700009852721,
0.,0.46176923372256),(0.,-1.,0.),(0.,-1.,0.),(-0.887000098527204,0.,-0.461769233722572),
(0.,-1.,0.),(-0.887000098527204,0.,-0.461769233722572),(-0.906312358488659,
0.,0.422608458091795),(0.,-1.,0.),(0.,-1.,0.),(-0.906309382268769,0.,-0.422614840737524),
(-0.906312358488532,0.,-0.422608458092067),(0.,-1.,0.),(0.,-1.,0.),(-0.923878153613057,
0.,0.382686761302935),(-0.923877884187916,0.,-0.382687411745488),(0.,-1.,
0.),(0.,-1.,0.),(-0.923878153613045,0.,-0.382686761302963),(-0.939692180206476,
0.,0.342021353805286),(0.,-1.,0.),(0.,-1.,0.),(-0.939694348059437,0.,-0.342015397643365),
(-0.939692180206371,0.,-0.342021353805572),(0.,-1.,0.),(0.,-1.,0.),(-0.953718393696809,
0.,0.300701223017764),(-0.953716922108089,0.,-0.300705890339171),(0.,-1.,
0.),(0.,-1.,0.),(-0.953718393696809,0.,-0.300701223017764),(-0.965923629404133,
0.,0.258827243849535),(0.,-1.,0.),(0.,-1.,0.),(-0.965923438442389,0.,-0.258827956503219),
(-0.965923629404133,0.,-0.258827243849535),(0.,-1.,0.),(0.,-1.,0.),(-0.9762980507239,
0.,0.216430395630357),(-0.976298950205308,0.,-0.216426338110713),(0.,-1.,
0.),(0.,-1.,0.),(-0.9762980507239,0.,-0.216430395630357),(-0.984807069391313,
0.,0.173652054629061),(0.,-1.,0.),(0.,-1.,0.),(-0.984807531385521,0.,-0.17364943456964),
(-0.984807069391313,0.,-0.173652054629061),(0.,-1.,0.),(0.,-1.,0.),(-0.991443530293319,
0.,0.130536302381833),(-0.991443629070415,0.,-0.13053555215222),(0.,-1.,
0.),(0.,-1.,0.),(-0.991443530293319,0.,-0.130536302381833),(-0.996194829108539,
0.,0.0871542452058985),(0.,-1.,0.),(0.,-1.,0.),(-0.996194563513089,0.,-0.0871572809750648),
(-0.996194829108539,0.,-0.0871542452058985),(0.,-1.,0.),(0.,-1.,0.),(-0.999048891223807,
0.,0.043604047340607),(-0.999048874586386,0.,-0.0436044285328463),(0.,-1.,
0.),(0.,-1.,0.),(-0.999048891223807,0.,-0.043604047340607),(-0.99999999999971,
0.,0.),(0.,-1.,0.),(0.,-1.,0.),(-0.99999999999971,0.,0.),(-0.98628985573823,
0.,0.165022181744945),(0.,1.,0.),(0.,0.,-1.),(-0.989582784922059,0.,0.143964967217383),
(0.,1.,0.),(0.,1.,0.),(0.,0.,-1.),(0.98628985573825,0.,0.165022181744828),
(0.,0.,-1.),(0.98628985573825,0.,0.165022181744828),(0.,1.,0.),(-0.986289855738223,
0.,-0.165022181744989),(0.,0.,1.),(0.,1.,0.),(0.,1.,0.),(0.999863179334102,
0.,0.0165415420049443),(0.,1.,0.),(0.998248709830124,0.,0.0591566845123506),
(0.,1.,0.),(0.994819780353569,0.,0.101654338900398),(0.,1.,0.),(0.98958372517104,
0.,0.143958504009343),(-0.989582784922059,0.,-0.143964967217383),(0.,1.,
0.),(0.,1.,0.),(0.994819780353569,0.,-0.101654338900401),(0.,1.,0.),(0.98958372517104,
0.,-0.14395850400934),(0.,1.,0.),(0.,0.,1.),(0.98628985573825,0.,-0.165022181744828),
(-0.994819783246002,0.,0.101654310594174),(0.,1.,0.),(0.,1.,0.),(-0.759727978122252,
0.,0.650241031663086),(0.,1.,0.),(-0.730987305805255,0.,0.682391059988021),
(0.,1.,0.),(-0.700865918133509,0.,0.713293042724289),(0.,1.,0.),(-0.669426780989012,
0.,0.742878041736791),(0.,1.,0.),(-0.636785147160847,0.,0.771041293547459),
(0.,1.,0.),(-0.602967573235592,0.,0.797765695944856),(0.,1.,0.),(-0.567977183776148,
0.,0.823044299360439),(0.,1.,0.),(-0.531933042684084,0.,0.846786418231216),
(0.,1.,0.),(-0.494919678222448,0.,0.868938727476333),(0.,1.,0.),(-0.456968316684471,
0.,0.889482972038567),(0.,1.,0.),(-0.418185927779703,0.,0.908361453281142),
(0.,1.,0.),(-0.378636450305526,0.,0.925545481594519),(0.,1.,0.),(-0.33839097501083,
0.,0.941005604675774),(0.,1.,0.),(-0.297461195482067,0.,0.954733909098435),
(0.,1.,0.),(-0.255954895997425,0.,0.966688725089389),(0.,1.,0.),(-0.214036445379731,
0.,0.976825675363424),(0.,1.,0.),(-0.171752010930854,0.,0.985140216792111),
(0.,1.,0.),(-0.12907817455875,0.,0.991634420970037),(0.,1.,0.),(-0.086185042342168,
0.,0.99627914686421),(0.,1.,0.),(-0.0431588913286887,0.,0.999068220943534),
(0.,1.,0.),(-0.0107878926038578,0.,0.999941808993487),(-0.994819783246002,
0.,-0.101654310594174),(0.,1.,0.),(0.,1.,0.),(-0.998249097858511,0.,0.0591501363030481),
(-0.998249097858511,0.,-0.0591501363030481),(0.,1.,0.),(0.,1.,0.),(-0.999673303929025,
0.,-0.0255594485783073),(-0.999845889496523,0.,0.0175555477529762),(0.,
1.,0.),(0.,1.,0.),(-0.999845889496523,0.,-0.0175555477529762),(-0.998160452842687,
0.,-0.0606276371045655),(0.,1.,0.),(0.,1.,0.),(-0.998160452842687,0.,0.0606276371045655),
(-0.999673303929025,0.,0.0255594485783073),(0.,1.,0.),(0.,1.,0.),(-0.0107878926047677,
0.,-0.999941808993477),(-0.998882188854535,0.,-0.0472691526174701),(0.,
1.,0.),(0.,1.,0.),(-0.998882188854535,0.,0.0472691526174701),(-0.994613534971707,
0.,-0.10365286320737),(0.,1.,0.),(0.,1.,0.),(-0.994613534971707,0.,0.10365286320737),
(-0.999659512622701,0.,0.0260932716029058),(0.,1.,0.),(0.,1.,0.),(-0.999659512622701,
0.,-0.0260932716029058),(0.,1.,0.),(0.999659512434895,0.,0.0260932787979738),
(-0.98920919477249,0.,-0.146509962042048),(0.,1.,0.),(0.,1.,0.),(-0.98920919477249,
0.,0.146509962042048),(0.,1.,0.),(-0.972918463827264,0.,0.231148572878997),
(0.,1.,0.),(-0.962045180349469,0.,0.272890217791621),(0.,1.,0.),(-0.949361583510574,
0.,0.314185588075417),(0.,1.,0.),(-0.934930088692146,0.,0.35483197327481),
(0.,1.,0.),(-0.918767039897569,0.,0.394800109419766),(0.,1.,0.),(-0.900876161074949,
0.,0.434076194241129),(0.,1.,0.),(-0.881310527790428,0.,0.472537568459649),
(0.,1.,0.),(-0.860126780954318,0.,0.51008030807429),(0.,1.,0.),(-0.837325469601153,
0.,0.546704726481497),(0.,1.,0.),(-0.812952253894941,0.,0.582330346871203),
(0.,1.,0.),(-0.787073549329987,0.,0.616859163784649),(0.,1.,0.),(-0.297461195482068,
0.,-0.954733909098435),(0.,1.,0.),(-0.255954895997425,0.,-0.966688725089389),
(0.,1.,0.),(-0.214036445379731,0.,-0.976825675363424),(0.,1.,0.),(-0.171752010930854,
0.,-0.985140216792111),(0.,1.,0.),(-0.12907817455875,0.,-0.991634420970037),
(0.,1.,0.),(-0.086185042342168,0.,-0.99627914686421),(0.,1.,0.),(-0.0431588913295995,
0.,-0.999068220943495),(-0.999863070454618,0.,0.0165481219799872),(0.,1.,
0.),(0.,1.,0.),(-0.999863070454618,0.,-0.0165481219799872),(-0.981968969414099,
0.,-0.189042172828746),(0.,1.,0.),(0.,1.,0.),(-0.981968969414099,0.,0.189042172828746),
(0.,1.,0.),(0.999863179334102,0.,-0.0165415420049443),(0.,1.,0.),(0.998248709830103,
0.,-0.0591566845126924),(-0.972918463827264,0.,-0.231148572878997),(0.,
1.,0.),(0.,1.,0.),(-0.962045180349469,0.,-0.272890217791621),(-0.949361583510574,
0.,-0.314185588075417),(0.,1.,0.),(0.,1.,0.),(-0.934930088692146,0.,-0.35483197327481),
(-0.918767039897569,0.,-0.394800109419766),(0.,1.,0.),(0.,1.,0.),(-0.900876161074949,
0.,-0.434076194241129),(-0.881310527790428,0.,-0.472537568459649),(0.,1.,
0.),(0.,1.,0.),(-0.860126780954318,0.,-0.51008030807429),(-0.837325469601153,
0.,-0.546704726481497),(0.,1.,0.),(0.,1.,0.),(-0.812952253894941,0.,-0.582330346871203),
(-0.787073549329987,0.,-0.616859163784649),(0.,1.,0.),(0.,1.,0.),(-0.759727978122252,
0.,-0.650241031663086),(-0.730987305805255,0.,-0.682391059988021),(0.,1.,
0.),(0.,1.,0.),(-0.700865918133509,0.,-0.713293042724289),(0.,1.,0.),(-0.567977183776148,
0.,-0.823044299360439),(0.,1.,0.),(-0.531933042684084,0.,-0.846786418231216),
(0.,1.,0.),(-0.494919678222448,0.,-0.868938727476333),(0.,1.,0.),(-0.456968316684471,
0.,-0.889482972038567),(0.,1.,0.),(-0.418185927779703,0.,-0.908361453281142),
(0.,1.,0.),(-0.378636450305526,0.,-0.925545481594519),(0.,1.,0.),(-0.338390975010557,
0.,-0.941005604675872),(-0.669426780989012,0.,-0.742878041736791),(0.,1.,
0.),(0.,1.,0.),(-0.636785147160847,0.,-0.771041293547459),(0.,1.,0.),(-0.602967573235592,
0.,-0.797765695944856),(0.0107888464448578,0.,-0.999941798702499),(0.,1.,
0.),(0.0107888464448578,0.,-0.999941798702499),(0.,1.,0.),(0.,1.,0.),(0.996198604433566,
0.,-0.0871110815259176),(0.0107888464448577,0.,0.999941798702499),(0.,1.,
0.),(0.,1.,0.),(0.998884585774004,0.,-0.0472184741716198),(0.,1.,0.),(0.999659512434895,
0.,-0.0260932787979738),(0.,1.,0.),(0.998884585774004,0.,0.0472184741716198),
(0.0431569858592814,0.,0.99906830325636),(0.,1.,0.),(0.,1.,0.),(0.0431569858592814,
0.,-0.99906830325636),(0.,1.,0.),(0.0431569858592814,0.,-0.99906830325636),
(0.,1.,0.),(0.984809941343282,0.,-0.173635766567377),(0.,1.,0.),(0.991442327736251,
0.,-0.130545435664846),(0.0431569858592814,0.,0.99906830325636),(0.,1.,
0.),(0.,1.,0.),(0.994608966856767,0.,0.103696687739356),(0.,1.,0.),(0.998157780500588,
0.,0.060671617962109),(0.,1.,0.),(0.999673302739724,0.,-0.0255594950938357),
(0.,1.,0.),(0.999846664614271,0.,0.0175113465991814),(0.,1.,0.),(0.994608966856767,
0.,-0.103696687739356),(0.,1.,0.),(0.998157780500588,0.,-0.0606716179621091),
(0.,1.,0.),(0.999673302739724,0.,0.0255594950938357),(0.,1.,0.),(0.999846664614271,
0.,-0.0175113465991814),(0.0861869318625852,0.,0.99627898340581),(0.,1.,
0.),(0.,1.,0.),(0.0861869318625852,0.,-0.99627898340581),(0.,1.,0.),(0.0861869318625852,
0.,-0.99627898340581),(0.0861869318625852,0.,0.99627898340581),(0.,1.,0.),
(0.,1.,0.),(0.129089490424273,0.,0.991632947951005),(0.129089490424273,
0.,-0.991632947951005),(0.,1.,0.),(0.129089490424273,0.,-0.991632947951005),
(0.,1.,0.),(0.,1.,0.),(0.129089490424273,0.,0.991632947951005),(0.171750163355669,
0.,0.985140538901583),(0.,1.,0.),(0.,1.,0.),(0.171750163355669,0.,-0.985140538901583),
(0.,1.,0.),(0.171750163355669,0.,-0.985140538901583),(0.171750163355669,
0.,0.985140538901583),(0.,1.,0.),(0.,1.,0.),(0.214028113967872,0.,0.976827500857421),
(0.214028113967872,0.,-0.976827500857421),(0.,1.,0.),(0.214028113967872,
0.,-0.976827500857421),(0.,1.,0.),(0.,1.,0.),(0.214028113967872,0.,0.976827500857421),
(0.255954895997493,0.,0.966688725089371),(0.,1.,0.),(0.,1.,0.),(0.255954895997493,
0.,-0.966688725089371),(0.,1.,0.),(0.255954895997493,0.,-0.966688725089371),
(0.255954895997493,0.,0.966688725089371),(0.,1.,0.),(0.,1.,0.),(0.297474619604979,
0.,0.954729726514721),(0.297474619604979,0.,-0.954729726514721),(0.,1.,
0.),(0.297474619604979,0.,-0.954729726514721),(0.,1.,0.),(0.,1.,0.),(0.297474619604979,
0.,0.954729726514721),(0.338374370441257,0.,0.941011575608123),(0.,1.,0.),
(0.,1.,0.),(0.338374370441257,0.,-0.941011575608123),(0.,1.,0.),(0.338374370441257,
0.,-0.941011575608123),(0.338374370441257,0.,0.941011575608123),(0.,1.,
0.),(0.,1.,0.),(0.730987305805242,0.,0.682391059988035),(0.,1.,0.),(0.759750216901491,
0.,0.650215047440566),(0.,1.,0.),(0.787072822999688,0.,0.616860090535367),
(0.,1.,0.),(0.812931651138319,0.,0.582359107920128),(0.,1.,0.),(0.837325469601565,
0.,0.546704726480867),(0.,1.,0.),(0.860126780954273,0.,0.510080308074366),
(0.,1.,0.),(0.881310527789789,0.,0.472537568460841),(0.,1.,0.),(0.900876161075201,
0.,0.434076194240607),(0.,1.,0.),(0.91876703989826,0.,0.394800109418158),
(0.,1.,0.),(0.934930088691842,0.,0.354831973275612),(0.,1.,0.),(0.94937485986757,
0.,0.314145468615148),(0.,1.,0.),(0.962033359206576,0.,0.272931888524794),
(0.,1.,0.),(0.972898679929864,0.,0.231231828671417),(0.,1.,0.),(0.981985445973699,
0.,0.188956566162266),(0.,1.,0.),(0.989221963437613,0.,0.146423724350373),
(0.378607104655303,0.,0.925557486223589),(0.,1.,0.),(0.,1.,0.),(0.378607104655303,
0.,-0.925557486223589),(0.,1.,0.),(0.378607104655303,0.,-0.925557486223589),
(0.,1.,0.),(0.976291788750022,0.,-0.216458640897706),(0.378607104655303,
0.,0.925557486223589),(0.,1.,0.),(0.,1.,0.),(0.418203505332312,0.,0.908353360828135),
(0.418203505332312,0.,-0.908353360828135),(0.,1.,0.),(0.418203505332312,
0.,-0.908353360828135),(0.,1.,0.),(0.,1.,0.),(0.418203505332312,0.,0.908353360828135),
(0.456985528913499,0.,0.889474129114304),(0.,1.,0.),(0.,1.,0.),(0.456985528913499,
0.,-0.889474129114304),(0.,1.,0.),(0.456985528913499,0.,-0.889474129114304),
(0.456985528913499,0.,0.889474129114304),(0.,1.,0.),(0.,1.,0.),(0.494919678221631,
0.,0.868938727476798),(0.494919678221631,0.,-0.868938727476798),(0.,1.,
0.),(0.494919678221631,0.,-0.868938727476798),(0.,1.,0.),(0.,1.,0.),(0.494919678221631,
0.,0.868938727476798),(0.53195363628058,0.,0.846773481426921),(0.,1.,0.),
(0.,1.,0.),(0.53195363628058,0.,-0.846773481426921),(0.,1.,0.),(0.53195363628058,
0.,-0.846773481426921),(0.53195363628058,0.,0.846773481426921),(0.,1.,0.),
(0.,1.,0.),(0.567975891616463,0.,0.823045191069411),(0.567975891616463,
0.,-0.823045191069411),(0.,1.,0.),(0.567975891616463,0.,-0.823045191069411),
(0.,1.,0.),(0.,1.,0.),(0.567975891616463,0.,0.823045191069411),(0.602946918984656,
0.,0.797781306428592),(0.,1.,0.),(0.,1.,0.),(0.602946918984656,0.,-0.797781306428592),
(0.,1.,0.),(0.602946918984656,0.,-0.797781306428592),(0.602946918984656,
0.,0.797781306428592),(0.,1.,0.),(0.,1.,0.),(0.669426780989688,0.,0.742878041736182),
(0.,1.,0.),(0.700865918132278,0.,0.713293042725498),(0.,1.,0.),(0.787072822999688,
0.,-0.616860090535367),(0.,1.,0.),(0.812931651138319,0.,-0.582359107920128),
(0.,1.,0.),(0.837325469601565,0.,-0.546704726480867),(0.,1.,0.),(0.860126780954273,
0.,-0.510080308074366),(0.,1.,0.),(0.881310527789789,0.,-0.472537568460841),
(0.,1.,0.),(0.900876161075201,0.,-0.434076194240607),(0.,1.,0.),(0.91876703989826,
0.,-0.394800109418158),(0.,1.,0.),(0.934930088691842,0.,-0.354831973275612),
(0.,1.,0.),(0.94937485986757,0.,-0.314145468615148),(0.,1.,0.),(0.962033359206576,
0.,-0.272931888524794),(0.,1.,0.),(0.972898679929864,0.,-0.231231828671417),
(0.,1.,0.),(0.981985445973699,0.,-0.188956566162266),(0.,1.,0.),(0.989221963437613,
0.,-0.146423724350373),(0.636785147161139,0.,0.771041293547218),(0.,1.,
0.),(0.,1.,0.),(0.636785147161139,0.,-0.771041293547218),(0.,1.,0.),(0.636785147161139,
0.,-0.771041293547218),(0.,1.,0.),(0.965913805799151,0.,-0.258863902015324),
(0.636785147161139,0.,0.771041293547218),(0.,1.,0.),(0.,1.,0.),(0.669426780989688,
0.,0.742878041736182),(0.669426780989688,0.,-0.742878041736182),(0.,1.,
0.),(0.669426780989688,0.,-0.742878041736182),(0.,1.,0.),(0.,1.,0.),(0.759750216901491,
0.,-0.650215047440566),(0.700865918132278,0.,0.713293042725498),(0.,1.,
0.),(0.,1.,0.),(0.700865918132278,0.,-0.713293042725498),(0.,1.,0.),(0.700865918132278,
0.,-0.713293042725498),(0.730987305805242,0.,0.682391059988035),(0.,1.,
0.),(0.,1.,0.),(0.730987305805242,0.,-0.682391059988035),(0.,1.,0.),(0.730987305805242,
0.,-0.682391059988035),(0.759750216901491,0.,0.650215047440566),(0.,1.,
0.),(0.,1.,0.),(0.759750216901491,0.,-0.650215047440566),(0.787072822999688,
0.,0.616860090535367),(0.,1.,0.),(0.,1.,0.),(0.787072822999688,0.,-0.616860090535367),
(0.812931651138319,0.,0.582359107920128),(0.,1.,0.),(0.,1.,0.),(0.812931651138319,
0.,-0.582359107920128),(0.,1.,0.),(0.953729521852471,0.,-0.300665926149036),
(0.837325469601565,0.,0.546704726480867),(0.,1.,0.),(0.,1.,0.),(0.837325469601565,
0.,-0.546704726480867),(0.860126780954273,0.,0.510080308074366),(0.,1.,
0.),(0.,1.,0.),(0.976291788750022,0.,-0.216458640897706),(0.860126780954273,
0.,-0.510080308074366),(0.,1.,0.),(0.,1.,0.),(0.881310527789789,0.,0.472537568460841),
(0.881310527789789,0.,-0.472537568460841),(0.,1.,0.),(0.,1.,0.),(0.900876161075201,
0.,0.434076194240607),(0.900876161075201,0.,-0.434076194240607),(0.,1.,
0.),(0.,1.,0.),(0.939710089259444,0.,-0.341972145275032),(0.91876703989826,
0.,0.394800109418158),(0.,1.,0.),(0.,1.,0.),(0.91876703989826,0.,-0.394800109418158),
(0.934930088691842,0.,0.354831973275612),(0.,1.,0.),(0.,1.,0.),(0.934930088691842,
0.,-0.354831973275612),(0.94937485986757,0.,0.314145468615148),(0.,1.,0.),
(0.,1.,0.),(0.94937485986757,0.,-0.314145468615148),(0.,1.,0.),(0.923859574640793,
0.,-0.382731611373472),(0.962033359206576,0.,0.272931888524794),(0.,1.,
0.),(0.,1.,0.),(0.962033359206576,0.,-0.272931888524794),(0.972898679929864,
0.,0.231231828671417),(0.,1.,0.),(0.,1.,0.),(0.972898679929864,0.,-0.231231828671417),
(0.981985445973699,0.,0.188956566162266),(0.,1.,0.),(0.,1.,0.),(0.981985445973699,
0.,-0.188956566162266),(0.,1.,0.),(0.906295708855748,0.,-0.422644162516955),
(0.989221963437613,0.,0.146423724350373),(0.,1.,0.),(0.,1.,0.),(0.989221963437613,
0.,-0.146423724350373),(0.999659512434895,0.,-0.0260932787979738),(0.,1.,
0.),(0.,1.,0.),(0.999863179334102,0.,0.0165415420049443),(0.,1.,0.),(0.866027909694474,
0.,0.49999565961138),(0.998248709830124,0.,0.0591566845123506),(0.,1.,0.),
(0.,1.,0.),(0.843412522124425,0.,0.537266523732603),(0.999863179334102,
0.,-0.0165415420049443),(0.,1.,0.),(0.,1.,0.),(0.998248709830103,0.,-0.0591566845126924),
(0.999659512434895,0.,0.0260932787979738),(0.,1.,0.),(0.,1.,0.),(0.843412522124425,
0.,-0.537266523732603),(0.,1.,0.),(0.819145128183849,0.,-0.573586313446081),
(0.998884585774004,0.,-0.0472184741716198),(0.,1.,0.),(0.,1.,0.),(0.999999999999832,
0.,0.),(0.,1.,0.),(0.999049289008145,0.,0.0435949324155973),(0.,1.,0.),
(0.999049314284614,0.,-0.0435943531600374),(0.,1.,0.),(0.996198604433566,
0.,0.0871110815259176),(0.,1.,0.),(0.996198353079952,0.,-0.0871139559473133),
(0.,1.,0.),(0.991442327736251,0.,0.130545435664846),(0.,1.,0.),(0.991442477225771,
0.,-0.130544300344469),(0.,1.,0.),(0.984809941343282,0.,0.173635766567377),
(0.,1.,0.),(0.984810641175999,0.,-0.173631797279524),(0.,1.,0.),(0.976291788750016,
0.,0.216458640897732),(0.,1.,0.),(0.965913805799142,0.,0.258863902015358),
(0.,1.,0.),(0.953729521852513,0.,0.300665926148904),(0.,1.,0.),(0.939710089259445,
0.,0.34197214527503),(0.,1.,0.),(0.923859574640777,0.,0.38273161137351),
(0.,1.,0.),(0.906295708855754,0.,0.422644162516941),(0.,1.,0.),(0.887009758629507,
0.,0.461750677418046),(0.998884585774004,0.,0.0472184741716198),(0.,1.,
0.),(0.,1.,0.),(0.887009758629395,0.,-0.461750677418261),(0.,1.,0.),(0.866027909694474,
0.,-0.49999565961138),(0.994608966856767,0.,0.103696687739356),(0.,1.,0.),
(0.,1.,0.),(0.994608966856767,0.,-0.103696687739356),(0.994819780353569,
0.,0.101654338900398),(0.,1.,0.),(0.,1.,0.),(0.819145128183849,0.,0.573586313446081),
(0.994819780353569,0.,-0.101654338900401),(0.,1.,0.),(0.,1.,0.),(0.793348822966001,
0.,-0.608767316056357),(0.998157780500588,0.,0.060671617962109),(0.,1.,
0.),(0.,1.,0.),(0.998157780500588,0.,-0.0606716179621091),(0.999673302739724,
0.,-0.0255594950938357),(0.,1.,0.),(0.,1.,0.),(0.999673302739724,0.,0.0255594950938357),
(0.999846664614271,0.,0.0175113465991814),(0.,1.,0.),(0.,1.,0.),(0.999846664614271,
0.,-0.0175113465991814),(0.98958372517104,0.,0.143958504009343),(0.,1.,
0.),(0.,1.,0.),(0.793348822966278,0.,0.608767316055996),(0.98958372517104,
0.,-0.14395850400934),(0.,1.,0.),(0.,1.,0.),(0.766047097139633,0.,-0.642784446734627),
(0.,1.,0.),(0.766047097139477,0.,0.642784446734814),(0.,1.,0.),(0.737268049118053,
0.,-0.675600343213102),(0.,1.,0.),(0.737268049118053,0.,0.675600343213102),
(0.,1.,0.),(0.707119159274926,0.,0.707094402881484),(0.,1.,0.),(0.67558568317368,
0.,0.737281482671817),(0.,1.,0.),(0.642774758479334,0.,0.766055226378513),
(0.,1.,0.),(0.608782424362123,0.,0.793337229548555),(0.,1.,0.),(0.573569588280535,
0.,0.819156839316927),(0.010911183223141,0.,-0.9999404712685),(0.,1.,0.),
(0.,1.,0.),(0.500030004420771,0.,0.866008080030991),(0.,1.,0.),(0.537296399643475,
0.,0.843393489973784),(0.,1.,0.),(0.707119159274912,0.,-0.707094402881497),
(0.,1.,0.),(0.675585683173969,0.,-0.737281482671551),(0.,1.,0.),(0.642774758479334,
0.,-0.766055226378513),(0.,1.,0.),(0.608782424362433,0.,-0.793337229548316),
(0.,1.,0.),(0.573569588280535,0.,-0.819156839316927),(0.010911183223141,
0.,0.9999404712685),(0.,1.,0.),(0.,1.,0.),(0.461741378176572,0.,-0.887014599473763),
(0.,1.,0.),(0.537296399643092,0.,-0.843393489974028),(0.,1.,0.),(0.500030004420817,
0.,-0.866008080030965),(0.99999999999971,0.,0.),(0.,-1.,0.),(0.,-1.,0.),
(0.99904813024288,0.,0.0436214793216041),(0.99999999999971,0.,0.),(0.,-1.,
0.),(0.,-1.,0.),(0.999048113572359,0.,0.0436218611192861),(0.999048113572359,
0.,-0.0436218611192861),(0.,-1.,0.),(0.,-1.,0.),(0.999049289008145,0.,0.0435949324155973),
(0.,-1.,0.),(0.999999999999832,0.,0.),(0.99904813024288,0.,-0.0436214793216041),
(0.,-1.,0.),(0.,-1.,0.),(0.999049314284614,0.,0.0435943531600374),(0.,-1.,
0.),(0.999999999999832,0.,0.),(0.996194823335196,0.,0.087154311196627),
(0.,-1.,0.),(0.,-1.,0.),(0.996194557738753,0.,-0.0871573469748219),(0.,
-1.,0.),(-0.300712129884533,0.,0.9537149547639),(0.,-1.,0.),(0.258815754528835,
0.,0.965926707989623),(0.,-1.,0.),(0.216437056947726,0.,0.976296573987539),
(0.,-1.,0.),(0.173633894643665,0.,0.98481027138778),(0.,-1.,0.),(0.13053226515133,
0.,0.991444061838318),(0.,-1.,0.),(0.0871742164775869,0.,0.996193081677201),
(0.,-1.,0.),(0.043619990377799,0.,0.999048195253583),(0.,-1.,0.),(0.,0.,
1.),(0.,-1.,0.),(-0.0436222753017614,0.,0.999048095487649),(0.,-1.,0.),
(-0.087176494871345,0.,0.996192882298376),(0.,-1.,0.),(-0.130532265150965,
0.,0.991444061838366),(0.,-1.,0.),(-0.173627175238147,0.,0.984811456076147),
(0.,-1.,0.),(-0.216438511485485,0.,0.976296251527142),(0.,-1.,0.),(-0.258814331348498,
0.,0.965927089323324),(0.996194557738736,0.,0.0871573469750223),(0.,-1.,
0.),(0.,-1.,0.),(0.996198604433566,0.,0.0871110815259176),(0.996194557738753,
0.,-0.0871573469748219),(0.,-1.,0.),(0.,-1.,0.),(0.999049314284614,0.,-0.0435943531600374),
(0.,-1.,0.),(0.996198353079952,0.,0.0871139559473133),(0.99619482333521,
0.,-0.0871543111964639),(0.,-1.,0.),(0.,-1.,0.),(0.999049289008145,0.,-0.0435949324155973),
(0.991448054916025,0.,0.130501932565118),(0.,-1.,0.),(0.,-1.,0.),(0.99144815366891,
0.,-0.130501182318437),(0.,-1.,0.),(-0.342037158407066,0.,0.939686427628291),
(0.99144815366891,0.,0.130501182318437),(0.,-1.,0.),(0.,-1.,0.),(0.991442327736251,
0.,0.130545435664846),(0.99144815366891,0.,-0.130501182318437),(0.,-1.,
0.),(0.,-1.,0.),(0.996198353079952,0.,-0.0871139559473133),(0.,-1.,0.),
(0.991442477225771,0.,0.130544300344469),(0.991448054916025,0.,-0.130501932565121),
(0.,-1.,0.),(0.,-1.,0.),(0.996198604433566,0.,-0.0871110815259176),(0.984810070649735,
0.,0.173635033178401),(0.,-1.,0.),(0.,-1.,0.),(0.984810532497385,0.,-0.173632413685395),
(0.,-1.,0.),(0.999940466931483,0.,0.0109115806759092),(0.,-1.,0.),(-0.382686491212204,
0.,0.923878265489394),(0.,-1.,0.),(-0.422615759912586,0.,0.906308953654055),
(0.,-1.,0.),(-0.461733663552679,0.,0.887018615330153),(0.,-1.,0.),(-0.500001572634715,
0.,0.866024495821459),(0.,-1.,0.),(-0.537309006421516,0.,0.843385458505376),
(0.,-1.,0.),(-0.57358668637557,0.,0.819144867048981),(0.,-1.,0.),(-0.608739440682566,
0.,0.793370212043203),(0.,-1.,0.),(-0.642779005142028,0.,0.766051663106755),
(0.,-1.,0.),(-0.675597642888105,0.,0.737270523569224),(0.,-1.,0.),(-0.707098230970496,
0.,0.707115331299213),(0.,-1.,0.),(-0.737295697596712,0.,0.675570169786513),
(0.,-1.,0.),(-0.766044750230449,0.,0.642787243685163),(0.,-1.,0.),(-0.793333619901697,
0.,0.60878712825886),(0.984810532497385,0.,0.173632413685395),(0.,-1.,0.),
(0.,-1.,0.),(0.984809941343282,0.,0.173635766567377),(0.984810532497385,
0.,-0.173632413685395),(0.,-1.,0.),(0.,-1.,0.),(0.991442477225771,0.,-0.130544300344469),
(0.,-1.,0.),(0.984810641175999,0.,0.173631797279524),(0.984810070649735,
0.,-0.173635033178399),(0.,-1.,0.),(0.,-1.,0.),(0.991442327736251,0.,-0.130545435664846),
(0.976294374439654,0.,0.216446978351476),(0.,-1.,0.),(0.,-1.,0.),(0.976295274107387,
0.,-0.216442920317534),(0.976295274107387,0.,0.216442920317534),(0.,-1.,
0.),(0.,-1.,0.),(0.976291788750016,0.,0.216458640897732),(0.976295274107387,
0.,-0.216442920317534),(0.,-1.,0.),(0.,-1.,0.),(0.984810641175999,0.,-0.173631797279524),
(0.,-1.,0.),(0.976291788750016,0.,0.216458640897732),(0.976294374439654,
0.,-0.216446978351476),(0.,-1.,0.),(0.,-1.,0.),(0.984809941343282,0.,-0.173635766567377),
(0.965919232996638,0.,0.258843650351301),(0.,-1.,0.),(0.,-1.,0.),(0.965919042163195,
0.,-0.258844362477792),(0.965919042163195,0.,0.258844362477792),(0.,-1.,
0.),(0.,-1.,0.),(0.965913805799142,0.,0.258863902015358),(0.965919042163195,
0.,-0.258844362477792),(0.,-1.,0.),(0.,-1.,0.),(0.976291788750022,0.,-0.216458640897706),
(0.,-1.,0.),(0.965913805799142,0.,0.258863902015358),(0.965919232996638,
0.,-0.258843650351301),(0.,-1.,0.),(0.,-1.,0.),(0.976291788750022,0.,-0.216458640897706),
(0.953718393696673,0.,0.300701223018195),(0.,-1.,0.),(0.,-1.,0.),(0.953716922107953,
0.,-0.300705890339602),(0.953716922107953,0.,0.300705890339602),(0.,-1.,
0.),(0.,-1.,0.),(0.953729521852513,0.,0.300665926148904),(0.953716922107953,
0.,-0.300705890339602),(0.,-1.,0.),(0.,-1.,0.),(0.965913805799151,0.,-0.258863902015324),
(0.,-1.,0.),(0.953729521852513,0.,0.300665926148904),(0.953718393696673,
0.,-0.300701223018195),(0.,-1.,0.),(0.,-1.,0.),(0.965913805799151,0.,-0.258863902015324),
(0.939697754383579,0.,0.342006038552624),(0.,-1.,0.),(0.,-1.,0.),(0.939699921985363,
0.,-0.342000082778793),(0.939699921985363,0.,0.342000082778793),(0.,-1.,
0.),(0.,-1.,0.),(0.939710089259445,0.,0.34197214527503),(0.939699921985363,
0.,-0.342000082778793),(0.,-1.,0.),(0.,-1.,0.),(0.953729521852471,0.,-0.300665926149036),
(0.,-1.,0.),(0.939710089259445,0.,0.34197214527503),(0.939697754383579,
0.,-0.342006038552624),(0.,-1.,0.),(0.,-1.,0.),(0.953729521852471,0.,-0.300665926149036),
(0.923872140352872,0.,0.382701278126691),(0.,-1.,0.),(0.,-1.,0.),(0.923871870428726,
0.,-0.382701929744974),(0.923871870428726,0.,0.382701929744974),(0.,-1.,
0.),(0.,-1.,0.),(0.923859574640777,0.,0.38273161137351),(0.923871870428726,
0.,-0.382701929744974),(0.,-1.,0.),(0.,-1.,0.),(0.939710089259444,0.,-0.341972145275032),
(0.,-1.,0.),(0.923859574640777,0.,0.38273161137351),(0.923872140352872,
0.,-0.382701278126691),(0.,-1.,0.),(0.,-1.,0.),(0.939710089259444,0.,-0.341972145275032),
(0.906298829870022,0.,0.422637469915091),(0.,-1.,0.),(0.,-1.,0.),(0.906295853096702,
0.,-0.422643853214171),(0.906295853096702,0.,0.422643853214171),(0.,-1.,
0.),(0.,-1.,0.),(0.906295708855754,0.,0.422644162516941),(0.906295853096702,
0.,-0.422643853214171),(0.,-1.,0.),(0.,-1.,0.),(0.923859574640793,0.,-0.382731611373472),
(0.,-1.,0.),(0.906295708855754,0.,0.422644162516941),(0.906298829870022,
0.,-0.422637469915091),(0.,-1.,0.),(0.,-1.,0.),(0.923859574640793,0.,-0.382731611373472),
(0.88701425704418,0.,0.461742035990185),(0.,-1.,0.),(0.,-1.,0.),(0.88701425704418,
0.,-0.461742035990185),(0.88701425704418,0.,0.461742035990185),(0.,-1.,
0.),(0.,-1.,0.),(0.88701425704418,0.,-0.461742035990185),(0.,-1.,0.),(0.887009758629507,
0.,0.461750677418046),(0.88701425704418,0.,-0.461742035990185),(0.,-1.,
0.),(0.,-1.,0.),(0.906295708855748,0.,-0.422644162516955),(0.,-1.,0.),(0.887009758629507,
0.,0.461750677418046),(0.88701425704418,0.,-0.461742035990185),(0.,-1.,
0.),(0.,-1.,0.),(0.906295708855748,0.,-0.422644162516955),(0.866032822463258,
0.,0.499987150251207),(0.,-1.,0.),(0.,-1.,0.),(0.866028286874113,0.,-0.499995006308951),
(0.866028286874113,0.,0.499995006308951),(0.,-1.,0.),(0.,-1.,0.),(0.866032822463258,
0.,-0.499987150251207),(0.,-1.,0.),(0.0436182007536008,0.,0.999048273389739),
(0.,-1.,0.),(0.866027909694474,0.,0.49999565961138),(0.866028286874113,
0.,-0.499995006308951),(0.,-1.,0.),(0.,-1.,0.),(0.887009758629395,0.,-0.461750677418261),
(0.,-1.,0.),(0.866027909694474,0.,0.49999565961138),(0.866032822463258,
0.,-0.499987150251207),(0.,-1.,0.),(0.,-1.,0.),(0.887009758629395,0.,-0.461750677418261),
(0.843395206883411,0.,0.537293704603068),(0.,-1.,0.),(0.,-1.,0.),(0.843395552654486,
0.,-0.537293161842428),(0.843395552654486,0.,0.537293161842428),(0.,-1.,
0.),(0.,-1.,0.),(0.843395206883411,0.,-0.537293704603068),(0.,-1.,0.),(0.843412522124425,
0.,0.537266523732603),(0.843395552654486,0.,-0.537293161842428),(0.,-1.,
0.),(0.,-1.,0.),(0.866027909694474,0.,-0.49999565961138),(0.,-1.,0.),(0.843412522124425,
0.,0.537266523732603),(0.843395206883411,0.,-0.537293704603068),(0.,-1.,
0.),(0.,-1.,0.),(0.866027909694474,0.,-0.49999565961138),(0.819150798085077,
0.,0.573578216110568),(0.,-1.,0.),(0.,-1.,0.),(0.819150439337688,0.,-0.573578728452226),
(0.819150439337674,0.,0.573578728452246),(0.,-1.,0.),(0.,-1.,0.),(0.819150798085077,
0.,-0.573578216110568),(0.,-1.,0.),(0.0871620759886306,0.,0.996194143984671),
(0.,-1.,0.),(0.819145128183849,0.,0.573586313446081),(0.819150439337688,
0.,-0.573578728452226),(0.,-1.,0.),(0.,-1.,0.),(0.843412522124425,0.,-0.537266523732603),
(0.,-1.,0.),(0.819145128183849,0.,0.573586313446081),(0.819150798085077,
0.,-0.573578216110568),(0.,-1.,0.),(0.,-1.,0.),(0.843412522124425,0.,-0.537266523732603),
(0.793349856032477,0.,0.608765969756234),(0.,-1.,0.),(0.,-1.,0.),(0.793350224556949,
0.,-0.608765489491183),(0.793350224557271,0.,0.608765489490762),(0.,-1.,
0.),(0.,-1.,0.),(0.793349856032477,0.,-0.608765969756234),(0.,-1.,0.),(0.130526876770948,
0.,0.991444771250735),(0.,-1.,0.),(0.793348822966278,0.,0.608767316055996),
(0.793350224556949,0.,-0.608765489491183),(0.,-1.,0.),(0.,-1.,0.),(0.819145128183849,
0.,-0.573586313446081),(0.,-1.,0.),(0.793358918419202,0.,0.60875415938186),
(0.793349856032477,0.,-0.608765969756234),(0.,-1.,0.),(0.,-1.,0.),(0.819145128183849,
0.,-0.573586313446081),(0.766038345278379,0.,0.642794876739978),(0.,-1.,
0.),(0.,-1.,0.),(0.766045381072953,0.,-0.642786491874864),(0.766045381072953,
0.,0.642786491874864),(0.,-1.,0.),(0.,-1.,0.),(0.766038345278379,0.,-0.642794876739978),
(0.,-1.,0.),(0.766047097139477,0.,0.642784446734814),(0.766045381072953,
0.,-0.642786491874864),(0.,-1.,0.),(0.,-1.,0.),(0.793358918419478,0.,-0.608754159381499),
(0.,-1.,0.),(0.766046527025149,0.,0.642785126175697),(0.766038345278379,
0.,-0.642794876739978),(0.,-1.,0.),(0.,-1.,0.),(0.793348822966001,0.,-0.608767316056357),
(0.737286468122819,0.,0.675580242401285),(0.,-1.,0.),(0.,-1.,0.),(0.737286468122497,
0.,-0.675580242401636),(0.737286468122819,0.,0.675580242401285),(0.,-1.,
0.),(0.,-1.,0.),(0.737286468122497,0.,-0.675580242401636),(0.,-1.,0.),(0.737268049118053,
0.,0.675600343213102),(0.737286468122497,0.,-0.675580242401636),(0.,-1.,
0.),(0.,-1.,0.),(0.766046527025149,0.,-0.642785126175697),(0.,-1.,0.),(0.737256245890144,
0.,0.675613223594662),(0.737286468122497,0.,-0.675580242401636),(0.,-1.,
0.),(0.,-1.,0.),(0.766047097139633,0.,-0.642784446734627),(0.707098613691335,
0.,0.707114948587422),(0.,-1.,0.),(0.,-1.,0.),(0.707098613691335,0.,-0.707114948587422),
(0.707098613691335,0.,0.707114948587422),(0.,-1.,0.),(0.,-1.,0.),(0.707098613691335,
0.,-0.707114948587422),(0.,-1.,0.),(0.707119159274926,0.,0.707094402881484),
(0.707098613691335,0.,-0.707114948587422),(0.,-1.,0.),(0.,-1.,0.),(0.737256245890144,
0.,-0.675613223594662),(0.,-1.,0.),(0.707119159274926,0.,0.707094402881484),
(0.707098613691335,0.,-0.707114948587422),(0.,-1.,0.),(0.,-1.,0.),(0.737268049118053,
0.,-0.675600343213102),(0.675588728391692,0.,0.737278692266429),(0.,-1.,
0.),(0.,-1.,0.),(0.675588728391729,0.,-0.737278692266396),(0.675588728391692,
0.,0.737278692266429),(0.,-1.,0.),(0.,-1.,0.),(0.675588728391729,0.,-0.737278692266396),
(0.,-1.,0.),(0.67558568317368,0.,0.737281482671817),(0.675588728391729,
0.,-0.737278692266396),(0.,-1.,0.),(0.,-1.,0.),(0.707119159274912,0.,-0.707094402881497),
(0.,-1.,0.),(0.67558568317368,0.,0.737281482671817),(0.675588728391729,
0.,-0.737278692266396),(0.,-1.,0.),(0.,-1.,0.),(0.707119159274912,0.,-0.707094402881497),
(0.642795772645324,0.,0.766037593509157),(0.,-1.,0.),(0.,-1.,0.),(0.642795772645324,
0.,-0.766037593509157),(0.642795772645324,0.,0.766037593509157),(0.,-1.,
0.),(0.,-1.,0.),(0.642795772645324,0.,-0.766037593509157),(0.,-1.,0.),(0.642774758479334,
0.,0.766055226378513),(0.642795772645324,0.,-0.766037593509157),(0.,-1.,
0.),(0.,-1.,0.),(0.675585683173969,0.,-0.737281482671551),(0.,-1.,0.),(0.642774758479334,
0.,0.766055226378513),(0.642795772645324,0.,-0.766037593509157),(0.,-1.,
0.),(0.,-1.,0.),(0.675585683173969,0.,-0.737281482671551),(0.996198353079952,
0.,0.0871139559473133),(0.,1.,0.),(0.,1.,0.),(-0.0436500695821318,0.,-0.999046881495296),
(0.991442477225771,0.,0.130544300344469),(0.,1.,0.),(0.,1.,0.),(-0.0871626095310076,
0.,-0.9961940973022),(0.984810641175999,0.,0.173631797279524),(0.,1.,0.),
(0.,1.,0.),(0.976291788750016,0.,0.216458640897732),(0.965913805799142,
0.,0.258863902015358),(0.,1.,0.),(0.608748602543733,0.,0.793363182219249),
(0.,-1.,0.),(0.,-1.,0.),(0.608748602543938,0.,-0.793363182219091),(0.608748602543733,
0.,0.793363182219249),(0.,-1.,0.),(0.,-1.,0.),(0.608748602543938,0.,-0.793363182219091),
(0.,-1.,0.),(0.608782424362123,0.,0.793337229548555),(0.608748602543938,
0.,-0.793363182219091),(0.,-1.,0.),(0.,-1.,0.),(0.642774758479334,0.,-0.766055226378513),
(0.,-1.,0.),(0.608782424362123,0.,0.793337229548555),(0.608748602543938,
0.,-0.793363182219091),(0.,-1.,0.),(0.,-1.,0.),(0.642774758479334,0.,-0.766055226378513),
(0.953729521852513,0.,0.300665926148904),(0.,1.,0.),(0.,1.,0.),(-0.999941798702485,
0.,-0.0107888464461647),(0.939710089259445,0.,0.34197214527503),(0.,1.,
0.),(0.,1.,0.),(0.923859574640777,0.,0.38273161137351),(0.906295708855754,
0.,0.422644162516941),(0.,1.,0.),(0.57357821611122,0.,0.81915079808462),
(0.,-1.,0.),(0.,-1.,0.),(0.5735782161112,0.,-0.819150798084634),(0.57357821611122,
0.,0.81915079808462),(0.,-1.,0.),(0.,-1.,0.),(0.5735782161112,0.,-0.819150798084634),
(0.,-1.,0.),(0.573569588280535,0.,0.819156839316927),(0.5735782161112,0.,
-0.819150798084634),(0.,-1.,0.),(0.,-1.,0.),(0.608782424362433,0.,-0.793337229548316),
(0.,-1.,0.),(0.573569588280535,0.,0.819156839316927),(0.5735782161112,0.,
-0.819150798084634),(0.,-1.,0.),(0.,-1.,0.),(0.608782424362433,0.,-0.793337229548316),
(0.887009758629507,0.,0.461750677418046),(0.,1.,0.),(0.,1.,0.),(0.866027909694474,
0.,0.49999565961138),(0.537301355305638,0.,0.843390332874835),(0.,-1.,0.),
(0.537301355305638,0.,0.843390332874835),(0.,-1.,0.),(0.,-1.,0.),(0.537301355305673,
0.,-0.843390332874812),(0.537301355305638,0.,0.843390332874835),(0.,-1.,
0.),(0.,-1.,0.),(0.537301355305673,0.,-0.843390332874812),(0.,-1.,0.),(0.537296399643475,
0.,0.843393489973784),(0.537301355305673,0.,-0.843390332874812),(0.,-1.,
0.),(0.,-1.,0.),(0.573569588280535,0.,-0.819156839316927),(0.,-1.,0.),(0.537296399643475,
0.,0.843393489973784),(0.537301355305673,0.,-0.843390332874812),(0.,-1.,
0.),(0.,-1.,0.),(0.573569588280535,0.,-0.819156839316927),(0.843412522124425,
0.,0.537266523732603),(0.,1.,0.),(0.,1.,0.),(-0.966663840577035,0.,0.256048861198126),
(0.,1.,0.),(-0.999941798702485,0.,0.0107888464461548),(0.,1.,0.),(-0.99907210699809,
0.,0.0430688404579964),(0.,1.,0.),(-0.996282797992325,0.,0.086142825729038),
(0.,1.,0.),(-0.991627272651014,0.,0.129133079165303),(0.,1.,0.),(-0.985140538901921,
0.,0.171750163353727),(0.,1.,0.),(-0.976827500857512,0.,0.214028113967457),
(0.819145128183849,0.,0.573586313446081),(0.,1.,0.),(0.,1.,0.),(-0.868937800665779,
0.,0.49492130543564),(0.,1.,0.),(-0.954742399387639,0.,0.29743394361023),
(0.,1.,0.),(-0.941044914575193,0.,0.338281641169259),(0.,1.,0.),(-0.925526507611858,
0.,0.378682827320963),(0.,1.,0.),(-0.908369655692014,0.,0.41816811047469),
(0.,1.,0.),(-0.889474933637517,0.,0.456983962990535),(0.793358918419202,
0.,0.60875415938186),(0.,1.,0.),(0.500008283708283,0.,0.866020621130408),
(0.,-1.,0.),(0.500008283708283,0.,0.866020621130408),(0.,-1.,0.),(0.,-1.,
0.),(0.500008283708283,0.,-0.866020621130408),(0.500008283708283,0.,0.866020621130408),
(0.,-1.,0.),(0.,-1.,0.),(0.500008283708283,0.,-0.866020621130408),(0.,-1.,
0.),(0.500030004420771,0.,0.866008080030991),(0.500008283708283,0.,-0.866020621130408),
(0.,-1.,0.),(0.,-1.,0.),(0.537296399643092,0.,-0.843393489974028),(0.,-1.,
0.),(0.500030004420771,0.,0.866008080030991),(0.500008283708283,0.,-0.866020621130408),
(0.,-1.,0.),(0.,-1.,0.),(0.537296399643092,0.,-0.843393489974028),(0.766046527025149,
0.,0.642785126175697),(0.,1.,0.),(0.,1.,0.),(0.737256245890144,0.,0.675613223594662),
(0.461755635139264,0.,0.887007177770921),(0.,-1.,0.),(0.461755635139264,
0.,0.887007177770921),(0.,-1.,0.),(0.,-1.,0.),(0.461741724063167,0.,-0.887014419420099),
(0.461741724063167,0.,0.887014419420099),(0.,-1.,0.),(0.,-1.,0.),(0.461755635139264,
0.,-0.887007177770921),(0.,-1.,0.),(0.461741378176572,0.,0.887014599473763),
(0.461741724063167,0.,-0.887014419420099),(0.,-1.,0.),(0.,-1.,0.),(0.500030004420817,
0.,-0.866008080030965),(0.,-1.,0.),(0.46176245548532,0.,0.887003627221539),
(0.461755635139264,0.,-0.887007177770921),(0.,-1.,0.),(0.,-1.,0.),(0.500030004420817,
0.,-0.866008080030965),(0.707119159274926,0.,0.707094402881484),(0.,1.,
0.),(0.,1.,0.),(0.67558568317368,0.,0.737281482671817),(0.422614840737114,
0.,0.90630938226896),(0.,-1.,0.),(0.422614840737114,0.,0.90630938226896),
(0.,-1.,0.),(0.,-1.,0.),(0.422615133550403,0.,-0.906309245729169),(0.422615133550403,
0.,0.906309245729169),(0.,-1.,0.),(0.,-1.,0.),(0.422614840737114,0.,-0.90630938226896),
(0.,-1.,0.),(0.42260283996548,0.,0.906314978168799),(0.422615133550403,
0.,-0.906309245729169),(0.,-1.,0.),(0.,-1.,0.),(0.46176245548532,0.,-0.887003627221539),
(0.,-1.,0.),(0.422602397498841,0.,0.906315184485084),(0.422614840737114,
0.,-0.90630938226896),(0.,-1.,0.),(0.,-1.,0.),(0.461741378176572,0.,-0.887014599473763),
(0.642774758479334,0.,0.766055226378513),(0.,1.,0.),(0.,1.,0.),(0.608782424362123,
0.,0.793337229548555),(0.382666499480245,0.,0.923886546160044),(0.,-1.,
0.),(0.382666499480245,0.,0.923886546160044),(0.,-1.,0.),(0.,-1.,0.),(0.382681287325175,
0.,-0.923880421012994),(0.382681287325175,0.,0.923880421012994),(0.,-1.,
0.),(0.,-1.,0.),(0.382666499480245,0.,-0.923886546160044),(0.,-1.,0.),(0.382698359964248,
0.,0.923873349155973),(0.382681287325175,0.,-0.923880421012994),(0.,-1.,
0.),(0.,-1.,0.),(0.422602397498841,0.,-0.906315184485084),(0.,-1.,0.),(0.382675955528636,
0.,0.923882629482904),(0.382666499480245,0.,-0.923886546160044),(0.,-1.,
0.),(0.,-1.,0.),(0.42260283996548,0.,-0.906314978168799),(0.573569588280535,
0.,0.819156839316927),(0.,1.,0.),(0.,1.,0.),(0.0436182007536022,0.,-0.999048273389739),
(0.,-1.,0.),(0.342025247377479,0.,0.939690763047277),(0.,-1.,0.),(0.300721463189148,
0.,0.95371201186594),(0.0436182007536022,0.,-0.999048273389739),(0.,-1.,
0.),(0.,-1.,0.),(0.216437056947726,0.,0.976296573987539),(0.,-1.,0.),(0.258815754528835,
0.,0.965926707989623),(0.,1.,0.),(0.461741378176572,0.,0.887014599473763),
(0.,1.,0.),(0.258852577634516,0.,0.965916840650357),(0.,1.,0.),(0.42260283996548,
0.,0.906314978168799),(0.,1.,0.),(0.382698359964248,0.,0.923873349155973),
(0.,1.,0.),(0.342012318748577,0.,0.939695468662173),(0.,1.,0.),(0.300680351125588,
0.,0.953724974217931),(0.0436182007536008,0.,0.999048273389739),(0.,1.,
0.),(0.,1.,0.),(0.216459745801358,0.,-0.976291543775532),(0.,1.,0.),(0.42260283996548,
0.,-0.906314978168799),(0.,1.,0.),(0.382698359964248,0.,-0.923873349155973),
(0.,1.,0.),(0.342012318748577,0.,-0.939695468662173),(0.,1.,0.),(0.300680351125635,
0.,-0.953724974217916),(0.,1.,0.),(0.258852577634532,0.,-0.965916840650353),
(0.342025247377479,0.,0.939690763047277),(0.,-1.,0.),(0.,-1.,0.),(0.342025247377479,
0.,-0.939690763047277),(0.342025247377479,0.,0.939690763047277),(0.,-1.,
0.),(0.,-1.,0.),(0.342025247377479,0.,-0.939690763047277),(0.,-1.,0.),(0.342012318748577,
0.,0.939695468662173),(0.342025247377479,0.,-0.939690763047277),(0.,-1.,
0.),(0.,-1.,0.),(0.382675955528636,0.,-0.923882629482904),(0.,-1.,0.),(0.342012318748577,
0.,0.939695468662173),(0.342025247377479,0.,-0.939690763047277),(0.,-1.,
0.),(0.,-1.,0.),(0.382698359964248,0.,-0.923873349155973),(0.537296399643475,
0.,0.843393489973784),(0.,1.,0.),(0.,1.,0.),(0.500030004420771,0.,0.866008080030991),
(0.300721463189148,0.,0.95371201186594),(0.,-1.,0.),(0.,-1.,0.),(0.300721463189148,
0.,-0.95371201186594),(0.300721463189148,0.,0.95371201186594),(0.,-1.,0.),
(0.,-1.,0.),(0.300721463189148,0.,-0.95371201186594),(0.,-1.,0.),(0.300680351125588,
0.,0.953724974217931),(0.300721463189148,0.,-0.95371201186594),(0.,-1.,
0.),(0.,-1.,0.),(0.342012318748577,0.,-0.939695468662173),(0.,-1.,0.),(0.300680351125588,
0.,0.953724974217931),(0.300721463189148,0.,-0.95371201186594),(0.,-1.,
0.),(0.,-1.,0.),(0.342012318748577,0.,-0.939695468662173),(0.46176245548532,
0.,0.887003627221539),(0.,1.,0.),(0.,1.,0.),(0.0871620759883704,0.,-0.996194143984694),
(0.0871620759883704,0.,-0.996194143984694),(0.,-1.,0.),(0.,-1.,0.),(0.173633894643665,
0.,0.98481027138778),(0.,1.,0.),(0.216459745801876,0.,0.976291543775417),
(0.0871620759886306,0.,0.996194143984671),(0.,1.,0.),(0.,1.,0.),(0.173604888448618,
0.,-0.984815385088364),(0.422602397498841,0.,0.906315184485084),(0.,1.,
0.),(0.258815754528835,0.,0.965926707989623),(0.,-1.,0.),(0.,-1.,0.),(0.258815754529545,
0.,-0.965926707989432),(0.258815754528835,0.,0.965926707989623),(0.,-1.,
0.),(0.,-1.,0.),(0.258815754529545,0.,-0.965926707989432),(0.,-1.,0.),(0.258852577634516,
0.,0.965916840650357),(0.258815754529545,0.,-0.965926707989432),(0.,-1.,
0.),(0.,-1.,0.),(0.300680351125635,0.,-0.953724974217916),(0.,-1.,0.),(0.258852577634516,
0.,0.965916840650357),(0.258815754529545,0.,-0.965926707989432),(0.,-1.,
0.),(0.,-1.,0.),(0.300680351125635,0.,-0.953724974217916),(0.382675955528636,
0.,0.923882629482904),(0.,1.,0.),(0.216437056947726,0.,0.976296573987539),
(0.,-1.,0.),(0.,-1.,0.),(0.216437056948067,0.,-0.976296573987464),(0.216437056947726,
0.,0.976296573987539),(0.,-1.,0.),(0.,-1.,0.),(0.216437056948067,0.,-0.976296573987464),
(0.,-1.,0.),(0.216459745801876,0.,0.976291543775417),(0.216437056948067,
0.,-0.976296573987464),(0.,-1.,0.),(0.,-1.,0.),(0.258852577634532,0.,-0.965916840650353),
(0.,-1.,0.),(0.216459745801876,0.,0.976291543775417),(0.216437056948067,
0.,-0.976296573987464),(0.,-1.,0.),(0.,-1.,0.),(0.258852577634532,0.,-0.965916840650353),
(0.342012318748577,0.,0.939695468662173),(0.,1.,0.),(0.,1.,0.),(0.130526876770932,
0.,-0.991444771250737),(0.,-1.,0.),(0.13053226515133,0.,0.991444061838318),
(0.130526876770932,0.,-0.991444771250737),(0.,-1.,0.),(0.,-1.,0.),(0.0871742164775869,
0.,0.996193081677201),(0.,1.,0.),(0.130516612747917,0.,0.991446122488161),
(0.,1.,0.),(0.173604888449028,0.,0.984815385088292),(0.130526876770948,
0.,0.991444771250735),(0.,1.,0.),(0.,1.,0.),(0.0871889486033169,0.,-0.996191792398155),
(0.,1.,0.),(0.130516612747917,0.,-0.991446122488161),(0.300680351125588,
0.,0.953724974217931),(0.,1.,0.),(0.173633894643665,0.,0.98481027138778),
(0.,-1.,0.),(0.,-1.,0.),(0.173633894643665,0.,-0.98481027138778),(0.173633894643665,
0.,0.98481027138778),(0.,-1.,0.),(0.,-1.,0.),(0.173633894643665,0.,-0.98481027138778),
(0.,-1.,0.),(0.173604888449028,0.,0.984815385088292),(0.173633894643665,
0.,-0.98481027138778),(0.,-1.,0.),(0.,-1.,0.),(0.216459745801358,0.,-0.976291543775532),
(0.,-1.,0.),(0.173604888449028,0.,0.984815385088292),(0.173633894643665,
0.,-0.98481027138778),(0.,-1.,0.),(0.,-1.,0.),(0.216459745801358,0.,-0.976291543775532),
(0.258852577634516,0.,0.965916840650357),(0.,1.,0.),(0.13053226515133,0.,
0.991444061838318),(0.,-1.,0.),(0.,-1.,0.),(0.13053226515133,0.,-0.991444061838318),
(0.13053226515133,0.,0.991444061838318),(0.,-1.,0.),(0.,-1.,0.),(0.13053226515133,
0.,-0.991444061838318),(0.,-1.,0.),(0.130516612747917,0.,0.991446122488161),
(0.,-1.,0.),(0.173604888448618,0.,-0.984815385088364),(0.13053226515133,
0.,-0.991444061838318),(0.,-1.,0.),(0.,-1.,0.),(0.130516612747917,0.,0.991446122488161),
(0.,-1.,0.),(0.173604888448618,0.,-0.984815385088364),(0.13053226515133,
0.,-0.991444061838318),(0.,-1.,0.),(0.216459745801876,0.,0.976291543775417),
(0.,1.,0.),(0.,1.,0.),(0.173645089719972,0.,-0.98480829749558),(0.,-1.,
0.),(0.043619990377799,0.,0.999048195253583),(0.173645089719972,0.,-0.98480829749558),
(0.,-1.,0.),(0.,-1.,0.),(0.173645089719729,0.,0.984808297495623),(0.,-1.,
0.),(0.0871742164776251,0.,-0.996193081677198),(0.,1.,0.),(0.0871889486033169,
0.,0.996191792398155),(0.173645089719729,0.,0.984808297495623),(0.,1.,0.),
(0.,1.,0.),(0.0436224014877238,0.,-0.999048089977877),(0.173604888449028,
0.,0.984815385088292),(0.,1.,0.),(0.0871742164775869,0.,0.996193081677201),
(0.,-1.,0.),(0.,-1.,0.),(0.0871742164776251,0.,-0.996193081677198),(0.0871742164775869,
0.,0.996193081677201),(0.,-1.,0.),(0.,-1.,0.),(0.0871889486033169,0.,0.996191792398155),
(0.,-1.,0.),(0.130516612747917,0.,-0.991446122488161),(0.0871742164776251,
0.,-0.996193081677198),(0.,-1.,0.),(0.,-1.,0.),(0.0871626095310973,0.,0.996194097302192),
(0.,-1.,0.),(0.130516612747917,0.,-0.991446122488161),(0.0871742164776251,
0.,-0.996193081677198),(0.,-1.,0.),(0.130516612747917,0.,0.991446122488161),
(0.,1.,0.),(0.043619990377799,0.,0.999048195253583),(0.,-1.,0.),(0.,-1.,
0.),(0.0436199903778382,0.,-0.999048195253581),(0.043619990377799,0.,0.999048195253583),
(0.,-1.,0.),(0.,-1.,0.),(0.0436199903778382,0.,-0.999048195253581),(0.,
-1.,0.),(0.0436224014877238,0.,0.999048089977877),(0.,-1.,0.),(0.0871626095310973,
0.,-0.996194097302192),(0.,-1.,0.),(0.0436199903778382,0.,-0.999048195253581),
(0.,-1.,0.),(0.0436489110124536,0.,0.999046932114516),(0.,-1.,0.),(0.0871889486033169,
0.,-0.996191792398155),(0.,-1.,0.),(0.0436199903778382,0.,-0.999048195253581),
(0.0871626095310973,0.,0.996194097302192),(0.,1.,0.),(0.,1.,0.),(0.216448084323986,
0.,-0.976294129242042),(0.,-1.,0.),(0.,0.,1.),(0.,-1.,0.),(0.216448084323986,
0.,-0.976294129242042),(0.216448084323986,0.,0.976294129242042),(0.,-1.,
0.),(0.,1.,0.),(0.0436224014877238,0.,0.999048089977877),(0.,1.,0.),(-1.15406452068328E-6,
0.,-0.999999999999334),(0.,1.,0.),(0.216448084323986,0.,0.976294129242042),
(0.0436489110124536,0.,-0.999046932114516),(0.,-1.,0.),(0.0436489110124536,
0.,0.999046932114516),(0.,1.,0.),(0.0436224014877238,0.,-0.999048089977877),
(0.,-1.,0.),(0.,-1.,0.),(0.,0.,1.),(0.,0.,-1.),(0.,-1.,0.),(0.,-1.,0.),
(0.,0.,1.),(0.,0.,-1.),(0.,-1.,0.),(0.,-1.,0.),(-1.15406452068328E-6,0.,
0.999999999999334),(0.,-1.,0.),(0.,0.,-1.),(0.,-1.,0.),(-1.15967503994493E-6,
0.,0.999999999999328),(0.,-1.,0.),(0.,0.,-1.),(-1.15406452068328E-6,0.,
0.999999999999334),(0.,1.,0.),(-1.15967503994493E-6,0.,-0.999999999999328),
(0.,-1.,0.),(-1.15967503994493E-6,0.,0.999999999999328),(0.,1.,0.),(-1.15406452068328E-6,
0.,-0.999999999999334),(0.,-1.,0.),(0.,-1.,0.),(-0.0436222753017614,0.,
0.999048095487649),(0.,-1.,0.),(-0.0436222753017614,0.,0.999048095487649),
(-0.0436222753017446,0.,-0.999048095487649),(0.,-1.,0.),(0.,-1.,0.),(-0.0436222753017614,
0.,0.999048095487649),(-0.0436222753017446,0.,-0.999048095487649),(0.,-1.,
0.),(0.,-1.,0.),(0.258812561487801,0.,0.965927563545074),(0.,-1.,0.),(-0.0436235544535665,
0.,0.999048039634149),(-0.0436235544535665,0.,0.999048039634149),(0.,1.,
0.),(0.,-1.,0.),(-0.0436222753017446,0.,-0.999048095487649),(-0.0436500695821318,
0.,-0.999046881495296),(0.,-1.,0.),(0.,-1.,0.),(-0.0436500695821318,0.,
0.999046881495296),(-0.0436500695821318,0.,0.999046881495296),(0.,1.,0.),
(0.,-1.,0.),(-0.0436222753017446,0.,-0.999048095487649),(-0.0436235544535665,
0.,-0.999048039634149),(0.,-1.,0.),(0.,1.,0.),(0.258812561487801,0.,-0.965927563545074),
(0.,1.,0.),(-0.0436235544535665,0.,-0.999048039634149),(0.,-1.,0.),(0.258812561487801,
0.,-0.965927563545074),(0.,1.,0.),(0.258812561487801,0.,0.965927563545074),
(-0.0871889486032272,0.,0.996191792398163),(0.,1.,0.),(0.,-1.,0.),(-0.0871889486032272,
0.,0.996191792398163),(-0.0871626095310076,0.,-0.9961940973022),(0.,-1.,
0.),(0.,-1.,0.),(-0.0871764948713832,0.,-0.996192882298373),(-0.0871626095310076,
0.,0.9961940973022),(0.,1.,0.),(0.,-1.,0.),(-0.0871626095310076,0.,0.9961940973022),
(-0.0871889486032272,0.,-0.996191792398163),(0.,-1.,0.),(0.,-1.,0.),(-0.0871764948713832,
0.,-0.996192882298373),(-0.0871889486032272,0.,-0.996191792398163),(0.,
1.,0.),(-0.087176494871345,0.,0.996192882298376),(0.,-1.,0.),(-0.087176494871345,
0.,0.996192882298376),(0.,-1.,0.),(0.,-1.,0.),(-0.0871764948713832,0.,-0.996192882298373),
(-0.087176494871345,0.,0.996192882298376),(0.,-1.,0.),(0.,-1.,0.),(-0.0871764948713832,
0.,-0.996192882298373),(-0.130516612747923,0.,0.991446122488161),(0.,1.,
0.),(-0.130516612747923,0.,0.991446122488161),(0.,-1.,0.),(0.,-1.,0.),(-0.130516612747923,
0.,-0.991446122488161),(0.,-1.,0.),(-0.130532265150965,0.,-0.991444061838366),
(-0.130516612747923,0.,0.991446122488161),(0.,1.,0.),(-0.130516612747923,
0.,0.991446122488161),(0.,-1.,0.),(0.,-1.,0.),(-0.130516612747923,0.,-0.991446122488161),
(0.,-1.,0.),(-0.130532265150965,0.,-0.991444061838366),(0.,1.,0.),(0.300704280097257,
0.,-0.953717429814088),(-0.130516612747923,0.,-0.991446122488161),(0.,1.,
0.),(-0.130516612747923,0.,-0.991446122488161),(0.,1.,0.),(0.,1.,0.),(-0.173604888448886,
0.,0.984815385088317),(0.,-1.,0.),(-0.130532265150965,0.,0.991444061838366),
(-0.173604888448886,0.,0.984815385088317),(0.,-1.,0.),(0.,-1.,0.),(-0.17360488844887,
0.,-0.98481538508832),(0.,-1.,0.),(-0.173627175238927,0.,-0.98481145607601),
(-0.173604888448886,0.,0.984815385088317),(0.,1.,0.),(0.,-1.,0.),(-0.130532265150965,
0.,0.991444061838366),(-0.173604888448886,0.,0.984815385088317),(0.,-1.,
0.),(0.,-1.,0.),(-0.17360488844887,0.,-0.98481538508832),(0.,-1.,0.),(-0.173627175238927,
0.,-0.98481145607601),(0.,1.,0.),(0.342023761420143,0.,-0.939691303899327),
(-0.17360488844887,0.,-0.98481538508832),(0.,1.,0.),(0.,1.,0.),(0.300704280097257,
0.,0.953717429814088),(-0.17360488844887,0.,-0.98481538508832),(0.,1.,0.),
(0.,-1.,0.),(-0.130532265150965,0.,0.991444061838366),(-0.130532265150965,
0.,-0.991444061838366),(0.,-1.,0.),(-0.130532265150965,0.,-0.991444061838366),
(0.,-1.,0.),(0.,-1.,0.),(0.300704280097257,0.,0.953717429814088),(0.,-1.,
0.),(0.300704280097257,0.,-0.953717429814088),(-0.216459745802128,0.,0.976291543775361),
(0.,1.,0.),(0.,-1.,0.),(-0.173627175238147,0.,0.984811456076147),(-0.216459745802128,
0.,0.976291543775361),(0.,-1.,0.),(0.,-1.,0.),(-0.216459745801625,0.,-0.976291543775473),
(0.,-1.,0.),(-0.216438511485485,0.,-0.976296251527142),(-0.216459745802128,
0.,0.976291543775361),(0.,1.,0.),(0.,-1.,0.),(-0.173627175238147,0.,0.984811456076147),
(-0.216459745802128,0.,0.976291543775361),(0.,-1.,0.),(0.,-1.,0.),(-0.216459745801625,
0.,-0.976291543775473),(0.,-1.,0.),(-0.216438511485485,0.,-0.976296251527142),
(0.,1.,0.),(0.382684163157182,0.,-0.923879229806952),(-0.216459745801625,
0.,-0.976291543775473),(0.,1.,0.),(0.,1.,0.),(-0.941044914575193,0.,-0.338281641169259),
(0.,1.,0.),(-0.999072106998091,0.,-0.0430688404579866),(0.,1.,0.),(-0.996282797992325,
0.,-0.086142825729038),(0.,1.,0.),(-0.991627272651014,0.,-0.129133079165303),
(0.,1.,0.),(-0.985140538901921,0.,-0.171750163353727),(0.,1.,0.),(-0.976827500857512,
0.,-0.214028113967457),(0.,1.,0.),(-0.966663840577035,0.,-0.256048861198126),
(0.,1.,0.),(-0.954742399387639,0.,-0.29743394361023),(-0.216459745801625,
0.,-0.976291543775473),(0.,1.,0.),(0.,1.,0.),(0.342023761420143,0.,0.939691303899327),
(-0.173627175238147,0.,0.984811456076147),(0.,-1.,0.),(0.,-1.,0.),(-0.173627175238927,
0.,-0.98481145607601),(0.,-1.,0.),(-0.173627175238927,0.,-0.98481145607601),
(0.,-1.,0.),(0.342023761420143,0.,0.939691303899327),(-0.258838255835808,
0.,0.965920678583846),(0.,1.,0.),(-0.258838255835808,0.,0.965920678583846),
(0.,-1.,0.),(0.,-1.,0.),(-0.216438511485485,0.,0.976296251527142),(-0.258838255835792,
0.,-0.96592067858385),(0.,-1.,0.),(0.,-1.,0.),(-0.258814331349209,0.,-0.965927089323134),
(-0.258838255835808,0.,0.965920678583846),(0.,1.,0.),(-0.258838255835808,
0.,0.965920678583846),(0.,-1.,0.),(0.,-1.,0.),(-0.216438511485485,0.,0.976296251527142),
(-0.258838255835792,0.,-0.96592067858385),(0.,-1.,0.),(0.,-1.,0.),(-0.258814331349209,
0.,-0.965927089323134),(-0.258838255835792,0.,-0.96592067858385),(0.,1.,
0.),(0.,1.,0.),(-0.797761089127847,0.,-0.602973668308618),(0.,1.,0.),(-0.925526507611858,
0.,-0.378682827320963),(0.,1.,0.),(-0.908369655692014,0.,-0.41816811047469),
(0.,1.,0.),(-0.889474933636522,0.,-0.456983962992472),(0.,1.,0.),(-0.868937800665766,
0.,-0.494921305435664),(0.,1.,0.),(-0.846794204536679,0.,-0.531920647430698),
(0.,1.,0.),(-0.823044576069596,0.,-0.567976782802272),(0.,1.,0.),(-0.771039756793529,
0.,0.636787007910632),(0.,1.,0.),(-0.846794204535539,0.,0.531920647432514),
(0.,1.,0.),(-0.823044576069596,0.,0.567976782802272),(0.,1.,0.),(-0.797761089127847,
0.,0.602973668308618),(-0.258838255835792,0.,-0.96592067858385),(0.,1.,
0.),(0.,1.,0.),(0.382684163157182,0.,0.923879229806952),(-0.300666210092428,
0.,0.953729432338468),(0.,1.,0.),(-0.300666210092428,0.,0.953729432338468),
(0.,-1.,0.),(0.,-1.,0.),(-0.258814331348498,0.,0.965927089323324),(-0.300666210092444,
0.,-0.953729432338463),(0.,-1.,0.),(0.,-1.,0.),(-0.300712129884533,0.,-0.9537149547639),
(-0.300666210092428,0.,0.953729432338468),(0.,1.,0.),(-0.300666210092428,
0.,0.953729432338468),(0.,-1.,0.),(0.,-1.,0.),(-0.258814331348498,0.,0.965927089323324),
(-0.300666210092444,0.,-0.953729432338463),(0.,-1.,0.),(0.,-1.,0.),(-0.300712129884533,
0.,-0.9537149547639),(0.,1.,0.),(0.42261815820561,0.,-0.906307835315848),
(-0.300666210092444,0.,-0.953729432338463),(0.,1.,0.),(0.,1.,0.),(-0.616858915532446,
0.,-0.787073743894518),(0.,1.,0.),(-0.771039756793529,0.,-0.636787007910632),
(0.,1.,0.),(-0.742879759061075,0.,-0.669424875230492),(0.,1.,0.),(-0.713269542741343,
0.,-0.700889833995012),(0.,1.,0.),(-0.682413617800046,0.,-0.730966246991646),
(0.,1.,0.),(-0.650193764370855,0.,-0.759768431019121),(0.,1.,0.),(-0.582380666691934,
0.,0.81291620666798),(0.,1.,0.),(-0.742879759061075,0.,0.669424875230492),
(0.,1.,0.),(-0.713269542741343,0.,0.700889833995012),(0.,1.,0.),(-0.682413617800046,
0.,0.730966246991646),(0.,1.,0.),(-0.650193764370855,0.,0.759768431019121),
(0.,1.,0.),(-0.616858915532446,0.,0.787073743894518),(-0.300666210092444,
0.,-0.953729432338463),(0.,1.,0.),(0.,-1.,0.),(0.342023761420143,0.,-0.939691303899327),
(-0.216438511485485,0.,0.976296251527142),(0.,-1.,0.),(0.,-1.,0.),(-0.216438511485485,
0.,-0.976296251527142),(0.,-1.,0.),(-0.216438511485485,0.,-0.976296251527142),
(0.,-1.,0.),(0.382684163157182,0.,0.923879229806952),(-0.342030369038469,
0.,0.939688898867816),(0.,1.,0.),(-0.342030369038469,0.,0.939688898867816),
(0.,-1.,0.),(0.,-1.,0.),(-0.300712129884533,0.,0.9537149547639),(-0.342030369038459,
0.,-0.939688898867819),(0.,-1.,0.),(0.,-1.,0.),(-0.34203715840671,0.,-0.939686427628421),
(-0.342030369038469,0.,0.939688898867816),(0.,1.,0.),(-0.342030369038469,
0.,0.939688898867816),(0.,-1.,0.),(0.,-1.,0.),(-0.300712129884533,0.,0.9537149547639),
(-0.342030369038459,0.,-0.939688898867819),(0.,-1.,0.),(0.,-1.,0.),(-0.34203715840671,
0.,-0.939686427628421),(0.,1.,0.),(0.461737101820604,0.,-0.887016825546342),
(-0.342030369038459,0.,-0.939688898867819),(0.,1.,0.),(0.,1.,0.),(-0.472537568460019,
0.,-0.88131052779023),(0.,1.,0.),(-0.582380666691934,0.,-0.81291620666798),
(0.,1.,0.),(-0.546685163498976,0.,-0.837338242295249),(0.,1.,0.),(-0.510060212383033,
0.,-0.860138697968982),(0.,1.,0.),(-0.434109218978022,0.,0.900860247762266),
(0.,1.,0.),(-0.546685163498976,0.,0.837338242295249),(0.,1.,0.),(-0.510060212383033,
0.,0.860138697968981),(0.,1.,0.),(-0.472537568460019,0.,0.88131052779023),
(-0.342030369038459,0.,-0.939688898867819),(0.,1.,0.),(0.,1.,0.),(0.42261815820561,
0.,0.906307835315848),(0.,-1.,0.),(0.382684163157182,0.,-0.923879229806952),
(-0.258814331348498,0.,0.965927089323324),(0.,-1.,0.),(0.,-1.,0.),(-0.258814331349209,
0.,-0.965927089323134),(0.,-1.,0.),(-0.258814331349209,0.,-0.965927089323134),
(-0.382716106323881,0.,0.923865997837505),(0.,1.,0.),(-0.382716106323881,
0.,0.923865997837505),(0.,-1.,0.),(0.,-1.,0.),(-0.342037158407066,0.,0.939686427628291),
(-0.382693702066535,0.,-0.923875278594795),(0.,-1.,0.),(0.,-1.,0.),(-0.382686491212204,
0.,-0.923878265489394),(-0.382693702066535,0.,0.923875278594795),(0.,1.,
0.),(-0.382693702066535,0.,0.923875278594795),(0.,-1.,0.),(0.,-1.,0.),(-0.342037158407066,
0.,0.939686427628291),(-0.382716106323881,0.,-0.923865997837505),(0.,-1.,
0.),(0.,-1.,0.),(-0.38267170378351,0.,-0.923884390561625),(0.,1.,0.),(0.499997313881259,
0.,-0.866026954610262),(-0.382693702066535,0.,-0.923875278594795),(0.,1.,
0.),(0.,1.,0.),(-0.354805986245745,0.,-0.934939951079311),(0.,1.,0.),(-0.434109218978022,
0.,-0.900860247762266),(0.,1.,0.),(-0.394849018443655,0.,-0.918746021833065),
(0.,1.,0.),(-0.314127987782778,0.,0.949380644047235),(0.,1.,0.),(-0.394849018443655,
0.,0.918746021833065),(0.,1.,0.),(-0.354805986245751,0.,0.934939951079308),
(-0.382716106323881,0.,-0.923865997837505),(0.,1.,0.),(0.,1.,0.),(0.461737101820604,
0.,0.887016825546342),(-0.422602839964945,0.,0.906314978169049),(0.,1.,
0.),(-0.422602839964945,0.,0.906314978169049),(0.,-1.,0.),(0.,-1.,0.),(-0.38267170378351,
0.,0.923884390561625),(-0.422602397498306,0.,-0.906315184485333),(0.,-1.,
0.),(0.,-1.,0.),(-0.422615759912726,0.,-0.906308953653989),(-0.422602397498306,
0.,0.906315184485333),(0.,1.,0.),(-0.422602397498306,0.,0.906315184485333),
(0.,-1.,0.),(0.,-1.,0.),(-0.382686491212204,0.,0.923878265489394),(-0.422602839964945,
0.,-0.906314978169049),(0.,-1.,0.),(0.,-1.,0.),(-0.42261546781142,0.,-0.906309089862026),
(-0.422602397498306,0.,-0.906315184485333),(0.,1.,0.),(0.,1.,0.),(-0.231217371305394,
0.,-0.972902115943132),(0.,1.,0.),(-0.314127987782778,0.,-0.949380644047235),
(0.,1.,0.),(-0.272924686666029,0.,-0.962035402367423),(0.,1.,0.),(-0.188974815112671,
0.,0.981981934280428),(0.,1.,0.),(-0.272924686666029,0.,0.962035402367423),
(0.,1.,0.),(-0.231217371305394,0.,0.972902115943132),(-0.422602839964945,
0.,-0.906314978169049),(0.,1.,0.),(0.,1.,0.),(0.499997313881259,0.,0.866026954610262),
(-0.300712129884533,0.,0.9537149547639),(0.,-1.,0.),(0.,-1.,0.),(-0.300712129884533,
0.,-0.9537149547639),(0.,-1.,0.),(-0.300712129884533,0.,-0.9537149547639),
(0.,-1.,0.),(0.42261815820561,0.,0.906307835315848),(-0.461718769835439,
0.,0.887026368030652),(0.,1.,0.),(-0.461718769835439,0.,0.887026368030652),
(0.,-1.,0.),(0.,-1.,0.),(-0.42261546781128,0.,0.906309089862092),(-0.46173984742384,
0.,-0.887015396315649),(0.,-1.,0.),(0.,-1.,0.),(-0.461733663552679,0.,-0.887018615330153),
(-0.46173984742384,0.,0.887015396315649),(0.,1.,0.),(-0.46173984742384,
0.,0.887015396315649),(0.,-1.,0.),(0.,-1.,0.),(-0.422615759912586,0.,0.906308953654055),
(-0.461718769835439,0.,-0.887026368030652),(0.,-1.,0.),(0.,-1.,0.),(-0.461747575024813,
0.,-0.887011373635482),(0.,1.,0.),(0.537306561486785,0.,-0.843387016133903),
(-0.46173984742384,0.,-0.887015396315649),(0.,1.,0.),(0.,1.,0.),(-0.0175092595995722,
0.,-0.999846701163871),(0.,1.,0.),(-0.188974815112671,0.,-0.981981934280428),
(0.,1.,0.),(-0.146429196314341,0.,-0.989221153467078),(0.,1.,0.),(-0.103698573777619,
0.,-0.994608770218968),(0.,1.,0.),(-0.0606662648661452,0.,-0.998158105866596),
(0.,1.,0.),(0.0256060846677256,0.,0.999672110458219),(0.,1.,0.),(-0.146429196314341,
0.,0.989221153467078),(0.,1.,0.),(-0.103698573777619,0.,0.994608770218968),
(0.,1.,0.),(-0.0606662648661452,0.,0.998158105866596),(0.,1.,0.),(-0.0175092595995722,
0.,0.999846701163871),(-0.461718769835439,0.,-0.887026368030652),(0.,1.,
0.),(0.,-1.,0.),(0.42261815820561,0.,-0.906307835315848),(-0.342037158407066,
0.,0.939686427628291),(0.,-1.,0.),(0.,-1.,0.),(-0.34203715840671,0.,-0.939686427628421),
(0.,-1.,0.),(-0.34203715840671,0.,-0.939686427628421),(0.,-1.,0.),(0.461737101820604,
0.,0.887016825546342),(-0.50000793148045,0.,0.866020824493639),(0.,1.,0.),
(-0.50000793148045,0.,0.866020824493639),(0.,-1.,0.),(0.,-1.,0.),(-0.461747575024813,
0.,0.887011373635482),(-0.50000793148045,0.,-0.866020824493639),(0.,-1.,
0.),(0.,-1.,0.),(-0.500001572634174,0.,-0.866024495821771),(-0.50000793148045,
0.,0.866020824493639),(0.,1.,0.),(-0.50000793148045,0.,0.866020824493639),
(0.,-1.,0.),(0.,-1.,0.),(-0.461733663552679,0.,0.887018615330153),(-0.50000793148045,
0.,-0.866020824493639),(0.,-1.,0.),(0.,-1.,0.),(-0.500001572634174,0.,-0.866024495821771),
(0.,1.,0.),(0.573574958091947,0.,-0.819153079375169),(-0.50000793148045,
0.,-0.866020824493639),(0.,1.,0.),(0.,1.,0.),(0.0260855233569585,0.,-0.999659714838601),
(0.,1.,0.),(0.0256060846677262,0.,-0.999672110458219),(0.,1.,0.),(0.0472568554690576,
0.,-0.998882770704939),(0.,1.,0.),(0.0260855233570256,0.,0.999659714838599),
(0.,1.,0.),(0.0472568554690576,0.,0.998882770704939),(-0.50000793148045,
0.,-0.866020824493639),(0.,1.,0.),(0.,1.,0.),(0.537306561486785,0.,0.843387016133903),
(-0.537296399642862,0.,0.843393489974174),(0.,1.,0.),(-0.537296399642862,
0.,0.843393489974174),(0.,-1.,0.),(0.,-1.,0.),(-0.500001572634715,0.,0.866024495821459),
(-0.537296399642479,0.,-0.843393489974419),(0.,-1.,0.),(0.,-1.,0.),(-0.537309006421481,
0.,-0.843385458505398),(-0.537296399642862,0.,0.843393489974174),(0.,1.,
0.),(-0.537296399642862,0.,0.843393489974174),(0.,-1.,0.),(0.,-1.,0.),(-0.500001572634715,
0.,0.866024495821459),(-0.537296399642479,0.,-0.843393489974419),(0.,-1.,
0.),(0.,-1.,0.),(-0.537309006421481,0.,-0.843385458505398),(-0.537296399642479,
0.,-0.843393489974419),(0.,1.,0.),(0.,1.,0.),(-0.0165417282054848,0.,0.999863176253619),
(-0.537296399642479,0.,-0.843393489974419),(0.,1.,0.),(0.,1.,0.),(0.573574958091947,
0.,0.819153079375169),(-0.38267170378351,0.,0.923884390561625),(0.,-1.,
0.),(0.,-1.,0.),(0.461737101820604,0.,-0.887016825546342),(-0.382686491212204,
0.,-0.923878265489394),(0.,-1.,0.),(0.,-1.,0.),(-0.38267170378351,0.,-0.923884390561625),
(0.,-1.,0.),(0.499997313881259,0.,0.866026954610262),(-0.573569588280536,
0.,0.819156839316926),(0.,1.,0.),(-0.573569588280536,0.,0.819156839316926),
(0.,-1.,0.),(0.,-1.,0.),(-0.537309006421516,0.,0.843385458505376),(-0.573569588280485,
0.,-0.819156839316962),(0.,-1.,0.),(0.,-1.,0.),(-0.573586686375551,0.,-0.819144867048995),
(-0.573569588280536,0.,0.819156839316926),(0.,1.,0.),(-0.573569588280536,
0.,0.819156839316926),(0.,-1.,0.),(0.,-1.,0.),(-0.537309006421516,0.,0.843385458505376),
(-0.573569588280485,0.,-0.819156839316962),(0.,-1.,0.),(0.,-1.,0.),(-0.573586686375551,
0.,-0.819144867048995),(0.,1.,0.),(0.608761056979728,0.,-0.793353625758983),
(-0.573569588280485,0.,-0.819156839316962),(0.,1.,0.),(0.,1.,0.),(-0.0165417282054854,
0.,-0.999863176253619),(0.,1.,0.),(-0.0591569331882952,0.,0.99824869509344),
(-0.573569588280485,0.,-0.819156839316962),(0.,1.,0.),(0.,1.,0.),(-0.608808738876211,
0.,0.793317035911847),(-0.608808738876211,0.,0.793317035911847),(0.,-1.,
0.),(0.,-1.,0.),(-0.57358668637557,0.,0.819144867048981),(-0.608808738876211,
0.,-0.793317035911847),(0.,-1.,0.),(0.,-1.,0.),(-0.608739440682772,0.,-0.793370212043045),
(-0.608808738876211,0.,0.793317035911847),(0.,1.,0.),(-0.608808738876211,
0.,0.793317035911847),(0.,-1.,0.),(0.,-1.,0.),(-0.57358668637557,0.,0.819144867048981),
(-0.608808738876211,0.,-0.793317035911847),(0.,-1.,0.),(0.,-1.,0.),(-0.608739440682772,
0.,-0.793370212043045),(0.,1.,0.),(0.642794009732501,0.,-0.766039072797213),
(-0.608808738876211,0.,-0.793317035911847),(0.,1.,0.),(0.,1.,0.),(-0.0591569331883622,
0.,-0.998248695093436),(0.,1.,0.),(-0.101652730615588,0.,0.994819944692704),
(-0.608808738876211,0.,-0.793317035911847),(0.,1.,0.),(0.,1.,0.),(0.608761056979728,
0.,0.793353625758983),(-0.42261546781128,0.,0.906309089862092),(0.,-1.,
0.),(0.,-1.,0.),(0.499997313881259,0.,-0.866026954610262),(-0.422615759912726,
0.,-0.906308953653989),(0.,-1.,0.),(0.,-1.,0.),(-0.42261546781142,0.,-0.906309089862026),
(-1.,0.,0.),(0.,0.999943587706463,-0.0106217420759438),(-1.,0.,0.),(0.,
0.999940400676491,0.0109176506144053),(-1.,0.,0.),(0.,0.999048290188263,
0.0436178159919601),(-1.,0.,0.),(0.,0.99619617521304,0.0871388575258434),
(-1.,0.,0.),(0.,0.991444990976737,0.130525207784311),(-1.,0.,0.),(0.,0.984806249576626,
0.173656703857984),(-1.,0.,0.),(0.,0.976296532317033,0.216437244913476),
(-1.,0.,0.),(0.,0.965923821227064,0.258826527979856),(-1.,0.,0.),(0.,0.953716134759069,
0.300708387479002),(-1.,0.,0.),(0.,0.939696963700644,0.342008211029781),
(-1.,0.,0.),(0.,0.923879163556637,0.382684323099194),(-1.,0.,0.),(0.,0.906306207306284,
0.422621649466872),(-1.,0.,0.),(0.,0.887006834828529,0.461756293912141),
(-1.,0.,0.),(0.,0.866021945928076,0.500005989135079),(-1.,0.,0.),(0.,0.843392165940579,
0.537298477971098),(-1.,0.,0.),(0.,0.819152111439786,0.573576340449762),
(-1.,0.,0.),(0.,0.793357448335592,0.60875607526368),(-1.,0.,0.),(0.,0.766042886481684,
0.642789464810066),(-1.,0.,0.),(0.,0.737274884274131,0.675592884079285),
(-1.,0.,0.),(0.,0.707108331896885,0.707105230472809),(-1.,0.,0.),(0.,0.675583342316794,
0.737283627638692),(-1.,0.,0.),(0.,0.642790948541222,0.766041641474845),
(-1.,0.,0.),(0.,0.608767676878577,0.79334854609299),(-1.,0.,0.),(0.,0.573576402702528,
0.819152067849937),(-1.,0.,0.),(0.,0.537296622097672,0.843393348255979),
(-1.,0.,0.),(0.,0.499999816583053,0.866025509680237),(-1.,0.,0.),(0.,0.46175174752599,
0.887009201562585),(-1.,0.,0.),(0.,0.422617771491409,0.906308015643487),
(-1.,0.,0.),(0.,0.382681868924585,0.923880180107998),(-1.,0.,0.),(0.,0.342020684206984,
0.939692423921033),(-1.,0.,0.),(0.,0.300709818260427,0.95371568362997),
(-1.,0.,0.),(0.,0.258820486728624,0.965925440005365),(-1.,0.,0.),(0.,0.216438487511302,
0.976296256842061),(-1.,0.,0.),(0.,0.173647802693248,0.984807819130112),
(-1.,0.,0.),(0.,0.130526548528878,0.991444814464798),(-1.,0.,0.),(0.,0.0871559539910325,
0.996194679610322),(-1.,0.,0.),(0.,0.0436206928960881,0.9990481645803),
(-1.,0.,0.),(0.,0.0109084132540139,0.999940501490103),(-1.,0.,0.),(0.,-0.0109086781582812,
0.999940498600211),(-1.,0.,0.),(0.,-0.0436201640899246,0.999048187669027),
(-1.,0.,0.),(0.,-0.0871564797769109,0.996194633609766),(-0.999941798702485,
0.,-0.0107888464461647),(0.,1.,0.),(0.,1.,0.),(-0.999072106998091,0.,-0.0430688404579866),
(-1.,0.,0.),(0.,0.999098837227194,-0.0424442393178381),(-1.,0.,0.),(0.,
0.99639789516259,-0.0848011469000316),(-1.,0.,0.),(0.,0.991901643758302,
-0.127008382044562),(-1.,0.,0.),(0.,0.985615547305637,-0.169002937576272),
(-1.,0.,0.),(0.,0.977553916302089,-0.210685406999273),(-1.,0.,0.),(0.,0.967735236553382,
-0.251969267834332),(-1.,0.,0.),(0.,0.95616879316501,-0.29281604972639),
(-1.,0.,0.),(0.,0.942874286703008,-0.333148734763159),(-1.,0.,0.),(0.,0.927883367037966,
-0.372870563566349),(-1.,0.,0.),(0.,0.911230185047882,-0.411897499212611),
(-1.,0.,0.),(0.,0.892928871928144,-0.450197767294699),(-1.,0.,0.),(0.,0.873013327006473,
-0.487696351092653),(-1.,0.,0.),(0.,0.85152755508564,-0.524309853931691),
(-1.,0.,0.),(0.,0.828508798652891,-0.55997604462579),(-1.,0.,0.),(0.,0.803997906808533,
-0.594632126484516),(-1.,0.,0.),(0.,0.778039520020147,-0.628215333533669),
(-1.,0.,0.),(0.,0.750668535721579,-0.66067900638481),(-1.,0.,0.),(0.,0.721954132936043,
-0.691940915061804),(-1.,0.,0.),(0.,0.691941618252906,-0.721953458977482),
(-1.,0.,0.),(0.,0.660673241077795,-0.750673609849022),(-1.,0.,0.),(0.,0.628223790004452,
-0.77803269190468),(-1.,0.,0.),(0.,0.594635731147469,-0.803995240808498),
(-1.,0.,0.),(0.,0.559974166788624,-0.828510067850347),(-1.,0.,0.),(0.,0.524305821902075,
-0.851530037708353),(-1.,0.,0.),(0.,0.487693261973304,-0.873015052691441),
(-1.,0.,0.),(0.,0.450202247229742,-0.892926613215941),(-1.,0.,0.),(0.,0.411902520038367,
-0.911227915499763),(-1.,0.,0.),(0.,0.372859689725749,-0.92788773662422),
(-1.,0.,0.),(0.,0.333140261262649,-0.942877280628743),(-1.,0.,0.),(0.,0.292822500309935,
-0.956166817721802),(-1.,0.,0.),(0.,0.251974976543223,-0.967733750158608),
(-1.,0.,0.),(0.,0.210677241356751,-0.977555676150627),(-1.,0.,0.),(0.,0.169000991855293,
-0.98561588093533),(-1.,0.,0.),(0.,0.127017957570312,-0.991900417609886),
(-1.,0.,0.),(0.,0.084806262330749,-0.99639745978675),(-1.,0.,0.),(0.,0.0424412959913184,
-0.999098962262787),(-1.,0.,0.),(0.,0.0106138278890062,-0.999943671742335),
(-1.,0.,0.),(0.,-0.0106138278890062,-0.999943671742335),(-1.,0.,0.),(0.,
-0.0424412959913094,-0.999098962262787),(-1.,0.,0.),(0.,-0.0848062623307264,
-0.996397459786752),(-1.,0.,0.),(0.,-0.12701795757032,-0.991900417609885),
(-1.,0.,0.),(0.,-0.169000991855314,-0.985615880935327),(-0.999941798702485,
0.,0.0107888464461548),(0.,1.,0.),(0.,0.999940400676491,0.0109176506144053),
(1.,0.,0.),(1.,0.,0.),(0.,0.999098837227194,-0.0424442393178381),(0.,0.999943587706463,
-0.0106217420759438),(1.,0.,0.),(1.,0.,0.),(0.,0.99639789516259,-0.0848011469000316),
(0.,0.999048290188263,0.0436178159919601),(1.,0.,0.),(1.,0.,0.),(0.,0.991901643758302,
-0.127008382044562),(0.,0.99619617521304,0.0871388575258434),(1.,0.,0.),
(1.,0.,0.),(0.,0.985615547305637,-0.169002937576272),(0.,0.991444990976737,
0.130525207784311),(1.,0.,0.),(1.,0.,0.),(0.,0.977553916302089,-0.210685406999273),
(0.,0.984806249576626,0.173656703857984),(1.,0.,0.),(1.,0.,0.),(0.,0.967735236553382,
-0.251969267834332),(0.,0.976296532317033,0.216437244913476),(1.,0.,0.),
(1.,0.,0.),(0.,0.95616879316501,-0.29281604972639),(0.,0.965923821227064,
0.258826527979856),(1.,0.,0.),(1.,0.,0.),(0.,0.942874286703008,-0.333148734763159),
(0.,0.953716134759069,0.300708387479002),(1.,0.,0.),(1.,0.,0.),(0.,0.927883367037966,
-0.372870563566349),(0.,0.939696963700644,0.342008211029781),(1.,0.,0.),
(1.,0.,0.),(0.,0.911230185047882,-0.411897499212611),(0.,0.923879163556637,
0.382684323099194),(1.,0.,0.),(1.,0.,0.),(0.,0.892928871928144,-0.450197767294699),
(0.,0.906306207306284,0.422621649466872),(1.,0.,0.),(1.,0.,0.),(0.,0.873013327006473,
-0.487696351092653),(0.,0.887006834828529,0.461756293912141),(1.,0.,0.),
(1.,0.,0.),(0.,0.85152755508564,-0.524309853931691),(0.,0.866021945928076,
0.500005989135079),(1.,0.,0.),(1.,0.,0.),(0.,0.828508798652891,-0.55997604462579),
(0.,0.843392165940579,0.537298477971098),(1.,0.,0.),(1.,0.,0.),(0.,0.803997906808533,
-0.594632126484516),(0.,0.819152111439786,0.573576340449762),(1.,0.,0.),
(1.,0.,0.),(0.,0.778039520020147,-0.628215333533669),(0.,0.793357448335592,
0.60875607526368),(1.,0.,0.),(1.,0.,0.),(0.,0.750668535721579,-0.66067900638481),
(0.,0.766042886481684,0.642789464810066),(1.,0.,0.),(1.,0.,0.),(0.,0.721954132936043,
-0.691940915061804),(0.,0.737274884274131,0.675592884079285),(1.,0.,0.),
(1.,0.,0.),(0.,0.691941618252906,-0.721953458977482),(0.,0.707108331896885,
0.707105230472809),(1.,0.,0.),(1.,0.,0.),(0.,0.660673241077795,-0.750673609849022),
(0.,0.675583342316794,0.737283627638692),(1.,0.,0.),(1.,0.,0.),(0.,0.628223790004452,
-0.77803269190468),(0.,0.642790948541222,0.766041641474845),(1.,0.,0.),
(1.,0.,0.),(0.,0.594635731147469,-0.803995240808498),(0.,0.608767676878577,
0.79334854609299),(1.,0.,0.),(1.,0.,0.),(0.,0.559974166788624,-0.828510067850347),
(0.,0.573576402702528,0.819152067849937),(1.,0.,0.),(1.,0.,0.),(0.,0.524305821902075,
-0.851530037708353),(0.,0.537296622097672,0.843393348255979),(1.,0.,0.),
(1.,0.,0.),(0.,0.487693261973304,-0.873015052691441),(0.,0.499999816583053,
0.866025509680237),(1.,0.,0.),(1.,0.,0.),(0.,0.450202247229742,-0.892926613215941),
(0.,0.46175174752599,0.887009201562585),(1.,0.,0.),(1.,0.,0.),(0.,0.411902520038367,
-0.911227915499763),(0.,0.422617771491409,0.906308015643487),(1.,0.,0.),
(1.,0.,0.),(0.,0.372859689725749,-0.92788773662422),(0.,0.382681868924585,
0.923880180107998),(1.,0.,0.),(1.,0.,0.),(0.,0.333140261262649,-0.942877280628743),
(0.,0.342020684206984,0.939692423921033),(1.,0.,0.),(1.,0.,0.),(0.,0.292822500309935,
-0.956166817721802),(0.,0.300709818260427,0.95371568362997),(1.,0.,0.),
(1.,0.,0.),(0.,0.251974976543223,-0.967733750158608),(0.,0.258820486728624,
0.965925440005365),(1.,0.,0.),(1.,0.,0.),(0.,0.210677241356751,-0.977555676150627),
(0.,0.216438487511302,0.976296256842061),(1.,0.,0.),(1.,0.,0.),(0.,0.169000991855293,
-0.98561588093533),(0.,0.173647802693248,0.984807819130112),(1.,0.,0.),
(1.,0.,0.),(0.,0.127017957570312,-0.991900417609886),(0.,0.130526548528878,
0.991444814464798),(1.,0.,0.),(1.,0.,0.),(0.,0.084806262330749,-0.99639745978675),
(0.,0.0871559539910325,0.996194679610322),(1.,0.,0.),(1.,0.,0.),(0.,0.0424412959913184,
-0.999098962262787),(0.,0.0436206928960881,0.9990481645803),(1.,0.,0.),
(1.,0.,0.),(0.,0.0106138278890062,-0.999943671742335),(0.,-0.0109086781582812,
0.999940498600211),(1.,0.,0.),(1.,0.,0.),(0.,0.0109084132540139,0.999940501490103),
(0.,-0.0424412959913094,-0.999098962262787),(1.,0.,0.),(1.,0.,0.),(0.,-0.0106138278890062,
-0.999943671742335),(0.,-0.0848062623307264,-0.996397459786752),(1.,0.,
0.),(1.,0.,0.),(0.,-0.0436201640899246,0.999048187669027),(0.,-0.12701795757032,
-0.991900417609885),(1.,0.,0.),(-1.,0.,0.),(0.,-0.130526027705587,0.991444883032537),
(0.,-0.0871564797769109,0.996194633609766),(1.,0.,0.),(1.,0.,0.),(0.,-0.169000991855314,
-0.985615880935327),(-1.,0.,0.),(0.,-0.17364831647618,0.984807728536382),
(0.,-0.130526027705587,0.991444883032537),(1.,0.,0.),(-1.,0.,0.),(0.,-0.210677241356722,
-0.977555676150633),(0.,-0.210677241356722,-0.977555676150633),(1.,0.,0.),
(-1.,0.,0.),(0.,-0.216440800405956,0.976295744085587),(0.,-0.17364831647618,
0.984807728536382),(1.,0.,0.),(-1.,0.,0.),(0.,-0.251974976543187,-0.967733750158617),
(0.,-0.251974976543187,-0.967733750158617),(1.,0.,0.),(-1.,0.,0.),(0.,-0.258820486728587,
0.965925440005375),(0.,-0.216440800405956,0.976295744085587),(1.,0.,0.),
(-1.,0.,0.),(0.,-0.29282250030997,-0.956166817721791),(0.,-0.29282250030997,
-0.956166817721791),(1.,0.,0.),(-1.,0.,0.),(0.,-0.300706095533125,0.953716857410638),
(0.,-0.258820486728587,0.965925440005375),(1.,0.,0.),(-1.,0.,0.),(0.,-0.333140261262734,
-0.942877280628713),(0.,-0.333140261262734,-0.942877280628713),(1.,0.,0.),
(-1.,0.,0.),(0.,-0.342017016217748,0.939693758954218),(0.,-0.300706095533125,
0.953716857410638),(1.,0.,0.),(-1.,0.,0.),(0.,-0.372859689725745,-0.927887736624222),
(0.,-0.372859689725745,-0.927887736624222),(1.,0.,0.),(-1.,0.,0.),(0.,-0.382681868924669,
0.923880180107963),(0.,-0.342017016217748,0.939693758954218),(1.,0.,0.),
(-1.,0.,0.),(0.,-0.411907423483846,-0.911225698978524),(0.,-0.411907423483846,
-0.911225698978524),(1.,0.,0.),(-1.,0.,0.),(0.,-0.422617771491364,0.906308015643508),
(0.,-0.382681868924669,0.923880180107963),(1.,0.,0.),(-1.,0.,0.),(0.,-0.450201824945837,
-0.892926826125992),(0.,-0.450201824945837,-0.892926826125992),(1.,0.,0.),
(-1.,0.,0.),(0.,-0.461751747525994,0.887009201562583),(0.,-0.422617771491364,
0.906308015643508),(1.,0.,0.),(-1.,0.,0.),(0.,-0.487688151275124,-0.873017907666189),
(0.,-0.487688151275124,-0.873017907666189),(1.,0.,0.),(-1.,0.,0.),(0.,-0.499999816583037,
0.866025509680246),(0.,-0.461751747525994,0.887009201562583),(1.,0.,0.),
(-1.,0.,0.),(0.,-0.52430582190203,-0.851530037708381),(0.,-0.52430582190203,
-0.851530037708381),(1.,0.,0.),(-1.,0.,0.),(0.,-0.537296622097617,0.843393348256014),
(0.,-0.499999816583037,0.866025509680246),(1.,0.,0.),(-1.,0.,0.),(0.,-0.559980137778406,
-0.828506032140791),(0.,-0.559980137778406,-0.828506032140791),(1.,0.,0.),
(-1.,0.,0.),(0.,-0.573582284730671,0.819147949178378),(0.,-0.537296622097617,
0.843393348256014),(1.,0.,0.),(-1.,0.,0.),(0.,-0.594635388734218,-0.803995494057588),
(0.,-0.594635388734218,-0.803995494057588),(1.,0.,0.),(-1.,0.,0.),(0.,-0.608767343311155,
0.793348802052337),(0.,-0.573582284730671,0.819147949178378),(1.,0.,0.),
(-1.,0.,0.),(0.,-0.628217851412183,-0.778037486993435),(0.,-0.628217851412183,
-0.778037486993435),(1.,0.,0.),(-1.,0.,0.),(0.,-0.64278512576086,0.766046527373237),
(0.,-0.608767343311155,0.793348802052337),(1.,0.,0.),(-1.,0.,0.),(0.,-0.660679578813288,
-0.750668031914971),(0.,-0.660679578813288,-0.750668031914971),(1.,0.,0.),
(-1.,0.,0.),(0.,-0.675583342316679,0.737283627638797),(0.,-0.64278512576086,
0.766046527373237),(1.,0.,0.),(-1.,0.,0.),(0.,-0.691941342045163,-0.721953723703076),
(0.,-0.691941342045163,-0.721953723703076),(1.,0.,0.),(-1.,0.,0.),(0.,-0.707108331897013,
0.707105230472681),(0.,-0.675583342316679,0.737283627638797),(1.,0.,0.),
(-1.,0.,0.),(0.,-0.721954386434052,-0.691940650568119),(0.,-0.721954386434052,
-0.691940650568119),(1.,0.,0.),(-1.,0.,0.),(0.,-0.73727488427419,0.675592884079221),
(0.,-0.707108331897013,0.707105230472681),(1.,0.,0.),(-1.,0.,0.),(0.,-0.750668304382803,
-0.660679269233602),(0.,-0.750668304382803,-0.660679269233602),(1.,0.,0.),
(-1.,0.,0.),(0.,-0.766042886481623,0.642789464810138),(0.,-0.73727488427419,
0.675592884079221),(1.,0.,0.),(-1.,0.,0.),(0.,-0.778033525643801,-0.628222757446972),
(0.,-0.778033525643801,-0.628222757446972),(1.,0.,0.),(-1.,0.,0.),(0.,-0.79335744833553,
0.60875607526376),(0.,-0.766042886481623,0.642789464810138),(1.,0.,0.),
(-1.,0.,0.),(0.,-0.803997906808599,-0.594632126484427),(0.,-0.803997906808599,
-0.594632126484427),(1.,0.,0.),(-1.,0.,0.),(0.,-0.819152111439787,0.573576340449759),
(0.,-0.79335744833553,0.60875607526376),(1.,0.,0.),(-1.,0.,0.),(0.,-0.828511734738091,
-0.559971700536088),(0.,-0.828511734738091,-0.559971700536088),(1.,0.,0.),
(-1.,0.,0.),(0.,-0.843389376918311,0.537302855847001),(0.,-0.819152111439787,
0.573576340449759),(1.,0.,0.),(-1.,0.,0.),(0.,-0.851527482307701,-0.524309972129759),
(0.,-0.851527482307701,-0.524309972129759),(1.,0.,0.),(-1.,0.,0.),(0.,-0.866022012140251,
0.500005874454041),(0.,-0.843389376918311,0.537302855847001),(1.,0.,0.),
(-1.,0.,0.),(0.,-0.873010702182375,-0.487701049696468),(0.,-0.873010702182375,
-0.487701049696468),(1.,0.,0.),(-1.,0.,0.),(0.,-0.887009292849386,0.461751572167148),
(0.,-0.866022012140251,0.500005874454041),(1.,0.,0.),(-1.,0.,0.),(0.,-0.892926337020541,
-0.450202795032505),(0.,-0.892926337020541,-0.450202795032505),(1.,0.,0.),
(-1.,0.,0.),(0.,-0.906310904758574,0.42261157570007),(0.,-0.887009292849386,
0.461751572167148),(1.,0.,0.),(-1.,0.,0.),(0.,-0.911230229983551,-0.411897399802578),
(0.,-0.911230229983551,-0.411897399802578),(1.,0.,0.),(-1.,0.,0.),(0.,-0.923879086023227,
0.382684510280841),(0.,-0.906310904758574,0.42261157570007),(1.,0.,0.),
(-1.,0.,0.),(0.,-0.927892037897725,-0.37284898552364),(0.,-0.927892037897725,
-0.37284898552364),(1.,0.,0.),(-1.,0.,0.),(0.,-0.939693092871374,0.342018846278727),
(0.,-0.923879086023227,0.382684510280841),(1.,0.,0.),(-1.,0.,0.),(0.,-0.942876172929815,
-0.333143396334411),(0.,-0.942876172929815,-0.333143396334411),(1.,0.,0.),
(-1.,0.,0.),(0.,-0.953717887598604,0.300702828178346),(0.,-0.939693092871374,
0.342018846278727),(1.,0.,0.),(-1.,0.,0.),(0.,-0.95616532222106,-0.292827383592955),
(0.,-0.95616532222106,-0.292827383592955),(1.,0.,0.),(-1.,0.,0.),(0.,-0.96592532993339,
0.258820897520025),(0.,-0.953717887598604,0.300702828178346),(1.,0.,0.),
(-1.,0.,0.),(0.,-0.967733706815837,-0.251975143005178),(0.,-0.967733706815837,
-0.251975143005178),(1.,0.,0.),(-1.,0.,0.),(0.,-0.976297821205039,0.216431430966699),
(0.,-0.96592532993339,0.258820897520025),(1.,0.,0.),(-1.,0.,0.),(0.,-0.977556509659856,
-0.210673373784255),(0.,-0.977556509659856,-0.210673373784255),(1.,0.,0.),
(-1.,0.,0.),(0.,-0.984808325772206,0.173644929352242),(0.,-0.976297821205039,
0.216431430966699),(1.,0.,0.),(-1.,0.,0.),(0.,-0.985614481563555,-0.169009152806007),
(0.,-0.985614481563555,-0.169009152806007),(1.,0.,0.),(-1.,0.,0.),(0.,-0.991444986452402,
0.13052524215031),(0.,-0.984808325772206,0.173644929352242),(1.,0.,0.),
(-1.,0.,0.),(0.,-0.991900084541111,-0.127020558522376),(0.,-0.991900084541111,
-0.127020558522376),(1.,0.,0.),(-1.,0.,0.),(0.,-0.996194065112082,0.0871629774357539),
(0.,-0.991444986452402,0.13052524215031),(1.,0.,0.),(-1.,0.,0.),(0.,-0.996397891355701,
-0.0848011916302623),(0.,-0.996397891355701,-0.0848011916302623),(1.,0.,
0.),(-1.,0.,0.),(0.,-0.999047762076985,0.0436299104854584),(0.,-0.996194065112082,
0.0871629774357539),(1.,0.,0.),(-1.,0.,0.),(0.,-0.999098573353144,-0.0424504502180167),
(0.,-0.999098573353144,-0.0424504502180167),(1.,0.,0.),(-1.,0.,0.),(0.,
-0.999940466931488,0.0109115806755253),(0.,-0.999047762076985,0.0436299104854584),
(1.,0.,0.),(-1.,0.,0.),(0.,-0.999943653955871,-0.0106155034445852),(0.,
-0.999943653955871,-0.0106155034445852),(1.,0.,0.),(1.,0.,0.),(0.,-0.999940466931488,
0.0109115806755253),(0.,1.,0.),(0.0472568554690576,0.,-0.998882770704939),
(-0.99907210699809,0.,0.0430688404579964),(0.,1.,0.),(0.,1.,0.),(-0.546685163498976,
0.,0.837338242295249),(0.,1.,0.),(-0.510060212383033,0.,0.860138697968981),
(0.,1.,0.),(-0.472537568460019,0.,0.88131052779023),(0.,1.,0.),(-0.434109218978022,
0.,0.900860247762266),(0.,1.,0.),(-0.394849018443655,0.,0.918746021833065),
(0.,1.,0.),(-0.354805986245751,0.,0.934939951079308),(0.,1.,0.),(-0.314127987782778,
0.,0.949380644047235),(0.,1.,0.),(-0.272924686666029,0.,0.962035402367423),
(0.,1.,0.),(-0.231217371305394,0.,0.972902115943132),(0.,1.,0.),(-0.188974815112671,
0.,0.981981934280428),(0.,1.,0.),(-0.146429196314341,0.,0.989221153467078),
(0.,1.,0.),(-0.103698573777619,0.,0.994608770218968),(0.,1.,0.),(-0.0606662648661452,
0.,0.998158105866596),(0.,1.,0.),(-0.0175092595995722,0.,0.999846701163871),
(0.,1.,0.),(0.0256060846677256,0.,0.999672110458219),(0.,1.,0.),(0.0472568554690576,
0.,0.998882770704939),(0.,1.,0.),(0.0260855233569585,0.,-0.999659714838601),
(-0.996282797992325,0.,-0.086142825729038),(0.,1.,0.),(0.,1.,0.),(-0.996282797992325,
0.,0.086142825729038),(-0.991627272651014,0.,-0.129133079165303),(0.,1.,
0.),(0.,1.,0.),(-0.991627272651014,0.,0.129133079165303),(-0.642786787170727,
0.,0.76604513329094),(0.,1.,0.),(-0.642786787170727,0.,0.76604513329094),
(0.,-1.,0.),(0.,-1.,0.),(-0.608739440682566,0.,0.793370212043203),(-0.642786787170692,
0.,-0.76604513329097),(0.,-1.,0.),(0.,-1.,0.),(-0.642779005142028,0.,-0.766051663106755),
(-0.642786787170727,0.,0.76604513329094),(0.,1.,0.),(-0.642786787170727,
0.,0.76604513329094),(0.,-1.,0.),(0.,-1.,0.),(-0.608739440682566,0.,0.793370212043203),
(-0.642786787170692,0.,-0.76604513329097),(0.,-1.,0.),(0.,-1.,0.),(-0.642779005142028,
0.,-0.766051663106755),(0.,1.,0.),(0.675587418816351,0.,-0.737279892264166),
(-0.642786787170692,0.,-0.76604513329097),(0.,1.,0.),(0.,1.,0.),(-0.101652730615588,
0.,-0.994819944692704),(0.,1.,0.),(-0.143959053604136,0.,0.989583645219241),
(-0.642786787170692,0.,-0.76604513329097),(0.,1.,0.),(0.,1.,0.),(0.642794009732501,
0.,0.766039072797213),(-0.985140538901921,0.,-0.171750163353727),(0.,1.,
0.),(0.,1.,0.),(-0.985140538901921,0.,0.171750163353727),(-0.976827500857512,
0.,-0.214028113967457),(0.,1.,0.),(0.,1.,0.),(-0.976827500857512,0.,0.214028113967457),
(-0.966663840577035,0.,-0.256048861198126),(0.,1.,0.),(0.,1.,0.),(-0.966663840577035,
0.,0.256048861198126),(-0.954742399387639,0.,-0.29743394361023),(0.,1.,
0.),(0.,1.,0.),(-0.954742399387639,0.,0.29743394361023),(-0.941044914575193,
0.,-0.338281641169259),(0.,1.,0.),(0.,1.,0.),(-0.941044914575193,0.,0.338281641169259),
(-0.461747575024813,0.,0.887011373635482),(0.,-1.,0.),(0.,-1.,0.),(-0.461733663552679,
0.,-0.887018615330153),(-0.461747575024813,0.,-0.887011373635482),(0.,-1.,
0.),(0.,-1.,0.),(0.537306561486785,0.,0.843387016133903),(-0.925526507611858,
0.,-0.378682827320963),(0.,1.,0.),(0.,1.,0.),(-0.925526507611858,0.,0.378682827320963),
(0.,1.,0.),(-0.771039756793529,0.,0.636787007910632),(0.,1.,0.),(-0.742879759061075,
0.,0.669424875230492),(0.,1.,0.),(-0.713269542741343,0.,0.700889833995012),
(0.,1.,0.),(-0.682413617800046,0.,0.730966246991646),(0.,1.,0.),(-0.650193764370855,
0.,0.759768431019121),(0.,1.,0.),(-0.616858915532446,0.,0.787073743894518),
(0.,1.,0.),(-0.582380666691934,0.,0.81291620666798),(-0.675559295398419,
0.,0.737305661446318),(0.,1.,0.),(-0.675559295398419,0.,0.737305661446318),
(0.,-1.,0.),(0.,-1.,0.),(-0.642779005142028,0.,0.766051663106755),(-0.675559295398419,
0.,-0.737305661446318),(0.,-1.,0.),(0.,-1.,0.),(-0.675597642888142,0.,-0.73727052356919),
(-0.675559295398419,0.,0.737305661446318),(0.,1.,0.),(-0.675559295398419,
0.,0.737305661446318),(0.,-1.,0.),(0.,-1.,0.),(-0.642779005142028,0.,0.766051663106755),
(-0.675559295398419,0.,-0.737305661446318),(0.,-1.,0.),(0.,-1.,0.),(-0.675597642888142,
0.,-0.73727052356919),(-0.675559295398419,0.,-0.737305661446318),(0.,1.,
0.),(0.,1.,0.),(-0.143959053604126,0.,-0.989583645219243),(0.,1.,0.),(1.,
0.,0.),(-0.165026466263846,0.,0.986289138859628),(-0.675559295398419,0.,
-0.737305661446318),(0.,1.,0.),(0.,1.,0.),(0.675587418816351,0.,0.737279892264166),
(-0.908369655692014,0.,-0.41816811047469),(0.,1.,0.),(0.,1.,0.),(-0.908369655692014,
0.,0.41816811047469),(-0.889474933636522,0.,-0.456983962992472),(0.,1.,
0.),(0.,1.,0.),(-0.889474933637517,0.,0.456983962990535),(-0.868937800665766,
0.,-0.494921305435664),(0.,1.,0.),(0.,1.,0.),(-0.868937800665779,0.,0.49492130543564),
(-0.707119736011649,0.,0.707093826124098),(0.,1.,0.),(-0.707119736011649,
0.,0.707093826124098),(0.,-1.,0.),(0.,-1.,0.),(-0.675597642888105,0.,0.737270523569224),
(-0.707119736011663,0.,-0.707093826124084),(0.,-1.,0.),(0.,-1.,0.),(-0.707098230970331,
0.,-0.707115331299378),(-0.707119736011649,0.,0.707093826124098),(0.,1.,
0.),(-0.707119736011649,0.,0.707093826124098),(0.,-1.,0.),(0.,-1.,0.),(-0.675597642888105,
0.,0.737270523569224),(-0.707119736011663,0.,-0.707093826124084),(0.,-1.,
0.),(0.,-1.,0.),(-0.707098230970331,0.,-0.707115331299378),(0.,1.,0.),(0.707097675729133,
0.,-0.707115886526712),(-0.707119736011663,0.,-0.707093826124084),(0.,1.,
0.),(0.,1.,0.),(-0.165026466263846,0.,-0.986289138859628),(1.,0.,0.),(-0.707119736011663,
0.,-0.707093826124084),(0.,1.,0.),(0.,1.,0.),(-0.846794204536679,0.,-0.531920647430698),
(-0.846794204535539,0.,0.531920647432514),(0.,1.,0.),(0.,1.,0.),(-0.823044576069596,
0.,0.567976782802272),(0.,1.,0.),(-0.797761089127847,0.,0.602973668308618),
(-0.823044576069596,0.,-0.567976782802272),(0.,1.,0.),(-0.500001572634715,
0.,0.866024495821459),(0.,-1.,0.),(0.,-1.,0.),(0.537306561486785,0.,-0.843387016133903),
(-0.500001572634174,0.,-0.866024495821771),(0.,-1.,0.),(-0.500001572634174,
0.,-0.866024495821771),(0.,-1.,0.),(0.,-1.,0.),(0.573574958091947,0.,0.819153079375169),
(-0.737267521456928,0.,0.675600919037828),(0.,1.,0.),(-0.737267521456928,
0.,0.675600919037828),(0.,-1.,0.),(0.,-1.,0.),(-0.707098230970496,0.,0.707115331299213),
(-0.737255718094842,0.,-0.675613799545612),(0.,-1.,0.),(0.,-1.,0.),(-0.73729569759639,
0.,-0.675570169786864),(-0.737255718094842,0.,0.675613799545612),(0.,1.,
0.),(-0.737255718094842,0.,0.675613799545612),(0.,-1.,0.),(0.,-1.,0.),(-0.707098230970496,
0.,0.707115331299213),(-0.737267521456928,0.,-0.675600919037828),(0.,-1.,
0.),(0.,-1.,0.),(-0.73729569759639,0.,-0.675570169786864),(0.,1.,0.),(0.737274680621692,
0.,-0.675593106325236),(-0.737255718094842,0.,-0.675613799545612),(0.,1.,
0.),(0.,1.,0.),(-0.737267521456928,0.,-0.675600919037828),(0.,1.,0.),(0.707097675729133,
0.,0.707115886526712),(-0.797761089127847,0.,-0.602973668308618),(0.,1.,
0.),(0.,1.,0.),(-0.771039756793529,0.,-0.636787007910632),(-0.766047576840477,
0.,0.642783875044196),(0.,1.,0.),(-0.766047576840477,0.,0.642783875044196),
(0.,-1.,0.),(0.,-1.,0.),(-0.737295697596712,0.,0.675570169786513),(-0.7660470064135,
0.,-0.642784554858714),(0.,-1.,0.),(0.,-1.,0.),(-0.766044750230449,0.,-0.642787243685163),
(-0.7660470064135,0.,0.642784554858714),(0.,1.,0.),(-0.7660470064135,0.,
0.642784554858714),(0.,-1.,0.),(0.,-1.,0.),(-0.737295697596712,0.,0.675570169786513),
(-0.766047576840477,0.,-0.642783875044196),(0.,-1.,0.),(0.,-1.,0.),(-0.766037714257489,
0.,-0.642795628746153),(-0.7660470064135,0.,-0.642784554858714),(0.,1.,
0.),(0.,1.,0.),(-0.766047576840477,0.,-0.642783875044196),(0.,1.,0.),(0.737274680621692,
0.,0.675593106325236),(-0.742879759061075,0.,-0.669424875230492),(0.,1.,
0.),(-0.537309006421516,0.,0.843385458505376),(0.,-1.,0.),(0.,-1.,0.),(0.573574958091947,
0.,-0.819153079375169),(-0.537309006421481,0.,-0.843385458505398),(0.,-1.,
0.),(-0.537309006421481,0.,-0.843385458505398),(0.,-1.,0.),(-0.713269542741343,
0.,-0.700889833995012),(0.,1.,0.),(0.,1.,0.),(-0.79336140322665,0.,0.608750921042622),
(-0.79336140322665,0.,0.608750921042622),(0.,-1.,0.),(0.,-1.,0.),(-0.766037714257489,
0.,0.642795628746153),(-0.793371498222853,0.,-0.608737764400752),(0.,-1.,
0.),(0.,-1.,0.),(-0.793333619901697,0.,-0.60878712825886),(-0.793371498222853,
0.,0.608737764400752),(0.,1.,0.),(-0.793371498222853,0.,0.608737764400752),
(0.,-1.,0.),(0.,-1.,0.),(-0.766044750230449,0.,0.642787243685163),(-0.79336140322665,
0.,-0.608750921042622),(0.,-1.,0.),(0.,-1.,0.),(-0.793333251202972,0.,-0.608787608723865),
(0.,1.,0.),(0.766053325571371,0.,-0.64277702384345),(-0.793371498222853,
0.,-0.608737764400752),(0.,1.,0.),(0.,1.,0.),(-0.79336140322665,0.,-0.608750921042622),
(-0.682413617800046,0.,-0.730966246991646),(0.,1.,0.),(0.,1.,0.),(-0.819145128183303,
0.,0.573586313446861),(-0.819145128183303,0.,0.573586313446861),(0.,-1.,
0.),(0.,-1.,0.),(-0.793333251202972,0.,0.608787608723865),(-0.819145128182943,
0.,-0.573586313447374),(0.,-1.,0.),(0.,-1.,0.),(-0.819158779128669,0.,-0.573566817882999),
(-0.819145128183303,0.,0.573586313446861),(0.,1.,0.),(-0.819145128183303,
0.,0.573586313446861),(0.,-1.,0.),(0.,-1.,0.),(-0.793333619901697,0.,0.60878712825886),
(-0.819145128182943,0.,-0.573586313447374),(0.,-1.,0.),(0.,-1.,0.),(-0.819159138002868,
0.,-0.573566305344376),(0.,1.,0.),(0.793353846014679,0.,-0.60876076993653),
(-0.819145128182943,0.,-0.573586313447374),(0.,1.,0.),(-0.819145128182943,
0.,-0.573586313447374),(0.,1.,0.),(0.,1.,0.),(0.766053325571371,0.,0.64277702384345),
(-0.650193764370855,0.,-0.759768431019121),(0.,1.,0.),(-0.57358668637557,
0.,0.819144867048981),(0.,-1.,0.),(0.,-1.,0.),(-0.573586686375551,0.,-0.819144867048995),
(0.,-1.,0.),(-0.573586686375551,0.,-0.819144867048995),(0.,-1.,0.),(0.608761056979728,
0.,0.793353625758983),(-0.616858915532446,0.,-0.787073743894518),(0.,1.,
0.),(0.,1.,0.),(-0.843400352183879,0.,0.537285627889029),(-0.843400352183879,
0.,0.537285627889029),(0.,-1.,0.),(0.,-1.,0.),(-0.819159138002868,0.,0.573566305344376),
(-0.843400352183879,0.,-0.537285627889029),(0.,-1.,0.),(0.,-1.,0.),(-0.843403364848452,
0.,-0.537280898750653),(-0.843400352183879,0.,0.537285627889029),(0.,1.,
0.),(-0.843400352183879,0.,0.537285627889029),(0.,-1.,0.),(0.,-1.,0.),(-0.819158779128669,
0.,0.573566817882999),(-0.843400352183879,0.,-0.537285627889029),(0.,-1.,
0.),(0.,-1.,0.),(-0.843403019211036,0.,-0.537281441318895),(0.,1.,0.),(0.819146432216062,
0.,-0.573584451138363),(-0.843400352183879,0.,-0.537285627889029),(0.,1.,
0.),(-0.843400352183879,0.,-0.537285627889029),(0.,1.,0.),(0.,1.,0.),(0.793353846014679,
0.,0.60876076993653),(-0.582380666691934,0.,-0.81291620666798),(0.,1.,0.),
(0.,1.,0.),(-0.866016583977479,0.,0.50001527604262),(-0.866016583977479,
0.,0.50001527604262),(0.,-1.,0.),(0.,-1.,0.),(-0.843403019211036,0.,0.537281441318895),
(-0.866016583977621,0.,-0.500015276042375),(0.,-1.,0.),(0.,-1.,0.),(-0.866028286874096,
0.,-0.499995006308981),(-0.866016583977479,0.,0.50001527604262),(0.,1.,
0.),(-0.866016583977479,0.,0.50001527604262),(0.,-1.,0.),(0.,-1.,0.),(-0.843403364848452,
0.,0.537280898750653),(-0.866016583977621,0.,-0.500015276042375),(0.,-1.,
0.),(0.,-1.,0.),(-0.866032822463241,0.,-0.499987150251236),(-0.866016583977621,
0.,-0.500015276042375),(0.,1.,0.),(-0.866016583977621,0.,-0.500015276042375),
(0.,1.,0.),(0.,1.,0.),(0.819146432216062,0.,0.573584451138363),(-0.546685163498976,
0.,-0.837338242295249),(0.,1.,0.),(0.,1.,0.),(-0.887009758628928,0.,0.461750677419158),
(-0.887009758628928,0.,0.461750677419158),(0.,-1.,0.),(0.,-1.,0.),(-0.866032822463241,
0.,0.499987150251236),(-0.887009758628816,0.,-0.461750677419373),(0.,-1.,
0.),(0.,-1.,0.),(-0.887021498480249,0.,-0.461728124802739),(-0.887009758628928,
0.,0.461750677419158),(0.,1.,0.),(-0.887009758628928,0.,0.461750677419158),
(0.,-1.,0.),(0.,-1.,0.),(-0.866028286874096,0.,0.499995006308981),(-0.887009758628816,
0.,-0.461750677419373),(0.,-1.,0.),(0.,-1.,0.),(-0.887021498480249,0.,-0.461728124802739),
(0.,1.,0.),(0.843391379729456,0.,-0.537299712077017),(-0.887009758628816,
0.,-0.461750677419373),(0.,1.,0.),(0.,1.,0.),(0.999940466931483,0.,0.0109115806759092),
(-0.887009758628816,0.,-0.461750677419373),(0.,1.,0.),(-0.608739440682566,
0.,0.793370212043203),(0.,-1.,0.),(0.,-1.,0.),(0.608761056979728,0.,-0.793353625758983),
(-0.608739440682772,0.,-0.793370212043045),(0.,-1.,0.),(-0.608739440682772,
0.,-0.793370212043045),(0.,-1.,0.),(0.,-1.,0.),(0.642794009732501,0.,0.766039072797213),
(-0.510060212383033,0.,-0.860138697968982),(0.,1.,0.),(0.,1.,0.),(-0.906316207558335,
0.,0.422600203403969),(-0.906316207558335,0.,0.422600203403969),(0.,-1.,
0.),(0.,-1.,0.),(-0.887021498480249,0.,0.461728124802739),(-0.906316207558355,
0.,-0.422600203403928),(0.,-1.,0.),(0.,-1.,0.),(-0.906295716928854,0.,-0.422644145205414),
(-0.906316207558335,0.,0.422600203403969),(0.,1.,0.),(-0.906316207558335,
0.,0.422600203403969),(0.,-1.,0.),(0.,-1.,0.),(-0.887021498480249,0.,0.461728124802739),
(-0.906316207558355,0.,-0.422600203403928),(0.,-1.,0.),(0.,-1.,0.),(-0.906298693878824,
0.,-0.422637761532897),(0.,1.,0.),(0.866024492826252,0.,-0.500001577822544),
(-0.906316207558355,0.,-0.422600203403928),(0.,1.,0.),(0.,1.,0.),(0.999940466931483,
0.,-0.0109115806759149),(-0.906316207558355,0.,-0.422600203403928),(0.,
1.,0.),(0.,1.,0.),(0.843391379729456,0.,0.537299712077017),(-0.472537568460019,
0.,-0.88131052779023),(0.,1.,0.),(0.,1.,0.),(-0.923878137420002,0.,0.382686800396026),
(-0.923878137420002,0.,0.382686800396026),(0.,-1.,0.),(0.,-1.,0.),(-0.906298693878824,
0.,0.422637761532897),(-0.923878137419821,0.,-0.382686800396462),(0.,-1.,
0.),(0.,-1.,0.),(-0.923859507549856,0.,-0.382731773321393),(-0.923878137420002,
0.,0.382686800396026),(0.,1.,0.),(-0.923878137420002,0.,0.382686800396026),
(0.,-1.,0.),(0.,-1.,0.),(-0.906295716928854,0.,0.422644145205414),(-0.923878137419821,
0.,-0.382686800396462),(0.,-1.,0.),(0.,-1.,0.),(-0.923859777480586,0.,-0.382731121746745),
(-0.923878137419821,0.,-0.382686800396462),(0.,1.,0.),(-0.923878137419821,
0.,-0.382686800396462),(0.,1.,0.),(0.,1.,0.),(0.866024492826252,0.,0.500001577822544),
(-0.642779005142028,0.,0.766051663106755),(0.,-1.,0.),(0.,-1.,0.),(0.642794009732501,
0.,-0.766039072797213),(-0.642779005142028,0.,-0.766051663106755),(0.,-1.,
0.),(0.,-1.,0.),(0.999940466931483,0.,-0.0109115806759149),(-0.642779005142028,
0.,-0.766051663106755),(0.,-1.,0.),(0.,-1.,0.),(0.675587418816351,0.,0.737279892264166),
(-0.939692928065559,0.,0.342019299080587),(0.,1.,0.),(-0.939692928065559,
0.,0.342019299080587),(0.,-1.,0.),(0.,-1.,0.),(-0.923859777480586,0.,0.382731121746745),
(-0.939692928065731,0.,-0.342019299080114),(0.,-1.,0.),(0.,-1.,0.),(-0.93970567460345,
0.,-0.34198427612695),(-0.939692928065559,0.,0.342019299080587),(0.,1.,
0.),(-0.939692928065559,0.,0.342019299080587),(0.,-1.,0.),(0.,-1.,0.),(-0.923859507549856,
0.,0.382731773321393),(-0.939692928065731,0.,-0.342019299080114),(0.,-1.,
0.),(0.,-1.,0.),(-0.939703506947645,0.,-0.34199023236095),(0.,1.,0.),(0.88700936690425,
0.,-0.461751429910207),(-0.939692928065731,0.,-0.342019299080114),(0.,1.,
0.),(-0.939692928065731,0.,-0.342019299080114),(0.,1.,0.),(0.,1.,0.),(-0.434109218978022,
0.,-0.900860247762266),(-0.953722082440329,0.,0.300689523372002),(0.,1.,
0.),(-0.953722082440329,0.,0.300689523372002),(0.,-1.,0.),(0.,-1.,0.),(-0.939703506947645,
0.,0.34199023236095),(-0.953722082440287,0.,-0.300689523372134),(0.,-1.,
0.),(0.,-1.,0.),(-0.953726880532704,0.,-0.300674304438138),(-0.953722082440329,
0.,0.300689523372002),(0.,1.,0.),(-0.953722082440329,0.,0.300689523372002),
(0.,-1.,0.),(0.,-1.,0.),(-0.93970567460345,0.,0.34198427612695),(-0.953722082440287,
0.,-0.300689523372134),(0.,-1.,0.),(0.,-1.,0.),(-0.953728351966848,0.,-0.300669637067996),
(0.,1.,0.),(0.906314952455534,0.,-0.422602895110201),(-0.953722082440287,
0.,-0.300689523372134),(0.,1.,0.),(-0.953722082440287,0.,-0.300689523372134),
(0.,1.,0.),(0.,1.,0.),(0.88700936690425,0.,0.461751429910207),(-0.394849018443655,
0.,-0.918746021833065),(0.,1.,0.),(0.,1.,0.),(-0.965927051130373,0.,0.258814473889272),
(-0.965927051130373,0.,0.258814473889272),(0.,-1.,0.),(0.,-1.,0.),(-0.953728351966848,
0.,0.300669637067996),(-0.965927051130373,0.,-0.258814473889272),(0.,-1.,
0.),(0.,-1.,0.),(-0.965914645678126,0.,-0.258860768106137),(-0.965927051130373,
0.,0.258814473889272),(0.,1.,0.),(-0.965927051130373,0.,0.258814473889272),
(0.,-1.,0.),(0.,-1.,0.),(-0.953726880532704,0.,0.300674304438138),(-0.965927051130373,
0.,-0.258814473889272),(0.,-1.,0.),(0.,-1.,0.),(-0.965914836383256,0.,-0.258860056506807),
(0.,1.,0.),(0.923879055401435,0.,-0.382684584208134),(-0.965927051130373,
0.,-0.258814473889272),(0.,1.,0.),(-0.965927051130373,0.,-0.258814473889272),
(0.,1.,0.),(0.,1.,0.),(0.906314952455534,0.,0.422602895110201),(-0.976291734378914,
0.,0.216458886127162),(0.,1.,0.),(-0.976291734378914,0.,0.216458886127162),
(0.,-1.,0.),(0.,-1.,0.),(-0.965914836383256,0.,0.258860056506807),(-0.97629173437892,
0.,-0.216458886127136),(0.,-1.,0.),(0.,-1.,0.),(-0.976291597788734,0.,-0.216459502187177),
(-0.976291734378914,0.,0.216458886127162),(0.,1.,0.),(-0.976291734378914,
0.,0.216458886127162),(0.,-1.,0.),(0.,-1.,0.),(-0.965914645678126,0.,0.258860768106137),
(-0.97629173437892,0.,-0.216458886127136),(0.,-1.,0.),(0.,-1.,0.),(-0.976290697934666,
0.,-0.216463560735386),(-0.97629173437892,0.,-0.216458886127136),(0.,1.,
0.),(0.,1.,0.),(0.999048282031317,0.,0.0436180028230843),(-0.97629173437892,
0.,-0.216458886127136),(0.,1.,0.),(0.,1.,0.),(0.923879055401435,0.,0.382684584208134),
(-0.354805986245745,0.,-0.934939951079311),(0.,1.,0.),(-0.675597642888105,
0.,0.737270523569224),(0.,-1.,0.),(0.,-1.,0.),(0.675587418816351,0.,-0.737279892264166),
(-0.675597642888142,0.,-0.73727052356919),(0.,-1.,0.),(-0.675597642888142,
0.,-0.73727052356919),(0.,-1.,0.),(-0.984800881084545,0.,0.173687145796988),
(0.,1.,0.),(-0.984800881084545,0.,0.173687145796988),(0.,-1.,0.),(0.,-1.,
0.),(-0.976290697934666,0.,0.216463560735386),(-0.984801581356883,0.,-0.173683175227143),
(0.,-1.,0.),(0.,-1.,0.),(-0.984807531385521,0.,-0.17364943456964),(-0.984801581356883,
0.,0.173683175227143),(0.,1.,0.),(-0.984801581356883,0.,0.173683175227143),
(0.,-1.,0.),(0.,-1.,0.),(-0.976291597788734,0.,0.216459502187177),(-0.984800881084545,
0.,-0.173687145796988),(0.,-1.,0.),(0.,-1.,0.),(-0.984807069391313,0.,-0.173652054629061),
(0.,1.,0.),(0.939686545282219,0.,-0.342036835173594),(-0.984801581356883,
0.,-0.173683175227143),(0.,1.,0.),(0.,1.,0.),(0.999048282031318,0.,-0.0436180028230631),
(0.,1.,0.),(0.99619560113934,0.,0.0871454202504577),(-0.984800881084545,
0.,-0.173687145796988),(0.,1.,0.),(0.,1.,0.),(-0.991442347555055,0.,0.130545285148569),
(-0.991442347555055,0.,0.130545285148569),(0.,-1.,0.),(0.,-1.,0.),(-0.984807069391313,
0.,0.173652054629061),(-0.991442497398133,0.,-0.130544147141695),(0.,-1.,
0.),(0.,-1.,0.),(-0.991450435048006,0.,-0.130483848974193),(-0.991442497398133,
0.,0.130544147141695),(0.,1.,0.),(-0.991442497398133,0.,0.130544147141695),
(0.,-1.,0.),(0.,-1.,0.),(-0.984807531385528,0.,0.173649434569601),(-0.991442347555055,
0.,-0.130545285148569),(0.,-1.,0.),(0.,-1.,0.),(-0.991450336076304,0.,-0.13048460098488),
(0.,1.,0.),(0.953724629293655,0.,-0.300681445185232),(-0.991442497398133,
0.,-0.130544147141695),(0.,1.,0.),(0.,1.,0.),(0.99619560113934,0.,-0.0871454202504577),
(-0.991442347555055,0.,-0.130545285148569),(0.,1.,0.),(0.,1.,0.),(0.939686545282219,
0.,0.342036835173594),(-0.99620089841584,0.,0.0870848436610684),(0.,1.,
0.),(-0.99620089841584,0.,0.0870848436610684),(0.,-1.,0.),(0.,-1.,0.),(-0.991450336076304,
0.,0.13048460098488),(-0.996200647257313,0.,-0.0870877167234866),(0.,-1.,
0.),(0.,-1.,0.),(-0.996196066907234,0.,-0.0871400956997239),(-0.996200647257313,
0.,0.0870877167234866),(0.,1.,0.),(-0.996200647257313,0.,0.0870877167234866),
(0.,-1.,0.),(0.,-1.,0.),(-0.991450435048006,0.,0.130483848974193),(-0.99620089841584,
0.,-0.0870848436610684),(0.,-1.,0.),(0.,-1.,0.),(-0.996196332399894,0.,
-0.0871370605024018),(0.,1.,0.),(0.965927920551645,0.,-0.258811229081689),
(-0.996200647257313,0.,-0.0870877167234866),(0.,1.,0.),(0.,1.,0.),(0.991444887557022,
0.,0.130525993338657),(-0.99620089841584,0.,-0.0870848436610684),(0.,1.,
0.),(0.,1.,0.),(0.953724629293655,0.,0.300681445185232),(-0.99905044342803,
0.,0.0435684689455179),(0.,1.,0.),(-0.99905044342803,0.,0.0435684689455179),
(0.,-1.,0.),(0.,-1.,0.),(-0.996196332399894,0.,0.0871370605024018),(-0.99905046862805,
0.,-0.0435678910905076),(0.,-1.,0.),(0.,-1.,0.),(-0.999048115014865,0.,
-0.0436218280823309),(-0.99905046862805,0.,0.0435678910905076),(0.,1.,0.),
(-0.99905046862805,0.,0.0435678910905076),(0.,-1.,0.),(0.,-1.,0.),(-0.996196066907234,
0.,0.0871400956997239),(-0.99905044342803,0.,-0.0435684689455179),(0.,-1.,
0.),(0.,-1.,0.),(-0.999048131765127,0.,-0.0436214444580748),(-0.99905046862805,
0.,-0.0435678910905076),(0.,1.,0.),(0.,1.,0.),(0.991444887557022,0.,-0.130525993338657),
(0.,1.,0.),(0.984807512033094,0.,0.173649544321854),(-0.99905044342803,
0.,-0.0435684689455179),(0.,1.,0.),(0.,1.,0.),(0.965927920551645,0.,0.258811229081689),
(-0.314127987782778,0.,-0.949380644047235),(0.,1.,0.),(0.,1.,0.),(-0.999999999999833,
0.,0.),(-0.999999999999833,0.,0.),(0.,-1.,0.),(0.,-1.,0.),(-0.999048131765127,
0.,0.0436214444580748),(0.,-1.,0.),(-0.999999999999711,0.,0.),(-0.999999999999833,
0.,0.),(0.,1.,0.),(-0.999999999999833,0.,0.),(0.,-1.,0.),(0.,-1.,0.),(-0.999048115014865,
0.,0.0436218280823309),(0.,-1.,0.),(-0.999999999999711,0.,0.),(0.,1.,0.),
(0.976294063852986,0.,-0.216448379262634),(0.,1.,0.),(0.984807512033094,
0.,-0.173649544321854),(0.,1.,0.),(0.976294063852986,0.,0.216448379262634),
(-0.272924686666029,0.,-0.962035402367423),(0.,1.,0.),(-0.707098230970496,
0.,0.707115331299213),(0.,-1.,0.),(0.,-1.,0.),(-0.707098230970331,0.,-0.707115331299378),
(0.,-1.,0.),(-0.707098230970331,0.,-0.707115331299378),(0.,-1.,0.),(0.707097675729133,
0.,0.707115886526712),(-0.231217371305394,0.,-0.972902115943132),(0.,1.,
0.),(-0.737295697596712,0.,0.675570169786513),(0.,-1.,0.),(0.,-1.,0.),(0.707097675729133,
0.,-0.707115886526712),(-0.73729569759639,0.,-0.675570169786864),(0.,-1.,
0.),(-0.73729569759639,0.,-0.675570169786864),(0.,-1.,0.),(0.,-1.,0.),(0.737274680621692,
0.,0.675593106325236),(-0.188974815112671,0.,-0.981981934280428),(0.,1.,
0.),(0.,1.,0.),(-0.146429196314341,0.,-0.989221153467078),(0.,1.,0.),(-0.103698573777619,
0.,-0.994608770218968),(0.,1.,0.),(-0.0606662648661452,0.,-0.998158105866596),
(0.,1.,0.),(-0.0175092595995722,0.,-0.999846701163871),(0.,1.,0.),(0.0256060846677262,
0.,-0.999672110458219),(-0.766037714257489,0.,0.642795628746153),(0.,-1.,
0.),(0.,-1.,0.),(0.737274680621692,0.,-0.675593106325236),(-0.766044750230449,
0.,-0.642787243685163),(0.,-1.,0.),(0.,-1.,0.),(-0.766037714257489,0.,-0.642795628746153),
(-0.793333251202972,0.,0.608787608723865),(0.,-1.,0.),(0.,-1.,0.),(-0.793333619901697,
0.,-0.60878712825886),(-0.793333251202972,0.,-0.608787608723865),(0.,-1.,
0.),(0.,-1.,0.),(0.766053325571371,0.,0.64277702384345),(-0.819159138002868,
0.,0.573566305344376),(0.,-1.,0.),(0.,-1.,0.),(0.766053325571371,0.,-0.64277702384345),
(-0.819158779128669,0.,-0.573566817882999),(0.,-1.,0.),(0.,-1.,0.),(-0.819158779128669,
0.,0.573566817882999),(-0.819159138002868,0.,-0.573566305344376),(0.,-1.,
0.),(0.,-1.,0.),(0.793353846014679,0.,0.60876076993653),(-0.843403019211036,
0.,0.537281441318895),(0.,-1.,0.),(0.,-1.,0.),(0.793353846014679,0.,-0.60876076993653),
(-0.843403364848452,0.,-0.537280898750653),(0.,-1.,0.),(0.,-1.,0.),(-0.843403364848452,
0.,0.537280898750653),(-0.843403019211036,0.,-0.537281441318895),(0.,-1.,
0.),(0.,-1.,0.),(0.819146432216062,0.,0.573584451138363),(0.0260855233570256,
0.,0.999659714838599),(0.,1.,0.),(-0.866032822463241,0.,0.499987150251236),
(0.,-1.,0.),(0.,-1.,0.),(0.819146432216062,0.,-0.573584451138363),(-0.866028286874096,
0.,-0.499995006308981),(0.,-1.,0.),(0.,-1.,0.),(-0.866028286874096,0.,0.499995006308981),
(-0.866032822463241,0.,-0.499987150251236),(0.,-1.,0.),(0.,-1.,0.),(-0.887021498480249,
0.,0.461728124802739),(-0.887021498480249,0.,-0.461728124802739),(0.,-1.,
0.),(0.,-1.,0.),(-0.887021498480249,0.,0.461728124802739),(-0.887021498480249,
0.,-0.461728124802739),(0.,-1.,0.),(0.,-1.,0.),(0.843391379729456,0.,0.537299712077017),
(-0.906298693878824,0.,0.422637761532897),(0.,-1.,0.),(0.,-1.,0.),(0.843391379729456,
0.,-0.537299712077017),(-0.906295716928854,0.,-0.422644145205414),(0.,-1.,
0.),(0.,-1.,0.),(-0.906295716928854,0.,0.422644145205414),(-0.906298693878824,
0.,-0.422637761532897),(0.,-1.,0.),(0.,-1.,0.),(0.866024492826252,0.,0.500001577822544),
(-0.923859777480586,0.,0.382731121746745),(0.,-1.,0.),(0.,-1.,0.),(0.866024492826252,
0.,-0.500001577822544),(-0.923859507549856,0.,-0.382731773321393),(0.,-1.,
0.),(0.,-1.,0.),(-0.923859507549856,0.,0.382731773321393),(-0.923859777480586,
0.,-0.382731121746745),(0.,-1.,0.),(0.,-1.,0.),(-0.939703506947645,0.,0.34199023236095),
(-0.93970567460345,0.,-0.34198427612695),(0.,-1.,0.),(0.,-1.,0.),(-0.93970567460345,
0.,0.34198427612695),(-0.939703506947645,0.,-0.34199023236095),(0.,-1.,
0.),(0.,-1.,0.),(0.88700936690425,0.,0.461751429910207),(-0.953728351966848,
0.,0.300669637067996),(0.,-1.,0.),(0.,-1.,0.),(0.88700936690425,0.,-0.461751429910207),
(-0.953726880532704,0.,-0.300674304438138),(0.,-1.,0.),(0.,-1.,0.),(-0.953726880532704,
0.,0.300674304438138),(-0.953728351966848,0.,-0.300669637067996),(0.,-1.,
0.),(0.,-1.,0.),(0.906314952455534,0.,0.422602895110201),(-0.0165417282054848,
0.,0.999863176253619),(0.,1.,0.),(0.,1.,0.),(-0.0165417282054854,0.,-0.999863176253619),
(-0.965914836383256,0.,0.258860056506807),(0.,-1.,0.),(0.,-1.,0.),(0.906314952455534,
0.,-0.422602895110201),(-0.965914645678126,0.,-0.258860768106137),(0.,-1.,
0.),(0.,-1.,0.),(-0.965914645678126,0.,0.258860768106137),(-0.965914836383256,
0.,-0.258860056506807),(0.,-1.,0.),(0.,-1.,0.),(0.923879055401435,0.,0.382684584208134),
(-0.976290697934666,0.,0.216463560735386),(0.,-1.,0.),(0.,-1.,0.),(0.923879055401435,
0.,-0.382684584208134),(-0.976291597788734,0.,-0.216459502187177),(0.,-1.,
0.),(0.,-1.,0.),(0.999048282031318,0.,-0.0436180028230631),(-0.976291597788734,
0.,0.216459502187177),(0.,-1.,0.),(0.,-1.,0.),(-0.976290697934666,0.,-0.216463560735386),
(-0.984807069391313,0.,0.173652054629061),(0.,-1.,0.),(0.,-1.,0.),(-0.984807531385521,
0.,-0.17364943456964),(0.,-1.,0.),(0.99619560113934,0.,-0.0871454202504577),
(-0.984807531385528,0.,0.173649434569601),(0.,-1.,0.),(0.,-1.,0.),(0.999048282031317,
0.,0.0436180028230843),(-0.984807069391313,0.,-0.173652054629061),(0.,-1.,
0.),(0.,-1.,0.),(0.939686545282219,0.,0.342036835173594),(-0.991450336076304,
0.,0.13048460098488),(0.,-1.,0.),(0.,-1.,0.),(0.939686545282219,0.,-0.342036835173594),
(-0.991450435048006,0.,-0.130483848974193),(0.,-1.,0.),(0.,-1.,0.),(-0.991450435048006,
0.,0.130483848974193),(0.,-1.,0.),(0.99619560113934,0.,0.0871454202504577),
(-0.991450336076304,0.,-0.13048460098488),(0.,-1.,0.),(0.,-1.,0.),(0.953724629293655,
0.,0.300681445185232),(-0.996196332399894,0.,0.0871370605024018),(0.,-1.,
0.),(0.,-1.,0.),(0.953724629293655,0.,-0.300681445185232),(-0.996196066907234,
0.,-0.0871400956997239),(0.,-1.,0.),(0.,-1.,0.),(0.991444887557022,0.,-0.130525993338657),
(-0.996196066907234,0.,0.0871400956997239),(0.,-1.,0.),(0.,-1.,0.),(-0.996196332399894,
0.,-0.0871370605024018),(0.,-1.,0.),(0.965927920551645,0.,0.258811229081689),
(-0.999048131765127,0.,0.0436214444580748),(0.,-1.,0.),(0.,-1.,0.),(0.965927920551645,
0.,-0.258811229081689),(-0.999048115014865,0.,-0.0436218280823309),(0.,
-1.,0.),(0.,-1.,0.),(0.984807512033094,0.,-0.173649544321854),(-0.999048115014865,
0.,0.0436218280823309),(0.,-1.,0.),(0.,-1.,0.),(0.991444887557022,0.,0.130525993338657),
(-0.999048131765127,0.,-0.0436214444580748),(0.,-1.,0.),(0.,-1.,0.),(-0.999999999999711,
0.,0.),(0.,-1.,0.),(0.976294063852986,0.,-0.216448379262634),(-0.999999999999711,
0.,0.),(0.,-1.,0.),(0.,-1.,0.),(0.984807512033094,0.,0.173649544321854),
(0.,-1.,0.),(0.976294063852986,0.,0.216448379262634),(-0.0591569331882952,
0.,0.99824869509344),(0.,1.,0.),(0.,1.,0.),(-0.0591569331883622,0.,-0.998248695093436),
(0.,1.,0.),(-0.101652730615588,0.,-0.994819944692704),(-0.101652730615588,
0.,0.994819944692704),(0.,1.,0.),(0.,1.,0.),(-0.143959053604136,0.,0.989583645219241),
(-0.143959053604126,0.,-0.989583645219243),(0.,1.,0.),(0.,1.,0.),(-0.165026466263846,
0.,0.986289138859628),(1.,0.,0.),(-0.165026466263846,0.,-0.986289138859628),
(0.,1.,0.),(1.,0.,0.)),$,(1,1,2,2,5,5,5,363,363,3,3,4,4,4,11,11,9,9,859,
859,419,419,451,451,499,499,535,535,575,575,623,623,675,675,699,699,727,
727,743,743,771,771,791,791,815,815,835,835,6,6,10,10,139,139,151,151,163,
163,171,171,179,179,191,191,199,199,207,207,223,223,235,235,255,255,271,
271,287,287,303,303,462,462,378,378,390,390,402,402,414,414,430,430,442,
442,7,7,7,37,37,614,614,478,478,490,490,514,514,526,526,550,550,570,570,
594,594,443,443,8,8,8,40,40,38,38,595,595,463,463,479,479,491,491,515,515,
527,527,551,551,571,571,12,12,359,359,379,379,391,391,403,403,415,415,431,
431,39,39,60,60,15,15,13,13,14,14,131,131,358,358,16,16,351,351,19,19,17,
17,18,18,115,115,123,123,342,342,350,350,20,20,335,335,343,343,23,23,21,
21,98,98,879,879,22,22,107,107,334,334,24,24,323,323,27,27,25,25,93,93,
26,26,99,99,322,322,28,28,316,316,31,31,29,29,97,97,30,30,94,94,315,315,
32,32,324,324,35,35,33,33,113,113,105,105,34,34,108,108,100,100,333,333,
321,321,36,36,344,344,336,336,43,43,41,41,121,121,42,42,116,116,341,341,
44,44,352,352,57,57,658,658,58,58,615,615,59,59,47,47,45,45,129,129,46,
46,124,124,349,349,48,48,360,360,51,51,49,49,149,149,137,137,50,50,140,
140,132,132,377,377,357,357,52,52,392,392,380,380,55,55,53,53,161,161,54,
54,152,152,389,389,56,56,404,404,63,63,61,61,169,169,62,62,164,164,401,
401,64,64,416,416,69,69,686,686,72,72,70,70,660,660,71,71,67,67,65,65,189,
189,177,177,66,66,180,180,172,172,429,429,413,413,68,68,444,444,432,432,
75,75,73,73,197,197,74,74,192,192,441,441,76,76,464,464,85,85,694,694,88,
88,86,86,87,87,79,79,77,77,221,221,205,205,78,78,208,208,200,200,477,477,
461,461,80,80,492,492,480,480,83,83,81,81,233,233,82,82,224,224,489,489,
84,84,516,516,91,91,89,89,253,253,90,90,236,236,513,513,92,92,528,528,157,
157,714,714,160,160,158,158,159,159,147,147,145,145,285,285,269,269,146,
146,272,272,256,256,549,549,525,525,148,148,572,572,552,552,95,95,101,101,
96,96,103,103,102,102,317,317,313,313,104,104,319,319,314,314,109,109,106,
106,947,947,904,904,931,931,111,111,329,329,110,110,318,318,331,331,112,
112,320,320,117,117,114,114,975,975,119,119,337,337,118,118,330,330,339,
339,120,120,332,332,125,125,122,122,127,127,345,345,126,126,338,338,347,
347,128,128,340,340,133,133,130,130,135,135,353,353,134,134,346,346,355,
355,136,136,348,348,141,141,138,138,143,143,373,373,142,142,354,354,375,
375,144,144,356,356,153,153,150,150,155,155,385,385,154,154,374,374,387,
387,156,156,376,376,187,187,185,185,301,301,186,186,288,288,569,569,188,
188,596,596,165,165,162,162,1471,1471,991,991,1019,1019,1035,1035,1063,
1063,1087,1087,1107,1107,1131,1131,1155,1155,1179,1179,1211,1211,1235,1235,
1275,1275,1327,1327,1335,1335,1343,1343,1351,1351,1359,1359,1367,1367,1375,
1375,1383,1383,1391,1391,1399,1399,1407,1407,1415,1415,1423,1423,1431,1431,
1439,1439,1447,1447,1455,1455,1463,1463,167,167,397,397,166,166,386,386,
399,399,168,168,388,388,217,217,722,722,220,220,218,218,219,219,671,671,
173,173,170,170,175,175,409,409,174,174,398,398,411,411,176,176,400,400,
181,181,178,178,183,183,425,425,182,182,410,410,427,427,184,184,412,412,
193,193,190,190,195,195,437,437,194,194,426,426,439,439,196,196,428,428,
215,215,213,213,417,417,361,361,214,214,364,364,304,304,613,613,593,593,
216,216,659,659,616,616,201,201,198,198,203,203,457,457,202,202,438,438,
459,459,204,204,440,440,209,209,206,206,211,211,473,473,210,210,458,458,
475,475,212,212,460,460,225,225,222,222,227,227,485,485,226,226,474,474,
487,487,228,228,476,476,251,251,249,249,449,449,250,250,420,420,657,657,
252,252,688,688,231,231,229,229,230,230,232,232,520,520,532,532,544,544,
560,560,564,564,584,584,588,588,600,600,604,604,608,608,620,620,632,632,
636,636,644,644,648,648,652,652,664,664,668,668,672,672,237,237,234,234,
239,239,509,509,238,238,486,486,511,511,240,240,488,488,243,243,241,241,
738,738,242,242,244,244,257,257,254,254,259,259,521,521,258,258,510,510,
523,523,260,260,512,512,247,247,245,245,246,246,248,248,263,263,261,261,
262,262,264,264,295,295,293,293,497,497,294,294,452,452,685,685,296,296,
696,696,273,273,270,270,275,275,545,545,274,274,522,522,547,547,276,276,
524,524,267,267,265,265,266,266,631,631,635,635,643,643,647,647,651,651,
663,663,667,667,268,268,279,279,277,277,278,278,280,280,289,289,286,286,
291,291,565,565,290,290,546,546,567,567,292,292,548,548,283,283,281,281,
758,758,282,282,284,284,299,299,297,297,298,298,300,300,305,305,302,302,
307,307,589,589,306,306,566,566,591,591,308,308,568,568,383,383,381,381,
573,573,533,533,382,382,536,536,500,500,713,713,693,693,384,384,724,724,
716,716,311,311,309,309,310,310,312,312,365,365,362,362,367,367,609,609,
366,366,590,590,611,611,368,368,592,592,327,327,325,325,766,766,326,326,
328,328,371,371,369,369,370,370,372,372,421,421,418,418,423,423,653,653,
422,422,610,610,655,655,424,424,612,612,395,395,393,393,394,394,396,396,
471,471,469,469,621,621,470,470,576,576,721,721,472,472,740,740,407,407,
405,405,782,782,406,406,408,408,435,435,433,433,434,434,436,436,453,453,
450,450,1975,1975,1956,1956,1959,1959,1967,1967,455,455,681,681,454,454,
654,654,683,683,456,456,656,656,447,447,445,445,446,446,448,448,468,468,
484,484,496,496,508,508,467,467,465,465,466,466,501,501,498,498,1983,1983,
503,503,689,689,502,502,682,682,691,691,504,504,684,684,483,483,481,481,
802,802,482,482,555,555,553,553,697,697,673,673,554,554,676,676,624,624,
757,757,737,737,556,556,768,768,760,760,495,495,493,493,494,494,507,507,
505,505,506,506,537,537,534,534,539,539,709,709,538,538,690,690,711,711,
540,540,692,692,519,519,517,517,518,518,563,563,583,583,587,587,599,599,
603,603,607,607,619,619,531,531,529,529,530,530,543,543,541,541,542,542,
559,559,577,577,574,574,579,579,717,717,578,578,710,710,719,719,580,580,
712,712,557,557,810,810,558,558,639,639,637,637,725,725,638,638,700,700,
765,765,640,640,784,784,561,561,562,562,581,581,582,582,625,625,622,622,
627,627,733,733,626,626,718,718,735,735,628,628,720,720,585,585,586,586,
597,597,598,598,601,601,602,602,605,605,606,606,617,617,890,890,826,826,
846,846,854,854,865,865,618,618,629,629,630,630,677,677,674,674,679,679,
753,753,678,678,734,734,755,755,680,680,736,736,633,633,634,634,641,641,
642,642,707,707,705,705,741,741,706,706,728,728,781,781,708,708,804,804,
645,645,646,646,649,649,650,650,2126,2126,661,661,662,662,687,687,2134,
2134,665,665,666,666,669,669,670,670,701,701,698,698,703,703,761,761,702,
702,754,754,763,763,704,704,756,756,695,695,715,715,729,729,726,726,731,
731,777,777,730,730,762,762,779,779,732,732,764,764,751,751,769,769,749,
749,789,789,750,750,744,744,772,772,809,809,801,801,752,752,828,828,812,
812,723,723,739,739,745,745,742,742,747,747,797,797,746,746,778,778,799,
799,748,748,780,780,759,759,773,773,770,770,775,775,805,805,774,774,798,
798,807,807,776,776,800,800,787,787,785,785,813,813,786,786,792,792,825,
825,788,788,848,848,767,767,783,783,793,793,790,790,795,795,821,821,794,
794,806,806,823,823,796,796,808,808,803,803,831,831,833,833,829,829,830,
830,816,816,845,845,832,832,856,856,817,817,814,814,819,819,841,841,822,
822,818,818,843,843,824,824,820,820,811,811,827,827,837,837,834,834,839,
839,836,836,849,849,842,842,838,838,851,851,844,844,840,840,847,847,875,
875,857,857,877,877,873,873,874,874,860,860,853,853,872,872,867,867,892,
892,876,876,861,861,858,858,863,863,868,868,850,850,862,862,870,870,852,
852,864,864,855,855,869,869,866,866,871,871,881,881,878,878,885,885,880,
880,882,882,884,884,886,886,888,888,889,889,883,883,891,891,887,887,919,
919,903,903,917,917,918,918,900,900,920,920,905,905,901,901,907,907,902,
902,893,893,897,897,906,906,894,894,895,895,899,899,908,908,896,896,898,
898,2049,2049,2062,2062,2070,2070,2078,2078,2094,2094,2102,2102,2118,2118,
913,913,909,909,910,910,934,934,915,915,911,911,912,912,936,936,963,963,
914,914,916,916,933,933,929,929,930,930,1853,1853,1845,1845,1841,1841,1846,
1846,2283,2283,1991,1991,2043,2043,2083,2083,2107,2107,2139,2139,2163,2163,
2187,2187,2211,2211,2231,2231,2255,2255,935,935,932,932,962,962,1943,1943,
1005,1005,1050,1050,1094,1094,1855,1855,1863,1863,1871,1871,1879,1879,1887,
1887,1895,1895,1903,1903,1911,1911,1919,1919,1927,1927,1935,1935,925,925,
921,921,922,922,950,950,927,927,923,923,924,924,952,952,1006,1006,926,926,
964,964,928,928,961,961,944,944,949,949,940,940,941,941,978,978,938,938,
951,951,942,942,943,943,980,980,937,937,939,939,1007,1007,945,945,946,946,
1861,1861,948,948,957,957,977,977,953,953,954,954,994,994,959,959,979,979,
955,955,956,956,996,996,1051,1051,958,958,960,960,1008,1008,973,973,974,
974,976,976,969,969,965,965,993,993,966,966,1022,1022,971,971,967,967,995,
995,968,968,1024,1024,1095,1095,970,970,972,972,1052,1052,985,985,981,981,
1021,1021,982,982,1038,1038,987,987,983,983,1023,1023,984,984,1040,1040,
986,986,988,988,1096,1096,989,989,990,990,992,992,1001,1001,997,997,1037,
1037,998,998,1066,1066,1003,1003,999,999,1039,1039,1000,1000,1068,1068,
1002,1002,1004,1004,1017,1017,1018,1018,1020,1020,1013,1013,1009,1009,1065,
1065,1010,1010,1090,1090,1015,1015,1011,1011,1067,1067,1012,1012,1092,1092,
1014,1014,1016,1016,1033,1033,1061,1061,1049,1049,1341,1341,1085,1085,1105,
1105,1129,1129,1153,1153,1177,1177,1209,1209,1233,1233,1273,1273,1325,1325,
1333,1333,1029,1029,1025,1025,1089,1089,1026,1026,1110,1110,1031,1031,1027,
1027,1091,1091,1028,1028,1112,1112,1030,1030,1032,1032,1034,1034,1036,1036,
1045,1045,1041,1041,1109,1109,1042,1042,1134,1134,1047,1047,1043,1043,1111,
1111,1044,1044,1136,1136,1046,1046,1048,1048,1062,1062,1064,1064,1057,1057,
1053,1053,1133,1133,1054,1054,1158,1158,1059,1059,1055,1055,1135,1135,1056,
1056,1160,1160,1481,1481,1481,1058,1058,1060,1060,1093,1093,1073,1073,1069,
1069,1157,1157,1070,1070,1182,1182,1075,1075,1071,1071,1159,1159,1072,1072,
1184,1184,1074,1074,1076,1076,1482,1482,1482,1086,1086,1088,1088,1081,1081,
1077,1077,1181,1181,1078,1078,1214,1214,1083,1083,1079,1079,1183,1183,1080,
1080,1216,1216,1082,1082,1084,1084,1101,1101,1097,1097,1213,1213,1098,1098,
1238,1238,1103,1103,1099,1099,1215,1215,1100,1100,1240,1240,1102,1102,1104,
1104,1106,1106,1108,1108,1349,1349,2225,2225,1869,1869,1877,1877,1885,1885,
1893,1893,1901,1901,1909,1909,1917,1917,1925,1925,1933,1933,1941,1941,1949,
1949,1957,1957,1965,1965,1973,1973,1981,1981,1989,1989,2041,2041,2081,2081,
2105,2105,1838,1838,1838,2226,2226,1847,1847,1842,1842,1848,1848,1856,1856,
1864,1864,1872,1872,1880,1880,1888,1888,1896,1896,1904,1904,1912,1912,1920,
1920,1117,1117,1113,1113,1237,1237,1114,1114,1278,1278,1119,1119,1115,1115,
1239,1239,1116,1116,1280,1280,1118,1118,1120,1120,1130,1130,1132,1132,1125,
1125,1121,1121,1277,1277,1122,1122,1330,1330,1127,1127,1123,1123,1279,1279,
1124,1124,1332,1332,1126,1126,2206,2206,2150,2150,2158,2158,2174,2174,2182,
2182,2198,2198,1128,1128,1141,1141,1137,1137,1329,1329,1138,1138,1338,1338,
1143,1143,1139,1139,1331,1331,1140,1140,1340,1340,1142,1142,1144,1144,1154,
1154,1156,1156,1149,1149,1145,1145,1337,1337,1146,1146,1346,1346,1151,1151,
1147,1147,1339,1339,1148,1148,1348,1348,1150,1150,1152,1152,1165,1165,1161,
1161,1345,1345,1162,1162,1354,1354,1167,1167,1163,1163,1347,1347,1164,1164,
1356,1356,1485,1485,1166,1166,1168,1168,1178,1178,1180,1180,1174,1174,1170,
1170,1353,1353,1171,1171,1362,1362,1169,1169,1172,1172,1355,1355,1173,1173,
1364,1364,1489,1489,1175,1175,1176,1176,1189,1189,1185,1185,1361,1361,1186,
1186,1370,1370,1191,1191,1187,1187,1363,1363,1188,1188,1372,1372,1513,1513,
1190,1190,2000,2000,2007,2007,2442,2442,2222,2222,2242,2242,2250,2250,2266,
2266,2278,2278,2294,2294,2310,2310,2322,2322,2338,2338,2354,2354,2366,2366,
2382,2382,2398,2398,2410,2410,2426,2426,1192,1192,1210,1210,1212,1212,1198,
1198,1194,1194,1369,1369,1195,1195,1378,1378,1193,1193,1196,1196,1371,1371,
1197,1197,1380,1380,1525,1525,1199,1199,1200,1200,1205,1205,1201,1201,1377,
1377,1202,1202,1386,1386,1207,1207,1203,1203,1379,1379,1204,1204,1388,1388,
1521,1521,1206,1206,1486,1486,1490,1490,1514,1514,1498,1498,1494,1494,1502,
1502,1506,1506,1510,1510,1522,1522,1518,1518,1526,1526,1530,1530,1534,1534,
1538,1538,1542,1542,1546,1546,1550,1550,1554,1554,1558,1558,1562,1562,1566,
1566,1570,1570,1574,1574,1578,1578,1582,1582,1586,1586,1590,1590,1594,1594,
1598,1598,1602,1602,1606,1606,1610,1610,1614,1614,1618,1618,1622,1622,1626,
1626,1630,1630,1634,1634,1638,1638,1642,1642,1646,1646,1650,1650,1654,1654,
1658,1658,2008,2008,1208,1208,1221,1221,1217,1217,1385,1385,1218,1218,1394,
1394,1223,1223,1219,1219,1387,1387,1220,1220,1396,1396,1222,1222,1224,1224,
1234,1234,1236,1236,1229,1229,1225,1225,1393,1393,1226,1226,1402,1402,1231,
1231,1227,1227,1395,1395,1228,1228,1404,1404,1493,1493,1497,1497,1505,1505,
1230,1230,1232,1232,1245,1245,1241,1241,1401,1401,1242,1242,1410,1410,1247,
1247,1243,1243,1403,1403,1244,1244,1412,1412,1533,1533,1501,1501,1509,1509,
1517,1517,1529,1529,1246,1246,1248,1248,1274,1274,1276,1276,1253,1253,1249,
1249,1409,1409,1250,1250,1418,1418,1255,1255,1251,1251,1411,1411,1252,1252,
1420,1420,1545,1545,1537,1537,1541,1541,1254,1254,1256,1256,1261,1261,1257,
1257,1417,1417,1258,1258,1426,1426,1263,1263,1259,1259,1419,1419,1260,1260,
1428,1428,1557,1557,1549,1549,1553,1553,1262,1262,1264,1264,1269,1269,1265,
1265,1425,1425,1266,1266,1434,1434,1271,1271,1267,1267,1427,1427,1268,1268,
1436,1436,1573,1573,1561,1561,1565,1565,1569,1569,1270,1270,1272,1272,1281,
1281,1282,1282,1433,1433,1283,1283,1442,1442,1287,1287,1284,1284,1435,1435,
1285,1285,1444,1444,1597,1597,1577,1577,1581,1581,1585,1585,1589,1589,1593,
1593,1286,1286,1288,1288,1326,1326,1328,1328,1296,1296,1289,1289,1441,1441,
1290,1290,1450,1450,1294,1294,1291,1291,1443,1443,1292,1292,1452,1452,1625,
1625,1601,1601,1605,1605,1609,1609,1613,1613,1617,1617,1621,1621,1293,1293,
1295,1295,1301,1301,1297,1297,1449,1449,1298,1298,1458,1458,1303,1303,1299,
1299,1451,1451,1300,1300,1460,1460,1657,1657,1629,1629,1633,1633,1637,1637,
1641,1641,1645,1645,1649,1649,1653,1653,1302,1302,1304,1304,1309,1309,1305,
1305,1457,1457,1306,1306,1466,1466,1311,1311,1307,1307,1459,1459,1308,1308,
1468,1468,1310,1310,1312,1312,1317,1317,1313,1313,1465,1465,1314,1314,1474,
1474,1319,1319,1315,1315,1467,1467,1316,1316,1476,1476,1661,1661,1318,1318,
1320,1320,1323,1323,1321,1321,1473,1473,1479,1479,1324,1324,1322,1322,1475,
1475,1480,1480,1334,1334,1336,1336,1342,1342,1344,1344,1350,1350,1352,1352,
1357,1357,1358,1358,1360,1360,1365,1365,1366,1366,1368,1368,1373,1373,1374,
1374,1376,1376,1381,1381,1382,1382,1384,1384,1389,1389,1390,1390,1392,1392,
1397,1397,1398,1398,1400,1400,1405,1405,1406,1406,1408,1408,1413,1413,1414,
1414,1416,1416,1421,1421,1422,1422,1424,1424,1429,1429,1430,1430,1432,1432,
1437,1437,1438,1438,1440,1440,1445,1445,1446,1446,1448,1448,1453,1453,1454,
1454,1456,1456,1461,1461,1462,1462,1464,1464,1469,1469,1470,1470,1472,1472,
1477,1477,1478,1478,1483,1483,1483,1487,1487,1839,1839,1839,1837,1837,1837,
1484,1484,1484,1795,1795,1807,1807,1831,1831,1835,1835,1488,1488,1832,1832,
1836,1836,1840,1840,1840,1491,1491,1579,1579,1583,1583,1587,1587,1591,1591,
1595,1595,1599,1599,1603,1603,1607,1607,1611,1611,1615,1615,1619,1619,1623,
1623,1627,1627,1631,1631,1635,1635,1639,1639,1643,1643,1647,1647,1651,1651,
1655,1655,1659,1659,1492,1492,1515,1515,1516,1516,1499,1499,1495,1495,1496,
1496,1504,1504,1503,1503,1500,1500,1660,1660,1507,1507,1508,1508,1512,1512,
1511,1511,1524,1524,1523,1523,1800,1800,1520,1520,1519,1519,1535,1535,1539,
1539,1543,1543,1547,1547,1551,1551,1555,1555,1559,1559,1563,1563,1567,1567,
1571,1571,1575,1575,1632,1632,1636,1636,1640,1640,1644,1644,1648,1648,1652,
1652,1656,1656,1527,1527,1528,1528,1532,1532,1531,1531,1796,1796,1808,1808,
1536,1536,1540,1540,1544,1544,1548,1548,1552,1552,1556,1556,1560,1560,1564,
1564,1568,1568,1572,1572,1576,1576,1580,1580,1584,1584,1588,1588,1604,1604,
1608,1608,1612,1612,1616,1616,1620,1620,1624,1624,1628,1628,1592,1592,1596,
1596,1600,1600,1664,1664,1662,1662,2016,2016,1663,1663,1815,1815,1799,1799,
1816,1816,1665,1665,1668,1668,1666,1666,2032,2032,2024,2024,1667,1667,1811,
1811,1819,1819,1823,1823,1827,1827,1812,1812,1820,1820,1824,1824,1828,1828,
1669,1669,1672,1672,1670,1670,1671,1671,1673,1673,1676,1676,1674,1674,1675,
1675,1677,1677,1680,1680,1678,1678,1679,1679,1681,1681,1684,1684,1682,1682,
1683,1683,1685,1685,1688,1688,1686,1686,1687,1687,1689,1689,1692,1692,1690,
1690,1691,1691,1693,1693,1696,1696,1694,1694,1695,1695,1739,1739,1743,1743,
1747,1747,1751,1751,1755,1755,1759,1759,1763,1763,1767,1767,1771,1771,1775,
1775,1779,1779,1783,1783,1787,1787,1791,1791,1803,1803,1697,1697,1700,1700,
1698,1698,2040,2040,1699,1699,1701,1701,1704,1704,1702,1702,1703,1703,1705,
1705,1708,1708,1706,1706,1707,1707,1709,1709,1712,1712,1710,1710,1711,1711,
1713,1713,1716,1716,1714,1714,1715,1715,1717,1717,1720,1720,1718,1718,1719,
1719,1721,1721,1724,1724,1722,1722,1723,1723,1731,1731,1735,1735,1748,1748,
1752,1752,1756,1756,1760,1760,1764,1764,1768,1768,1772,1772,1776,1776,1780,
1780,1784,1784,1788,1788,1792,1792,1804,1804,1725,1725,1728,1728,1726,1726,
2056,2056,1727,1727,1729,1729,1732,1732,1730,1730,1744,1744,1733,1733,1736,
1736,1734,1734,1737,1737,1740,1740,1738,1738,1741,1741,1742,1742,1745,1745,
1746,1746,1749,1749,1750,1750,2064,2064,1753,1753,1754,1754,1757,1757,2038,
2038,1758,1758,1761,1761,1762,1762,1765,1765,1766,1766,2072,2072,1769,1769,
1770,1770,1773,1773,1774,1774,1777,1777,1778,1778,2080,2080,1781,1781,1782,
1782,1785,1785,1786,1786,1789,1789,1790,1790,2096,2096,1801,1801,1802,1802,
1797,1797,1793,1793,2117,2117,1805,1805,2125,2125,1794,1794,1806,1806,1798,
1798,2128,2128,2136,2136,1813,1813,1999,1999,2005,2005,2006,2006,2013,2013,
2014,2014,2021,2021,2022,2022,2029,2029,2030,2030,2037,2037,2054,2054,2061,
2061,2069,2069,2077,2077,2093,2093,2101,2101,1814,1814,2104,2104,2120,2120,
1809,1809,1810,1810,1829,1829,2133,2133,1830,1830,2152,2152,1817,1817,1818,
1818,1821,1821,1822,1822,1825,1825,1826,1826,1833,1833,2149,2149,1834,1834,
2160,2160,2157,2157,2176,2176,2173,2173,2181,2181,2197,2197,2205,2205,2221,
2221,2241,2241,2227,2227,2265,2265,2249,2249,2184,2184,2200,2200,2208,2208,
2224,2224,2244,2244,2228,2228,2280,2280,2252,2252,2268,2268,1843,1843,1849,
1849,1844,1844,1851,1851,1850,1850,2001,2001,1997,1997,1852,1852,2003,2003,
1998,1998,1857,1857,1854,1854,2591,2591,2299,2299,2327,2327,2343,2343,2371,
2371,2387,2387,2415,2415,2431,2431,2459,2459,2483,2483,2503,2503,2527,2527,
2547,2547,2575,2575,1859,1859,2009,2009,1858,1858,2002,2002,2011,2011,1860,
1860,2004,2004,1865,1865,1862,1862,2619,2619,1867,1867,2017,2017,1866,1866,
2010,2010,2019,2019,1868,1868,2012,2012,1873,1873,1870,1870,3617,3617,2643,
2643,2845,2845,2893,2893,2933,2933,2969,2969,3017,3017,3049,3049,3105,3105,
3165,3165,3181,3181,3197,3197,3213,3213,3233,3233,1875,1875,2025,2025,1874,
1874,2018,2018,2027,2027,1876,1876,2020,2020,1881,1881,1878,1878,1883,1883,
2033,2033,1882,1882,2026,2026,2035,2035,1884,1884,2028,2028,1889,1889,1886,
1886,1891,1891,2050,2050,1890,1890,2034,2034,2052,2052,1892,1892,2036,2036,
1897,1897,1894,1894,1899,1899,2057,2057,1898,1898,2051,2051,2059,2059,1900,
1900,2053,2053,1905,1905,1902,1902,1907,1907,2065,2065,1906,1906,2058,2058,
2067,2067,1908,1908,2060,2060,1913,1913,1910,1910,1915,1915,2073,2073,1914,
1914,2066,2066,2075,2075,1916,1916,2068,2068,1921,1921,1918,1918,1923,1923,
2089,2089,1922,1922,2074,2074,2091,2091,1924,1924,2076,2076,1929,1929,1926,
1926,1931,1931,1928,1928,2097,2097,1930,1930,2090,2090,2099,2099,1932,1932,
2092,2092,1937,1937,1934,1934,1939,1939,1936,1936,2270,2270,2113,2113,1938,
1938,2098,2098,2115,2115,1940,1940,2100,2100,1945,1945,1942,1942,1947,1947,
1944,1944,2121,2121,1946,1946,2114,2114,2123,2123,1948,1948,2116,2116,1952,
1952,1950,1950,1954,1954,1951,1951,2316,2316,2129,2129,1953,1953,2122,2122,
2131,2131,1955,1955,2124,2124,1961,1961,1958,1958,1963,1963,1960,1960,2357,
2357,2145,2145,1962,1962,2130,2130,2147,2147,1964,1964,2132,2132,1969,1969,
1966,1966,1971,1971,1968,1968,2153,2153,1970,1970,2146,2146,2155,2155,1972,
1972,2148,2148,1977,1977,1974,1974,1979,1979,1976,1976,2169,2169,1978,1978,
2154,2154,2171,2171,1980,1980,2156,2156,1985,1985,1982,1982,1987,1987,1984,
1984,2177,2177,1986,1986,2170,2170,2179,2179,1988,1988,2172,2172,1993,1993,
1990,1990,1995,1995,1992,1992,2193,2193,1994,1994,2178,2178,2195,2195,1996,
1996,2180,2180,2045,2045,2042,2042,2047,2047,2044,2044,2201,2201,2046,2046,
2194,2194,2203,2203,2048,2048,2196,2196,2015,2015,2454,2454,2023,2023,2470,
2470,2031,2031,2039,2039,2055,2055,2085,2085,2082,2082,2087,2087,2084,2084,
2217,2217,2086,2086,2202,2202,2219,2219,2088,2088,2204,2204,2063,2063,2649,
2649,2071,2071,2079,2079,2095,2095,2109,2109,2106,2106,2111,2111,2108,2108,
2237,2237,2110,2110,2218,2218,2239,2239,2112,2112,2220,2220,2103,2103,2119,
2119,2141,2141,2137,2137,2138,2138,2143,2143,2140,2140,2245,2245,2142,2142,
2238,2238,2247,2247,2144,2144,2240,2240,2127,2127,2836,2836,2650,2650,2804,
2804,2808,2808,2820,2820,2824,2824,2828,2828,2135,2135,2883,2883,2840,2840,
2852,2852,2864,2864,2868,2868,2872,2872,2151,2151,2165,2165,2161,2161,2162,
2162,2167,2167,2164,2164,2261,2261,2166,2166,2246,2246,2263,2263,2168,2168,
2248,2248,2159,2159,2175,2175,2189,2189,2185,2185,2186,2186,2191,2191,2188,
2188,2273,2273,2190,2190,2262,2262,2275,2275,2192,2192,2264,2264,2183,2183,
2199,2199,2213,2213,2209,2209,2210,2210,2215,2215,2212,2212,2289,2289,2214,
2214,2274,2274,2291,2291,2216,2216,2276,2276,2207,2207,2223,2223,2233,2233,
2229,2229,2230,2230,2235,2235,2232,2232,2305,2305,2234,2234,2290,2290,2307,
2307,2236,2236,2292,2292,2243,2243,2271,2271,2253,2253,2281,2281,2269,2269,
2325,2325,2297,2297,2277,2277,2353,2353,2293,2293,2309,2309,2321,2321,2337,
2337,2272,2272,2368,2368,2296,2296,2312,2312,2324,2324,2340,2340,2356,2356,
2257,2257,2254,2254,2259,2259,2256,2256,2317,2317,2258,2258,2306,2306,2319,
2319,2260,2260,2308,2308,2251,2251,2267,2267,2285,2285,2282,2282,2287,2287,
2284,2284,2333,2333,2286,2286,2318,2318,2335,2335,2288,2288,2320,2320,2279,
2279,2314,2314,2313,2313,2341,2341,2365,2365,2315,2315,2384,2384,2295,2295,
2301,2301,2298,2298,2303,2303,2300,2300,2349,2349,2302,2302,2334,2334,2351,
2351,2304,2304,2336,2336,2311,2311,2329,2329,2326,2326,2331,2331,2328,2328,
2361,2361,2330,2330,2350,2350,2363,2363,2332,2332,2352,2352,2323,2323,2359,
2359,2369,2369,2358,2358,2385,2385,2397,2397,2381,2381,2360,2360,2412,2412,
2400,2400,2339,2339,2345,2345,2342,2342,2347,2347,2344,2344,2377,2377,2346,
2346,2362,2362,2379,2379,2348,2348,2364,2364,2355,2355,2373,2373,2370,2370,
2375,2375,2372,2372,2393,2393,2378,2378,2374,2374,2395,2395,2380,2380,2376,
2376,2367,2367,2403,2403,2413,2413,2401,2401,2402,2402,2388,2388,2409,2409,
2404,2404,2428,2428,2383,2383,2389,2389,2386,2386,2391,2391,2405,2405,2394,
2394,2390,2390,2407,2407,2396,2396,2392,2392,2399,2399,2417,2417,2414,2414,
2419,2419,2416,2416,2421,2421,2406,2406,2418,2418,2423,2423,2408,2408,2420,
2420,2411,2411,2447,2447,2429,2429,2445,2445,2446,2446,2425,2425,2444,2444,
2448,2448,2422,2422,2427,2427,2424,2424,2433,2433,2430,2430,2437,2437,2432,
2432,2434,2434,2436,2436,2438,2438,2440,2440,2441,2441,2435,2435,2443,2443,
2439,2439,2461,2461,2457,2457,2458,2458,2463,2463,2460,2460,2490,2490,2449,
2449,2453,2453,2462,2462,2450,2450,2451,2451,2455,2455,2464,2464,2452,2452,
2491,2491,2456,2456,2489,2489,2492,2492,2469,2469,2465,2465,2466,2466,2486,
2486,2471,2471,2467,2467,2468,2468,2488,2488,2472,2472,2485,2485,2481,2481,
2482,2482,2487,2487,2484,2484,2477,2477,2473,2473,2474,2474,2506,2506,2479,
2479,2475,2475,2476,2476,2508,2508,2535,2535,2478,2478,2480,2480,2497,2497,
2505,2505,2493,2493,2494,2494,2530,2530,2499,2499,2507,2507,2495,2495,2496,
2496,2532,2532,2571,2571,2498,2498,2536,2536,2500,2500,2501,2501,2502,2502,
2504,2504,2534,2534,2533,2533,2513,2513,2529,2529,2509,2509,2510,2510,2550,
2550,2515,2515,2531,2531,2511,2511,2512,2512,2552,2552,2615,2615,2514,2514,
2851,2851,2803,2803,2807,2807,2819,2819,2823,2823,2827,2827,2835,2835,2839,
2839,2516,2516,2572,2572,2525,2525,2526,2526,2528,2528,2570,2570,2521,2521,
2517,2517,2549,2549,2518,2518,2578,2578,2523,2523,2519,2519,2551,2551,2520,
2520,2580,2580,2522,2522,2911,2911,2863,2863,2867,2867,2871,2871,2884,2884,
2887,2887,2907,2907,2928,2928,2888,2888,2908,2908,2912,2912,2524,2524,2616,
2616,2541,2541,2537,2537,2577,2577,2538,2538,2594,2594,2543,2543,2539,2539,
2579,2579,2540,2540,2596,2596,2833,2833,2542,2542,2987,2987,2927,2927,2939,
2939,2951,2951,2963,2963,2975,2975,3004,3004,2940,2940,2952,2952,2964,2964,
2976,2976,2988,2988,2544,2544,2569,2569,2545,2545,2546,2546,2548,2548,2614,
2614,2557,2557,2553,2553,2593,2593,2554,2554,2622,2622,2559,2559,2555,2555,
2595,2595,2556,2556,2624,2624,2917,2917,2558,2558,3063,3063,3003,3003,3023,
3023,3035,3035,3076,3076,3024,3024,3036,3036,3064,3064,2560,2560,2834,2834,
2613,2613,2573,2573,2574,2574,2576,2576,2565,2565,2561,2561,2621,2621,2562,
2562,2646,2646,2567,2567,2563,2563,2623,2623,2564,2564,2648,2648,3001,3001,
2566,2566,3143,3143,3075,3075,3099,3099,3160,3160,3100,3100,3144,3144,2568,
2568,2918,2918,2585,2585,2581,2581,2645,2645,2582,2582,2848,2848,2587,2587,
2583,2583,2647,2647,2584,2584,2850,2850,2586,2586,3187,3187,3159,3159,3171,
3171,3192,3192,3172,3172,3188,3188,2588,2588,3002,3002,2589,2589,2590,2590,
2592,2592,2832,2832,2601,2601,2597,2597,2847,2847,2598,2598,2896,2896,2603,
2603,2599,2599,2849,2849,2600,2600,2898,2898,3089,3089,2602,2602,3227,3227,
3191,3191,3203,3203,3207,3207,3223,3223,3240,3240,3204,3204,3208,3208,3224,
3224,3228,3228,2604,2604,2831,2831,2617,2617,2618,2618,2620,2620,2916,2916,
2609,2609,2605,2605,2895,2895,2606,2606,2936,2936,2611,2611,2607,2607,2897,
2897,2608,2608,2938,2938,3177,3177,2610,2610,3311,3311,3239,3239,3251,3251,
3312,3312,3252,3252,2612,2612,3090,3090,2629,2629,2625,2625,2935,2935,2626,
2626,2972,2972,2631,2631,2627,2627,2937,2937,2628,2628,2974,2974,2630,2630,
3384,3384,2632,2632,3178,3178,2641,2641,2915,2915,2642,2642,2644,2644,3000,
3000,2637,2637,2633,2633,2971,2971,2634,2634,3020,3020,2639,2639,2635,2635,
2973,2973,2636,2636,3022,3022,3221,3221,2638,2638,3383,3383,3400,3400,2640,
2640,2815,2815,2811,2811,3019,3019,2812,2812,3052,3052,2817,2817,2813,2813,
3021,3021,2814,2814,3054,3054,3257,3257,2816,2816,3399,3399,3412,3412,2818,
2818,3222,3222,2843,2843,2999,2999,2844,2844,2846,2846,2652,2652,2651,2651,
2654,2654,2656,2656,2658,2658,2660,2660,2662,2662,2664,2664,2666,2666,2668,
2668,2670,2670,2672,2672,2674,2674,2676,2676,2678,2678,2680,2680,2682,2682,
2684,2684,2686,2686,2688,2688,2690,2690,2692,2692,2694,2694,2696,2696,2698,
2698,2700,2700,2702,2702,2704,2704,2706,2706,2708,2708,2710,2710,2712,2712,
2714,2714,2716,2716,2718,2718,2720,2720,2722,2722,2724,2724,2726,2726,2729,
2729,2731,2731,2801,2801,2805,2805,2653,2653,2655,2655,2657,2657,2659,2659,
2661,2661,2663,2663,2665,2665,2667,2667,2669,2669,2671,2671,2673,2673,2675,
2675,2677,2677,2679,2679,2681,2681,2683,2683,2685,2685,2687,2687,2689,2689,
2691,2691,2693,2693,2695,2695,2697,2697,2699,2699,2701,2701,2703,2703,2705,
2705,2707,2707,2709,2709,2711,2711,2713,2713,2715,2715,2717,2717,2719,2719,
2721,2721,2723,2723,2725,2725,2727,2727,2728,2728,2730,2730,2732,2732,2734,
2734,2802,2802,3466,3466,3468,3468,3467,3467,3470,3470,3469,3469,3472,3472,
3471,3471,3474,3474,3473,3473,3476,3476,3475,3475,3478,3478,3477,3477,3480,
3480,3479,3479,3482,3482,3481,3481,3484,3484,3483,3483,3486,3486,3485,3485,
3488,3488,3487,3487,3490,3490,3489,3489,3492,3492,3491,3491,3494,3494,3493,
3493,3496,3496,3495,3495,3498,3498,3497,3497,3500,3500,3499,3499,3502,3502,
3501,3501,3504,3504,3503,3503,3506,3506,3505,3505,3508,3508,3507,3507,3510,
3510,3509,3509,3512,3512,3511,3511,3514,3514,3513,3513,3516,3516,3515,3515,
3518,3518,3517,3517,3520,3520,3519,3519,3522,3522,3521,3521,3524,3524,3523,
3523,3526,3526,3525,3525,3528,3528,3527,3527,3530,3530,3529,3529,3532,3532,
3531,3531,3534,3534,3533,3533,3536,3536,3535,3535,3538,3538,3537,3537,3540,
3540,3541,3541,3539,3539,3543,3543,3542,3542,3545,3545,3544,3544,3547,3547,
2733,2733,3546,3546,3549,3549,2735,2735,3548,3548,2736,2736,3551,3551,2737,
2737,3550,3550,2738,2738,3553,3553,2739,2739,3552,3552,2740,2740,3555,3555,
2741,2741,3554,3554,2742,2742,3557,3557,2743,2743,3556,3556,2744,2744,3559,
3559,2745,2745,3558,3558,2746,2746,3561,3561,2747,2747,3560,3560,2748,2748,
3563,3563,2749,2749,3562,3562,2750,2750,3565,3565,2751,2751,3564,3564,2752,
2752,3567,3567,2753,2753,3566,3566,2754,2754,3569,3569,2755,2755,3568,3568,
2756,2756,3571,3571,2757,2757,3570,3570,2758,2758,3573,3573,2759,2759,3572,
3572,2760,2760,3575,3575,2761,2761,3574,3574,2762,2762,3577,3577,2763,2763,
3576,3576,2764,2764,3579,3579,2765,2765,3578,3578,2766,2766,3581,3581,2767,
2767,3580,3580,2768,2768,3583,3583,2769,2769,3582,3582,2770,2770,3585,3585,
2771,2771,3584,3584,2772,2772,3587,3587,2773,2773,3586,3586,2774,2774,3589,
3589,2775,2775,3588,3588,2776,2776,3591,3591,2777,2777,3590,3590,2778,2778,
3593,3593,2779,2779,3592,3592,2780,2780,3595,3595,2781,2781,3594,3594,2782,
2782,3597,3597,2783,2783,3596,3596,2784,2784,3599,3599,2785,2785,3598,3598,
2786,2786,3601,3601,2787,2787,3600,3600,2788,2788,3603,3603,2789,2789,3602,
3602,2790,2790,3605,3605,2791,2791,3604,3604,2792,2792,3607,3607,2793,2793,
3606,3606,2794,2794,3609,3609,2795,2795,3608,3608,2796,2796,3611,3611,2797,
2797,3610,3610,2798,2798,3613,3613,2799,2799,3612,3612,2800,2800,3615,3615,
3614,3614,3253,3253,2806,2806,3026,3026,3038,3038,3066,3066,3078,3078,3102,
3102,3146,3146,3162,3162,3174,3174,3190,3190,3194,3194,3206,3206,3210,3210,
3226,3226,3230,3230,3242,3242,3254,3254,3313,3313,2809,2809,2810,2810,2821,
2821,2822,2822,2859,2859,2855,2855,3051,3051,2856,2856,3108,3108,2861,2861,
2857,2857,3053,3053,2858,2858,3110,3110,3285,3285,2860,2860,3411,3411,3432,
3432,2862,2862,3258,3258,2825,2825,2826,2826,2829,2829,2830,2830,2837,2837,
2838,2838,2841,2841,2842,2842,2853,2853,2854,2854,2891,2891,2892,2892,2894,
2894,3088,3088,2865,2865,2866,2866,2930,2930,2942,2942,2954,2954,2966,2966,
2978,2978,2990,2990,3006,3006,2879,2879,2875,2875,3107,3107,2876,2876,3168,
3168,2881,2881,2877,2877,3109,3109,2878,2878,3170,3170,2880,2880,3431,3431,
3618,3618,3618,2882,2882,3286,3286,2869,2869,2870,2870,2873,2873,2874,2874,
2885,2885,2886,2886,2903,2903,2899,2899,3167,3167,2900,2900,3184,3184,2905,
2905,2901,2901,3169,3169,2902,2902,3186,3186,3325,3325,2904,2904,3464,3464,
3464,2906,2906,2889,2889,2890,2890,2910,2910,2914,2914,2909,2909,2931,2931,
3087,3087,2932,2932,2934,2934,3176,3176,2923,2923,2919,2919,3183,3183,2920,
2920,3200,3200,2925,2925,2921,2921,3185,3185,2922,2922,3202,3202,3381,3381,
2924,2924,2926,2926,3326,3326,2913,2913,2929,2929,2947,2947,2943,2943,3199,
3199,2944,2944,3216,3216,2949,2949,2945,2945,3201,3201,2946,2946,3218,3218,
2948,2948,2950,2950,3382,3382,2941,2941,2967,2967,3175,3175,2968,2968,2970,
2970,2953,2953,2959,2959,2955,2955,3215,3215,2956,2956,3236,3236,2961,2961,
2957,2957,3217,3217,2958,2958,3238,3238,3389,3389,2960,2960,2962,2962,2965,
2965,2983,2983,2979,2979,3235,3235,2980,2980,3248,3248,2985,2985,2981,2981,
3237,3237,2982,2982,3250,3250,3393,3393,2984,2984,2986,2986,3390,3390,2977,
2977,3015,3015,3016,3016,3018,3018,3220,3220,2989,2989,2995,2995,2991,2991,
3247,3247,2992,2992,3264,3264,2997,2997,2993,2993,3249,3249,2994,2994,3266,
3266,3397,3397,2996,2996,2998,2998,3394,3394,3005,3005,3011,3011,3007,3007,
3263,3263,3008,3008,3272,3272,3013,3013,3009,3009,3265,3265,3010,3010,3274,
3274,3012,3012,3014,3014,3398,3398,3025,3025,3031,3031,3027,3027,3271,3271,
3028,3028,3280,3280,3033,3033,3029,3029,3273,3273,3030,3030,3282,3282,3405,
3405,3032,3032,3465,3465,3034,3034,3047,3047,3219,3219,3048,3048,3050,3050,
3256,3256,3037,3037,3043,3043,3039,3039,3279,3279,3040,3040,3292,3292,3045,
3045,3041,3041,3281,3281,3042,3042,3294,3294,3409,3409,3044,3044,3463,3463,
3046,3046,3406,3406,3065,3065,3059,3059,3055,3055,3291,3291,3056,3056,3300,
3300,3061,3061,3057,3057,3293,3293,3058,3058,3302,3302,3060,3060,3062,3062,
3410,3410,3103,3103,3255,3255,3104,3104,3616,3616,3106,3106,3284,3284,3071,
3071,3067,3067,3299,3299,3068,3068,3308,3308,3073,3073,3069,3069,3301,3301,
3070,3070,3310,3310,3417,3417,3072,3072,3074,3074,3077,3077,3083,3083,3079,
3079,3307,3307,3080,3080,3320,3320,3085,3085,3081,3081,3309,3309,3082,3082,
3322,3322,3421,3421,3084,3084,3086,3086,3418,3418,3101,3101,3095,3095,3091,
3091,3319,3319,3092,3092,3332,3332,3097,3097,3093,3093,3321,3321,3094,3094,
3334,3334,3425,3425,3096,3096,3098,3098,3422,3422,3115,3115,3111,3111,3331,
3331,3112,3112,3340,3340,3117,3117,3113,3113,3333,3333,3114,3114,3342,3342,
3116,3116,3462,3462,3118,3118,3426,3426,3145,3145,3163,3163,3283,3283,3164,
3164,3166,3166,3123,3123,3119,3119,3339,3339,3120,3120,3348,3348,3125,3125,
3121,3121,3341,3341,3122,3122,3350,3350,3429,3429,3124,3124,3461,3461,3458,
3458,3126,3126,3131,3131,3127,3127,3347,3347,3128,3128,3356,3356,3133,3133,
3129,3129,3349,3349,3130,3130,3358,3358,3437,3437,3132,3132,3457,3457,3134,
3134,3430,3430,3139,3139,3135,3135,3355,3355,3136,3136,3364,3364,3141,3141,
3137,3137,3357,3357,3138,3138,3366,3366,3441,3441,3140,3140,3454,3454,3142,
3142,3438,3438,3151,3151,3147,3147,3363,3363,3148,3148,3372,3372,3153,3153,
3149,3149,3365,3365,3150,3150,3374,3374,3152,3152,3453,3453,3450,3450,3154,
3154,3442,3442,3161,3161,3157,3157,3155,3155,3371,3371,3377,3377,3158,3158,
3156,3156,3373,3373,3378,3378,3445,3445,3449,3449,3446,3446,3173,3173,3179,
3179,3180,3180,3182,3182,3324,3324,3189,3189,3195,3195,3323,3323,3196,3196,
3198,3198,3380,3380,3193,3193,3205,3205,3209,3209,3225,3225,3229,3229,3241,
3241,3211,3211,3379,3379,3212,3212,3214,3214,3231,3231,3232,3232,3234,3234,
3388,3388,3243,3243,3387,3387,3244,3244,3245,3245,3246,3246,3392,3392,3259,
3259,3391,3391,3260,3260,3261,3261,3262,3262,3396,3396,3314,3314,3267,3267,
3395,3395,3268,3268,3269,3269,3270,3270,3275,3275,3276,3276,3277,3277,3278,
3278,3404,3404,3287,3287,3403,3403,3288,3288,3289,3289,3290,3290,3408,3408,
3295,3295,3407,3407,3296,3296,3297,3297,3298,3298,3303,3303,3304,3304,3305,
3305,3306,3306,3416,3416,3315,3315,3415,3415,3316,3316,3317,3317,3318,3318,
3420,3420,3386,3386,3385,3385,3327,3327,3419,3419,3328,3328,3329,3329,3330,
3330,3424,3424,3335,3335,3423,3423,3336,3336,3459,3459,3337,3337,3338,3338,
3343,3343,3344,3344,3455,3455,3345,3345,3460,3460,3346,3346,3428,3428,3351,
3351,3427,3427,3352,3352,3353,3353,3456,3456,3354,3354,3436,3436,3359,3359,
3435,3435,3360,3360,3451,3451,3361,3361,3362,3362,3440,3440,3367,3367,3439,
3439,3368,3368,3447,3447,3369,3369,3452,3452,3370,3370,3375,3375,3443,3443,
3376,3376,3448,3448,3444,3444,3402,3402,3401,3401,3413,3413,3414,3414,3434,
3434,3433,3433,3620,3620,3620,3619,3619,3619),((1,4,5),(2,8,3),(10,1,12),
(16,1,10),(1,5,12),(17,1,16),(18,19,2),(21,8,2),(23,21,2),(2,25,23),(2,
27,25),(29,27,2),(31,29,2),(2,33,31),(35,33,2),(37,35,2),(2,39,37),(41,
39,2),(43,41,2),(45,43,2),(2,47,45),(19,47,2),(4,49,5),(49,4,51),(3,53,
52),(55,53,3),(57,55,3),(3,59,57),(61,59,3),(63,61,3),(3,65,63),(67,65,
3),(69,67,3),(71,69,3),(3,73,71),(75,73,3),(77,75,3),(3,79,77),(8,79,3),
(14,81,11),(11,83,15),(85,83,11),(87,85,11),(87,11,89),(11,91,89),(11,93,
91),(81,93,11),(12,5,95),(98,13,97),(99,100,14),(102,81,14),(104,102,14),
(14,106,104),(108,106,14),(110,108,14),(14,112,110),(14,114,112),(100,114,
14),(50,116,6),(5,118,95),(119,7,122),(7,124,122),(6,125,123),(116,127,
6),(6,127,129),(6,129,131),(131,133,6),(133,135,6),(6,135,137),(137,139,
6),(139,125,6),(49,51,141),(142,143,50),(143,145,50),(50,145,147),(147,
149,50),(149,151,50),(151,153,50),(153,116,50),(120,121,96),(155,98,97),
(96,157,156),(121,157,96),(159,17,16),(161,17,159),(162,19,18),(51,164,
141),(52,165,163),(53,165,52),(15,167,160),(83,167,15),(141,164,169),(170,
171,142),(171,143,142),(173,161,159),(175,161,173),(162,176,19),(164,178,
169),(163,179,177),(181,179,163),(165,181,163),(160,183,174),(185,183,160),
(167,185,160),(169,178,187),(188,189,170),(189,191,170),(170,191,171),(193,
175,173),(195,175,193),(196,197,176),(197,199,176),(176,199,19),(178,201,
187),(177,203,202),(179,203,177),(174,205,194),(183,205,174),(187,201,207),
(208,209,188),(209,189,188),(211,195,193),(213,195,211),(214,215,196),(215,
197,196),(201,217,207),(202,219,218),(203,219,202),(194,221,212),(205,221,
194),(207,217,223),(224,225,208),(225,209,208),(227,213,211),(229,213,227),
(230,231,214),(231,215,214),(217,233,223),(218,235,234),(219,235,218),(212,
237,228),(221,237,212),(223,233,239),(240,241,224),(241,225,224),(243,229,
227),(245,229,243),(246,247,230),(249,231,230),(247,249,230),(233,251,239),
(234,253,252),(235,255,234),(255,253,234),(228,257,244),(237,259,228),(228,
259,257),(239,251,261),(262,263,240),(240,265,241),(263,265,240),(267,245,
243),(269,245,267),(270,271,246),(271,247,246),(251,273,261),(252,275,274),
(253,275,252),(244,277,268),(257,277,244),(261,273,279),(280,281,262),(281,
263,262),(283,98,155),(284,285,99),(285,100,99),(122,124,158),(124,287,
158),(123,289,288),(125,289,123),(291,283,155),(157,292,156),(294,269,267),
(295,269,294),(296,297,270),(297,271,270),(273,299,279),(274,301,300),(275,
301,274),(268,303,293),(277,303,268),(279,299,305),(306,307,280),(307,281,
280),(309,295,294),(311,295,309),(312,313,296),(315,297,296),(313,315,296),
(299,317,305),(300,319,318),(301,321,300),(321,319,300),(293,323,310),(303,
325,293),(293,325,323),(305,317,327),(328,329,306),(331,307,306),(329,331,
306),(333,311,309),(335,311,333),(336,337,312),(337,313,312),(317,339,327),
(318,341,340),(319,341,318),(310,343,334),(323,343,310),(327,339,345),(346,
347,328),(347,329,328),(349,335,333),(351,335,349),(352,353,336),(353,337,
336),(339,355,345),(340,357,356),(341,357,340),(334,359,350),(343,359,334),
(345,355,361),(362,363,346),(363,347,346),(365,283,291),(366,367,284),(367,
285,284),(158,287,369),(287,371,369),(288,373,372),(289,373,288),(375,292,
157),(376,365,291),(370,375,157),(377,351,349),(379,351,377),(380,381,352),
(383,353,352),(381,383,352),(355,385,361),(356,387,386),(357,389,356),(389,
387,356),(350,391,378),(359,393,350),(350,393,391),(361,385,395),(396,397,
362),(399,363,362),(397,399,362),(401,379,377),(403,379,401),(404,405,380),
(405,381,380),(385,407,395),(386,409,408),(387,409,386),(378,411,402),(391,
411,378),(395,407,413),(414,415,396),(415,397,396),(417,365,376),(418,419,
366),(419,367,366),(369,371,421),(371,423,421),(373,424,372),(370,422,375),
(426,417,376),(422,425,375),(427,403,401),(429,403,427),(430,431,404),(404,
433,405),(431,433,404),(407,435,413),(408,437,436),(409,439,408),(408,439,
437),(402,441,428),(411,443,402),(443,441,402),(413,435,445),(446,447,414),
(449,415,414),(447,449,414),(451,429,427),(453,429,451),(454,455,430),(455,
431,430),(435,457,445),(436,459,458),(437,459,436),(428,461,452),(441,461,
428),(445,457,463),(464,465,446),(465,447,446),(467,453,451),(469,453,467),
(470,471,454),(471,455,454),(457,473,463),(458,475,474),(459,475,458),(452,
477,468),(461,477,452),(463,473,479),(480,481,464),(481,465,464),(483,417,
426),(484,485,418),(485,419,418),(421,423,487),(423,489,487),(490,424,373),
(491,425,422),(492,483,426),(488,491,422),(493,469,467),(495,469,493),(496,
497,470),(499,471,470),(497,499,470),(473,501,479),(474,503,502),(475,505,
474),(505,503,474),(468,507,494),(477,509,468),(468,509,507),(479,501,511),
(512,513,480),(515,481,480),(513,515,480),(216,517,198),(520,517,216),(232,
520,216),(236,521,256),(524,521,236),(220,524,236),(517,525,198),(518,519,
527),(526,518,529),(529,518,527),(521,531,256),(522,523,533),(532,522,535),
(535,522,533),(537,520,232),(250,537,232),(198,525,540),(197,539,541),(199,
197,543),(197,545,543),(545,197,541),(547,524,220),(204,547,220),(256,531,
254),(519,538,549),(527,519,549),(525,551,540),(552,526,553),(553,526,529),
(523,548,555),(533,523,555),(531,557,254),(558,532,559),(559,532,535),(561,
537,250),(248,561,250),(540,551,564),(539,563,565),(541,539,565),(567,547,
204),(180,567,204),(254,557,276),(538,562,569),(549,538,569),(551,571,564),
(572,552,573),(573,552,553),(548,568,575),(555,548,575),(557,577,276),(578,
558,579),(579,558,559),(581,561,248),(272,581,248),(564,571,584),(565,563,
583),(585,567,180),(182,585,180),(276,577,302),(562,582,587),(569,562,587),
(571,589,584),(590,572,591),(591,572,573),(568,586,593),(575,568,593),(577,
595,302),(596,578,597),(597,578,579),(599,581,272),(298,599,272),(584,589,
602),(565,583,601),(603,585,182),(166,603,182),(302,595,322),(582,600,605),
(587,582,605),(589,607,602),(608,590,609),(609,590,591),(586,604,611),(593,
586,611),(595,613,322),(614,596,615),(615,596,597),(617,599,298),(316,617,
298),(602,607,620),(601,619,565),(621,603,166),(54,621,166),(322,613,320),
(600,618,623),(605,600,623),(607,625,620),(626,608,627),(627,608,609),(604,
622,629),(611,604,629),(613,631,320),(632,614,633),(633,614,615),(635,617,
316),(314,635,316),(620,625,638),(619,637,565),(639,621,54),(56,639,54),
(320,631,342),(618,636,641),(623,618,641),(625,643,638),(644,626,645),(645,
626,627),(622,640,647),(629,622,647),(631,649,342),(650,632,651),(651,632,
633),(653,495,493),(655,495,653),(656,657,496),(657,497,496),(501,659,511),
(502,661,660),(503,661,502),(494,663,654),(507,663,494),(511,659,665),(666,
667,512),(667,513,512),(669,635,314),(338,669,314),(638,643,672),(637,671,
673),(565,637,675),(637,677,675),(679,677,637),(681,679,637),(637,683,681),
(637,685,683),(687,685,637),(689,687,637),(637,691,689),(693,691,637),(695,
693,637),(637,697,695),(699,697,637),(701,699,637),(637,703,701),(705,703,
637),(707,705,637),(707,637,709),(637,711,709),(637,713,711),(715,713,637),
(717,715,637),(637,719,717),(637,721,719),(723,721,637),(725,723,637),(637,
727,725),(729,727,637),(731,729,637),(637,733,731),(733,637,673),(735,639,
56),(58,735,56),(342,649,358),(636,670,737),(641,636,737),(643,739,672),
(740,644,741),(741,644,645),(640,736,743),(647,640,743),(649,745,358),(746,
650,747),(747,650,651),(749,483,492),(484,750,751),(751,485,484),(487,489,
753),(489,755,753),(756,490,373),(757,491,488),(758,749,492),(759,757,488),
(754,759,488),(761,669,338),(354,761,338),(672,739,764),(673,671,763),(765,
735,58),(60,765,58),(358,745,390),(670,762,767),(737,670,767),(739,769,
764),(770,740,771),(771,740,741),(736,766,773),(743,736,773),(745,775,390),
(776,746,777),(777,746,747),(779,761,354),(384,779,354),(764,769,782),(763,
781,673),(783,765,60),(62,783,60),(390,775,388),(762,780,785),(767,762,
785),(769,787,782),(788,770,789),(789,770,771),(766,784,791),(773,766,791),
(775,793,388),(794,776,795),(795,776,777),(797,779,384),(382,797,384),(782,
787,800),(781,799,673),(801,783,62),(64,801,62),(388,793,410),(780,798,
803),(785,780,803),(787,805,800),(806,788,807),(807,788,789),(784,802,809),
(791,784,809),(793,811,410),(812,794,813),(813,794,795),(815,655,653),(817,
655,815),(818,819,656),(656,821,657),(819,821,656),(659,823,665),(660,825,
824),(661,827,660),(660,827,825),(654,829,816),(663,831,654),(831,829,654),
(665,823,833),(834,835,666),(837,667,666),(835,837,666),(839,797,382),(406,
839,382),(800,805,842),(673,799,841),(843,801,64),(66,843,64),(410,811,
440),(798,840,845),(803,798,845),(805,847,842),(848,806,849),(849,806,807),
(802,844,851),(809,802,851),(811,853,440),(854,812,855),(855,812,813),(857,
839,406),(434,857,406),(842,847,860),(841,859,673),(861,843,66),(68,861,
66),(440,853,438),(840,858,863),(845,840,863),(847,865,860),(866,848,867),
(867,848,849),(844,862,869),(851,844,869),(853,871,438),(872,854,873),(873,
854,855),(875,857,434),(432,875,434),(860,865,878),(859,877,673),(879,861,
68),(70,879,68),(438,871,460),(858,876,881),(863,858,881),(865,883,878),
(884,866,885),(885,866,867),(862,880,887),(869,862,887),(871,889,460),(890,
872,891),(891,872,873),(893,817,815),(895,817,893),(896,897,818),(897,819,
818),(823,899,833),(824,901,900),(825,901,824),(816,903,894),(829,903,816),
(833,899,905),(906,907,834),(907,835,834),(909,749,758),(911,749,909),(750,
912,751),(753,755,914),(373,913,756),(910,757,759),(753,914,916),(915,917,
754),(917,919,754),(754,919,921),(923,754,921),(923,925,754),(925,927,754),
(927,929,754),(754,929,931),(931,933,754),(933,935,754),(754,935,937),(937,
939,754),(939,941,754),(941,943,754),(754,943,945),(945,947,754),(947,949,
754),(754,949,951),(951,953,754),(953,759,754),(955,875,432),(456,955,432),
(878,883,958),(877,957,673),(959,879,70),(72,959,70),(460,889,476),(876,
956,961),(881,876,961),(883,963,958),(964,884,965),(965,884,885),(880,960,
967),(887,880,967),(889,969,476),(970,890,971),(971,890,891),(973,911,909),
(975,911,973),(912,976,977),(751,912,977),(914,979,916),(980,913,373),(974,
910,759),(916,979,981),(915,982,917),(983,955,456),(472,983,456),(958,963,
986),(673,957,985),(987,959,72),(74,987,72),(476,969,506),(956,984,989),
(961,956,989),(963,991,986),(992,964,993),(993,964,965),(960,988,995),(967,
960,995),(969,997,506),(998,970,999),(999,970,971),(1001,975,973),(1003,
975,1001),(977,976,1004),(979,1006,981),(1005,980,373),(1002,974,759),(981,
1006,1008),(982,1007,917),(1009,1003,1001),(1011,1003,1009),(977,1004,1012),
(1006,1014,1008),(373,1013,1005),(1002,759,1010),(1008,1014,1016),(1007,
1015,917),(1017,895,893),(1019,895,1017),(1020,1021,896),(1021,897,896),
(899,1023,905),(900,1025,1024),(901,1025,900),(894,1027,1018),(903,1027,
894),(905,1023,1029),(1030,1031,906),(1031,907,906),(1033,983,472),(500,
1033,472),(986,991,1036),(985,1035,673),(1037,987,74),(76,1037,74),(506,
997,504),(984,1034,1039),(989,984,1039),(991,1041,1036),(1042,992,1043),
(1043,992,993),(988,1038,1045),(995,988,1045),(997,1047,504),(1048,998,
1049),(1049,998,999),(1051,1011,1009),(1053,1011,1051),(1012,1054,977),
(1014,1056,1016),(1055,1013,373),(1010,1057,1052),(1059,1057,1010),(1061,
1059,1010),(1010,1063,1061),(1065,1063,1010),(1067,1065,1010),(1010,1069,
1067),(759,1069,1010),(1016,1056,1071),(917,1015,1072),(1074,1053,1051),
(1076,1053,1074),(1054,1075,977),(1056,1077,1071),(1078,1055,373),(1057,
1073,1052),(1071,1077,1079),(1072,1080,917),(1081,1033,500),(498,1081,500),
(1036,1041,1084),(1035,1083,673),(1085,1037,76),(78,1085,76),(504,1047,
662),(1034,1082,1087),(1039,1034,1087),(1041,1089,1084),(1090,1042,1091),
(1091,1042,1043),(1038,1086,1093),(1045,1038,1093),(1047,1095,662),(1096,
1048,1097),(1097,1048,1049),(1099,1076,1074),(1101,1076,1099),(1075,1102,
1103),(977,1075,1103),(1077,1105,1079),(373,1106,1078),(1100,1073,1057),
(1079,1105,1107),(1080,1108,917),(1110,1101,1099),(1112,1101,1110),(1103,
1102,1111),(1105,1113,1107),(1114,1106,373),(1109,1100,1057),(1107,1113,
1115),(917,1108,1116),(1117,1081,498),(658,1117,498),(1084,1089,1120),(1083,
1119,673),(1121,1085,78),(80,1121,78),(662,1095,828),(1082,1118,1123),(1087,
1082,1123),(1089,1125,1120),(1126,1090,1127),(1127,1090,1091),(1086,1122,
1129),(1093,1086,1129),(1095,1131,828),(1132,1096,1133),(1133,1096,1097),
(1135,1019,1017),(1137,1019,1135),(1138,1139,1020),(1141,1021,1020),(1139,
1141,1020),(1023,1143,1029),(1024,1145,1144),(1025,1147,1024),(1024,1147,
1145),(1018,1149,1136),(1027,1151,1018),(1018,1151,1149),(1029,1143,1153),
(1154,1155,1030),(1030,1157,1031),(1155,1157,1030),(1159,1112,1110),(1161,
1112,1159),(1162,1103,1111),(1113,1164,1115),(1163,1114,373),(1057,1160,
1109),(1115,1164,1166),(917,1116,1165),(1167,1117,658),(822,1167,658),(1120,
1125,1170),(673,1119,1169),(1171,1121,80),(9,1171,80),(828,1131,826),(1118,
1168,1173),(1123,1118,1173),(1125,1175,1170),(1176,1126,1177),(1177,1126,
1127),(1122,1172,1179),(1129,1122,1179),(1131,1181,826),(1182,1132,1183),
(1183,1132,1133),(1185,1161,1159),(1187,1161,1185),(1188,1189,1162),(1189,
1103,1162),(1164,1191,1166),(373,1192,1163),(1186,1160,1057),(1166,1191,
1193),(1165,1194,917),(530,238,554),(260,238,530),(528,260,530),(536,226,
560),(210,226,536),(534,210,536),(238,222,554),(226,242,560),(258,260,528),
(550,258,528),(554,222,574),(190,210,534),(556,190,534),(560,242,580),(222,
206,574),(242,266,580),(1196,1187,1185),(1198,1187,1196),(1188,1197,1189),
(1191,1199,1193),(1200,1192,373),(1195,1186,1057),(1193,1199,1201),(1194,
1202,917),(278,258,550),(570,278,550),(574,206,592),(192,190,556),(576,
192,556),(580,266,598),(206,184,592),(266,264,598),(304,278,570),(588,304,
570),(592,184,610),(172,192,576),(594,172,576),(598,264,616),(184,186,610),
(264,282,616),(326,304,588),(606,326,588),(610,186,628),(144,172,594),(612,
144,594),(616,282,634),(186,168,628),(282,308,634),(324,326,606),(624,324,
606),(628,168,646),(146,144,612),(630,146,612),(634,308,652),(168,84,646),
(308,332,652),(1203,1167,822),(820,1203,822),(1170,1175,1206),(1205,673,
1169),(1207,1171,9),(22,1207,9),(826,1181,902),(1168,1204,1209),(1173,1168,
1209),(1175,1211,1206),(1212,1176,1213),(1213,1176,1177),(1172,1208,1215),
(1179,1172,1215),(1181,1217,902),(1218,1182,1219),(1219,1182,1183),(1221,
1198,1196),(1223,1198,1221),(1197,1224,1189),(1199,1226,1201),(1225,1200,
373),(1057,1222,1195),(1201,1226,1228),(917,1202,1227),(344,324,624),(642,
344,624),(646,84,742),(148,146,630),(648,148,630),(652,332,748),(84,86,
742),(332,330,748),(1229,1137,1135),(1231,1137,1229),(1232,1233,1138),(1233,
1139,1138),(1143,1235,1153),(1144,1237,1236),(1145,1237,1144),(1136,1239,
1230),(1149,1239,1136),(1153,1235,1241),(1242,1243,1154),(1243,1155,1154),
(360,344,642),(738,360,642),(742,86,772),(150,148,648),(744,150,648),(748,
330,778),(86,88,772),(330,348,778),(1245,1223,1221),(1247,1223,1245),(1224,
1248,1249),(1189,1224,1249),(1226,1251,1228),(373,1252,1225),(1246,1222,
1057),(1228,1251,1253),(1227,1254,917),(394,360,738),(768,394,738),(772,
88,790),(152,150,744),(774,152,744),(778,348,796),(88,90,790),(348,364,
796),(1256,1247,1245),(1258,1247,1256),(1249,1248,1257),(1251,1259,1253),
(1260,1252,373),(1255,1246,1057),(1253,1259,1261),(1254,1262,917),(392,
394,768),(786,392,768),(790,90,808),(154,152,774),(792,154,774),(796,364,
814),(90,92,808),(364,400,814),(1263,1203,820),(898,1263,820),(1206,1211,
1266),(1205,1265,1267),(1269,673,1205),(1271,1269,1205),(1205,1273,1271),
(1273,1205,1267),(1275,1207,22),(24,1275,22),(902,1217,1026),(1204,1264,
1277),(1209,1204,1277),(1211,1279,1266),(1280,1212,1281),(1281,1212,1213),
(1208,1276,1283),(1215,1208,1283),(1217,1285,1026),(1286,1218,1287),(1287,
1218,1219),(412,392,786),(804,412,786),(808,92,850),(117,154,792),(810,
117,792),(814,400,856),(92,94,850),(400,398,856),(1289,1258,1256),(1291,
1258,1289),(1257,1292,1249),(1259,1294,1261),(1293,1260,373),(1057,1290,
1255),(1261,1294,1296),(1295,1297,1262),(1297,1299,1262),(1262,1299,1301),
(1262,1301,1303),(917,1262,1303),(444,412,804),(846,444,804),(850,94,868),
(128,117,810),(852,128,810),(856,398,874),(94,82,868),(398,416,874),(1305,
1291,1289),(1307,1291,1305),(1292,1308,1249),(1294,1310,1296),(373,1309,
1293),(1306,1290,1057),(1296,1310,1298),(1311,1263,898),(1022,1311,898),
(1266,1279,1314),(1265,1313,1315),(1267,1265,1315),(1317,1275,24),(26,1317,
24),(1026,1285,1148),(1264,1312,1319),(1277,1264,1319),(1279,1321,1314),
(1322,1280,1323),(1323,1280,1281),(1276,1318,1325),(1283,1276,1325),(1285,
1327,1148),(1328,1286,1329),(1329,1286,1287),(442,444,846),(864,442,846),
(868,82,886),(130,128,852),(870,130,852),(874,416,892),(82,103,886),(416,
450,892),(1331,1307,1305),(1333,1307,1331),(1308,1334,1335),(1249,1308,
1335),(1310,1337,1298),(1338,1309,373),(1332,1306,1057),(1298,1337,1300),
(1340,1231,1229),(1341,1231,1340),(1342,1343,1232),(1345,1233,1232),(1343,
1345,1232),(1235,1347,1241),(1236,1349,1348),(1237,1351,1236),(1351,1349,
1236),(1230,1353,1339),(1239,1355,1230),(1355,1353,1230),(1241,1347,1357),
(1358,1359,1242),(1361,1243,1242),(1359,1361,1242),(462,442,864),(882,462,
864),(886,103,966),(132,130,870),(888,132,870),(892,450,972),(103,105,966),
(450,448,972),(1363,1333,1331),(1365,1333,1363),(1335,1334,1366),(1337,
1368,1300),(1367,1338,373),(1364,1332,1057),(1300,1368,1302),(478,462,882),
(962,478,882),(966,105,994),(134,132,888),(968,134,888),(972,448,1000),
(105,107,994),(448,466,1000),(1369,1365,1363),(1371,1365,1369),(1366,1372,
1335),(1368,1374,1302),(373,1373,1367),(1364,1057,1370),(1302,1374,1304),
(1375,1311,1022),(1142,1375,1022),(1314,1321,1378),(1315,1313,1377),(1379,
1317,26),(28,1379,26),(1148,1327,1146),(1312,1376,1381),(1319,1312,1381),
(1321,1383,1378),(1384,1322,1385),(1385,1322,1323),(1318,1380,1387),(1325,
1318,1387),(1327,1389,1146),(1390,1328,1391),(1391,1328,1329),(1393,1371,
1369),(1395,1371,1393),(1372,1396,1335),(1374,1398,1304),(1397,1373,373),
(1370,1399,1394),(1401,1399,1370),(1403,1401,1370),(1370,1405,1403),(1407,
1405,1370),(1409,1407,1370),(1370,1411,1409),(1057,1411,1370),(1304,1398,
918),(510,478,962),(990,510,962),(994,107,1044),(136,134,968),(996,136,
968),(1000,466,1050),(107,109,1044),(466,482,1050),(1413,1395,1393),(1415,
1395,1413),(1335,1396,1416),(1398,1418,918),(1417,1397,373),(1399,1414,
1394),(918,1418,920),(508,510,990),(1040,508,990),(1044,109,1092),(138,
136,996),(1046,138,996),(1050,482,1098),(109,111,1092),(482,516,1098),(1419,
1415,1413),(1421,1415,1419),(1416,1422,1335),(1418,1424,920),(1423,1417,
373),(1420,1414,1425),(1414,1399,1425),(920,1424,922),(1427,1375,1142),
(1140,1427,1142),(1378,1383,1430),(1377,1429,1315),(1431,1379,28),(30,1431,
28),(1146,1389,1238),(1376,1428,1433),(1381,1376,1433),(1383,1435,1430),
(1436,1384,1437),(1437,1384,1385),(1380,1432,1439),(1387,1380,1439),(1389,
1441,1238),(1442,1390,1443),(1443,1390,1391),(1426,1421,1419),(1445,1421,
1426),(1422,1446,1447),(1335,1422,1447),(1424,1449,922),(373,1450,1423),
(922,1449,924),(664,508,1040),(1088,664,1040),(1092,111,1128),(140,138,
1046),(1094,140,1046),(1098,516,1134),(111,113,1128),(516,514,1134),(1452,
1341,1340),(1453,1341,1452),(1454,1455,1342),(1455,1343,1342),(1347,1457,
1357),(1348,1459,1458),(1349,1459,1348),(1339,1461,1451),(1353,1461,1339),
(1357,1457,1463),(1464,1465,1358),(1465,1359,1358),(1400,1445,1426),(1467,
1445,1400),(1447,1446,1468),(1449,1470,924),(1469,1450,373),(924,1470,926),
(1402,1467,1400),(1471,1467,1402),(1468,1472,1447),(1470,1474,926),(1473,
1469,373),(926,1474,928),(832,664,1088),(1124,832,1088),(1128,113,1178),
(126,140,1094),(1130,126,1094),(1134,514,1184),(113,115,1178),(514,668,
1184),(1475,1427,1140),(1234,1475,1140),(1430,1435,1478),(1429,1477,1315),
(1479,1431,30),(32,1479,30),(1238,1441,1352),(1428,1476,1481),(1433,1428,
1481),(1435,1483,1478),(1484,1436,1485),(1485,1436,1437),(1432,1480,1487),
(1439,1432,1487),(1441,1489,1352),(1490,1442,1491),(1491,1442,1443),(1404,
1471,1402),(1493,1471,1404),(1472,1494,1447),(1474,1496,928),(373,1495,
1473),(928,1496,930),(1406,1493,1404),(1497,1493,1406),(1494,1498,1447),
(1496,1500,930),(1499,1495,373),(930,1500,932),(830,832,1124),(1174,830,
1124),(1178,115,1214),(290,126,1130),(1180,290,1130),(1184,668,1220),(115,
101,1214),(668,838,1220),(1408,1497,1406),(1501,1497,1408),(1498,1502,1447),
(1500,1504,932),(1503,1499,373),(932,1504,934),(1410,1501,1408),(1505,1501,
1410),(1447,1502,1506),(1504,1508,934),(373,1507,1503),(934,1508,936),(1412,
1505,1410),(1509,1505,1412),(1510,1511,1506),(1506,1513,1447),(1515,1513,
1506),(1517,1515,1506),(1506,1519,1517),(1511,1519,1506),(1508,1521,936),
(1522,1507,373),(936,1521,938),(904,830,1174),(1210,904,1174),(1214,101,
1282),(374,290,1180),(1216,374,1180),(1220,838,1288),(101,286,1282),(838,
836,1288),(1058,1509,1412),(1524,1509,1058),(1510,1523,1511),(1521,1525,
938),(1526,1522,373),(938,1525,940),(1527,1475,1234),(1346,1527,1234),(1478,
1483,1530),(1477,1529,1315),(1531,1479,32),(34,1531,32),(1352,1489,1350),
(1476,1528,1533),(1481,1476,1533),(1483,1535,1530),(1536,1484,1537),(1537,
1484,1485),(1480,1532,1539),(1487,1480,1539),(1489,1541,1350),(1542,1490,
1543),(1543,1490,1491),(1060,1524,1058),(1545,1524,1060),(1523,1546,1511),
(1525,1548,940),(373,1547,1526),(940,1548,942),(1062,1545,1060),(1549,1545,
1062),(1511,1546,1550),(1548,1552,942),(1551,1547,373),(942,1552,944),(1553,
1453,1452),(1555,1453,1553),(1556,1557,1454),(1557,1455,1454),(1457,1559,
1463),(1459,1561,1458),(1458,1561,1560),(1451,1563,1554),(1461,1563,1451),
(1463,1559,1565),(1566,1567,1464),(1567,1465,1464),(1064,1549,1062),(1569,
1549,1064),(1550,1570,1511),(1552,1572,944),(1571,1551,373),(944,1572,946),
(1066,1569,1064),(1573,1569,1066),(1570,1574,1511),(1572,1576,946),(1575,
1571,1577),(1571,373,1577),(946,1576,948),(1068,1573,1066),(1579,1573,1068),
(1511,1574,1580),(1576,1582,948),(1581,1575,1577),(948,1582,950),(1028,
904,1210),(1278,1028,1210),(1282,286,1324),(1583,374,1216),(1284,1583,1216),
(1288,836,1330),(286,368,1324),(373,1584,1585),(1577,373,1585),(836,908,
1330),(1070,1579,1068),(1587,1579,1070),(1580,1588,1511),(1582,1590,950),
(1577,1589,1581),(950,1590,952),(760,1587,1070),(760,1591,1587),(1588,1592,
1511),(1590,1594,952),(1593,1589,1577),(952,1594,954),(1594,1591,954),(1592,
1593,1511),(1591,760,954),(1511,1593,1577),(1595,1527,1346),(1344,1595,
1346),(1530,1535,1598),(1315,1529,1597),(1599,1531,34),(36,1599,34),(1350,
1541,1460),(1528,1596,1601),(1533,1528,1601),(1535,1603,1598),(1604,1536,
1605),(1605,1536,1537),(1532,1600,1607),(1539,1532,1607),(1541,1609,1460),
(1610,1542,1611),(1611,1542,1543),(1152,1028,1278),(1320,1152,1278),(1324,
368,1386),(1613,1583,1284),(1326,1613,1284),(1330,908,1392),(368,420,1386),
(1585,1584,1614),(908,1032,1392),(1150,1152,1320),(1382,1150,1320),(1386,
420,1438),(1616,1613,1326),(1388,1616,1326),(1392,1032,1444),(420,486,1438),
(1614,1615,1585),(1032,1158,1444),(1617,1595,1344),(1456,1617,1344),(1598,
1603,1620),(1597,1619,1315),(1621,1599,36),(38,1621,36),(1460,1609,1562),
(1596,1618,1623),(1601,1596,1623),(1603,1625,1620),(1626,1604,1627),(1627,
1604,1605),(1600,1622,1629),(1607,1600,1629),(1609,1631,1562),(1632,1610,
1633),(1633,1610,1611),(1635,1555,1553),(1637,1557,1556),(1639,1555,1635),
(1640,1641,1556),(1641,1637,1556),(1559,1643,1565),(1561,1645,1560),(1645,
1647,1560),(1560,1647,1644),(1554,1649,1636),(1563,1651,1554),(1651,1649,
1554),(1565,1643,1653),(1654,1655,1566),(1657,1567,1566),(1655,1657,1566),
(1240,1150,1382),(1434,1240,1382),(1438,486,1486),(1659,1616,1388),(1440,
1659,1388),(1444,1158,1492),(486,752,1486),(1615,1660,1585),(1158,1156,
1492),(1356,1240,1434),(1482,1356,1434),(1486,752,1538),(1662,1659,1440),
(1488,1662,1440),(1492,1156,1544),(752,978,1538),(1585,1660,1661),(1156,
1244,1544),(1663,1617,1456),(1558,1663,1456),(1620,1625,1666),(1619,1665,
1315),(1667,1621,38),(40,1667,38),(1562,1631,1646),(1618,1664,1669),(1623,
1618,1669),(1625,1671,1666),(1672,1626,1673),(1673,1626,1627),(1622,1668,
1675),(1629,1622,1675),(1631,1677,1646),(1678,1632,1679),(1679,1632,1633),
(1354,1356,1482),(1534,1354,1482),(1538,978,1606),(1681,1662,1488),(1540,
1681,1488),(1544,1244,1612),(978,1104,1606),(1661,1682,1585),(1244,1362,
1612),(1683,1663,1558),(1638,1683,1558),(1666,1671,1686),(1315,1665,1685),
(1687,1667,40),(42,1687,40),(1646,1677,1648),(1664,1684,1689),(1669,1664,
1689),(1671,1691,1686),(1692,1672,1693),(1693,1672,1673),(1668,1688,1695),
(1675,1668,1695),(1677,1697,1648),(1698,1678,1699),(1699,1678,1679),(1701,
1639,1635),(1703,1639,1701),(1704,1705,1640),(1705,1641,1640),(1643,1707,
1653),(1647,1709,1644),(1644,1709,1708),(1636,1711,1702),(1649,1711,1636),
(1653,1707,1713),(1714,1715,1654),(1715,1655,1654),(1462,1354,1534),(1602,
1462,1534),(1606,1104,1628),(1717,1681,1540),(1608,1717,1540),(1612,1362,
1634),(1104,1190,1628),(1682,1718,1585),(1362,1360,1634),(1564,1462,1602),
(1624,1564,1602),(1628,1190,1674),(1720,1717,1608),(1630,1720,1608),(1634,
1360,1680),(1190,1250,1674),(1585,1718,1719),(1360,1466,1680),(1721,1683,
1638),(1642,1721,1638),(1686,1691,1724),(1685,1723,1315),(1725,1687,42),
(44,1725,42),(1648,1697,1710),(1684,1722,1727),(1689,1684,1727),(1691,1729,
1724),(1730,1692,1731),(1731,1692,1693),(1688,1726,1733),(1695,1688,1733),
(1697,1735,1710),(1736,1698,1737),(1737,1698,1699),(1652,1564,1624),(1670,
1652,1624),(1674,1250,1694),(1739,1720,1630),(1676,1739,1630),(1680,1466,
1700),(1250,1336,1694),(1719,1740,1585),(1466,1568,1700),(1742,1703,1701),
(1743,1705,1704),(1745,1703,1742),(1746,1743,1704),(1707,1748,1713),(1709,
1749,1708),(1708,1749,1747),(1711,1751,1702),(1702,1751,1741),(1713,1748,
1753),(1754,1755,1714),(1755,1715,1714),(1757,1721,1642),(1706,1757,1642),
(1724,1729,1760),(1723,1759,1315),(1761,1725,44),(46,1761,44),(1710,1735,
1750),(1722,1758,1763),(1727,1722,1763),(1765,1730,1731),(1729,1767,1760),
(1768,1730,1765),(1726,1762,1769),(1733,1726,1769),(1771,1736,1737),(1735,
1773,1750),(1774,1736,1771),(1650,1652,1670),(1690,1650,1670),(1694,1336,
1732),(1775,1739,1676),(1696,1775,1676),(1700,1568,1738),(1336,1448,1732),
(1740,1776,1585),(1568,1658,1738),(1712,1650,1690),(1728,1712,1690),(1732,
1448,1766),(1778,1775,1696),(1734,1778,1696),(1738,1658,1772),(1448,1514,
1766),(1585,1776,1777),(1658,1656,1772),(1779,1757,1706),(1744,1779,1706),
(1760,1767,1782),(1315,1759,1781),(1783,1761,46),(48,1783,46),(1750,1773,
1786),(1749,1785,1747),(1758,1780,1787),(1763,1758,1787),(1789,1768,1765),
(1767,1791,1782),(1792,1768,1789),(1762,1784,1793),(1769,1762,1793),(1795,
1774,1771),(1773,1797,1786),(1798,1774,1795),(1752,1712,1728),(1764,1752,
1728),(1766,1514,1790),(1799,1778,1734),(1770,1799,1734),(1772,1656,1796),
(1514,1516,1790),(1777,1800,1585),(1656,1716,1796),(1802,1745,1742),(1803,
1743,1746),(1805,1803,1746),(1807,1745,1802),(1808,1805,1746),(1748,1810,
1753),(1785,1811,1747),(1747,1811,1809),(1751,1813,1741),(1813,1815,1741),
(1741,1815,1801),(1754,1817,1755),(1819,1817,1754),(1753,1810,1821),(1822,
1819,1754),(1823,1779,1744),(1804,1823,1744),(1782,1791,1826),(1781,1825,
1315),(1827,1783,48),(20,1827,48),(1786,1797,1812),(1787,1780,1829),(1780,
1824,1829),(1831,1792,1789),(1833,1792,1831),(1791,1834,1826),(1793,1784,
1835),(1784,1828,1835),(1837,1798,1795),(1839,1798,1837),(1797,1840,1812),
(1814,1752,1764),(1788,1814,1764),(1790,1516,1832),(1841,1799,1770),(1794,
1841,1770),(1796,1716,1838),(1516,1518,1832),(1800,1842,1585),(1716,1756,
1838),(1816,1814,1788),(1830,1816,1788),(1832,1518,1843),(1844,1833,1831),
(1845,1841,1794),(1836,1845,1794),(1838,1756,1847),(1848,1839,1837),(1518,
1520,1843),(1585,1842,1846),(1756,1818,1847),(1850,1823,1804),(1806,1850,
1804),(1826,1834,1851),(1825,1852,1315),(1854,1827,20),(200,1854,20),(1812,
1840,1855),(1811,1856,1809),(1829,1824,1857),(1824,1849,1857),(1859,1833,
1844),(1834,1860,1851),(1835,1828,1861),(1828,1853,1861),(1863,1839,1848),
(1840,1864,1855),(1865,1816,1830),(1858,1865,1830),(1843,1520,1867),(1868,
1859,1844),(1869,1845,1836),(1862,1869,1836),(1847,1818,1871),(1872,1863,
1848),(1815,1866,1801),(1520,1512,1867),(1846,1870,1585),(1818,1820,1871),
(1873,1807,1802),(1875,1805,1808),(1877,1875,1808),(1878,1807,1873),(1810,
1879,1821),(1809,1856,1880),(1801,1866,1874),(1881,1819,1822),(1883,1881,
1822),(1821,1879,1884),(1885,1850,1806),(1876,1885,1806),(1851,1860,1888),
(1315,1852,1887),(1889,1854,200),(544,1889,200),(1855,1864,1892),(1856,
1891,1880),(1857,1849,1893),(1849,1886,1893),(1895,1865,1858),(1894,1895,
1858),(1897,1859,1868),(1867,1512,1899),(1900,1897,1868),(1860,1898,1888),
(1861,1853,1901),(1853,1890,1901),(1903,1869,1862),(1902,1903,1862),(1905,
1863,1872),(1871,1820,1907),(1908,1905,1872),(1864,1906,1892),(1866,1896,
1874),(1512,1909,1899),(1910,1511,1911),(1511,1913,1911),(1915,1913,1511),
(1917,1915,1511),(1919,1917,1511),(1511,1921,1919),(1923,1921,1511),(1577,
1923,1511),(1870,1904,1585),(1820,1882,1907),(1925,1895,1894),(1893,1886,
1927),(1928,1925,1894),(1899,1909,1929),(1931,1897,1900),(1930,1931,1900),
(1933,1903,1902),(1901,1890,1935),(1936,1933,1902),(1907,1882,1937),(1939,
1905,1908),(1938,1939,1908),(1896,1926,1941),(1874,1896,1941),(1909,1943,
1929),(1911,1944,1910),(1585,1904,1934),(1882,1946,1937),(1945,1881,1883),
(1947,1885,1876),(1950,1875,1877),(1949,1947,1876),(1888,1898,1952),(1887,
1951,1953),(1955,1957,1887),(1957,1959,1887),(1955,1887,1953),(1887,1959,
1961),(1963,1315,1887),(1887,1965,1963),(1967,1965,1887),(1969,1967,1887),
(1887,1971,1969),(1973,1971,1887),(1975,1973,1887),(1887,1977,1975),(1979,
1977,1887),(1981,1979,1887),(1961,1981,1887),(1983,1889,544),(546,1983,
544),(1892,1906,1986),(1880,1891,1987),(1891,1985,1989),(1891,1991,1987),
(1993,1991,1891),(1993,1891,1995),(1891,1997,1995),(1999,1997,1891),(2001,
1999,1891),(1891,2003,2001),(2005,2003,1891),(2007,2005,1891),(2009,2007,
1891),(2009,1891,2011),(1891,2013,2011),(2015,2013,1891),(2017,2015,1891),
(2017,1891,1989),(1886,1948,1927),(1898,1932,1952),(1890,1984,1935),(1906,
1940,1986),(2019,1925,1928),(2021,2019,1928),(1927,1948,2022),(1929,1943,
2024),(2023,2025,1930),(2025,1931,1930),(2027,1933,1936),(2029,2027,1936),
(1935,1984,2030),(1937,1946,2032),(2031,2033,1938),(2033,1939,1938),(1926,
2020,2035),(1941,1926,2035),(1943,2037,2024),(2038,1944,1911),(1934,2028,
1585),(2039,1945,1883),(1946,2041,2032),(2042,1945,2039),(1942,1878,1873),
(2043,1950,1877),(2044,1878,1942),(1879,1988,1884),(1884,1988,2040),(2045,
2019,2021),(1948,2047,2022),(2049,2045,2021),(2022,2047,2050),(2024,2037,
2052),(2051,2053,2023),(2053,2025,2023),(2055,2027,2029),(1984,2057,2030),
(2059,2055,2029),(2030,2057,2060),(2032,2041,2062),(2061,2063,2031),(2063,
2033,2031),(2035,2020,2046),(2037,2065,2052),(2066,2038,1911),(2028,2056,
1585),(2041,2068,2062),(2069,2067,2042),(2069,2042,2039),(2048,1947,1949),
(2071,2048,1949),(2072,1950,2043),(1952,1932,2074),(1951,2073,2075),(1953,
1951,2075),(2058,1983,546),(542,2058,546),(1986,1940,2077),(1985,2078,1269),
(1989,1985,1269),(1932,2026,2074),(1940,2034,2077),(2079,2045,2049),(2047,
2081,2050),(2083,2079,2049),(2050,2081,2084),(2052,2065,2086),(2085,2087,
2051),(2087,2053,2051),(2089,2055,2059),(2057,2091,2060),(2093,2089,2059),
(2060,2091,2094),(2062,2068,2096),(2095,2097,2061),(2097,2063,2061),(2046,
2080,2099),(2035,2046,2099),(2065,2101,2086),(1911,2102,2066),(1585,2056,
2090),(2068,2103,2096),(2104,2067,2069),(2082,2048,2071),(2105,2072,2043),
(2107,2082,2071),(2108,2072,2105),(2074,2026,2110),(2075,2073,2109),(2092,
2058,542),(566,2092,542),(2077,2034,2112),(1269,2078,2111),(2026,2054,2110),
(2034,2064,2112),(2113,2079,2083),(2115,2113,2083),(2084,2117,2116),(2081,
2117,2084),(2086,2101,2119),(2120,2121,2085),(2121,2087,2085),(2123,2089,
2093),(2125,2123,2093),(2094,2127,2126),(2091,2127,2094),(2096,2103,2129),
(2130,2131,2095),(2131,2097,2095),(2080,2114,2133),(2099,2080,2133),(2101,
2135,2119),(1911,2136,2102),(2090,2124,1585),(2103,2137,2129),(2138,2104,
2139),(2139,2104,2069),(2036,2044,1942),(2106,2044,2036),(1988,1992,2040),
(2040,1992,2070),(2141,2113,2115),(2143,2141,2115),(2116,2145,2144),(2117,
2145,2116),(2119,2135,2147),(2148,2149,2120),(2149,2121,2120),(2151,2123,
2125),(2153,2151,2125),(2126,2155,2154),(2127,2155,2126),(2129,2137,2157),
(2158,2159,2130),(2159,2131,2130),(2133,2114,2142),(2135,2161,2147),(2162,
2136,1911),(2124,2152,1585),(2137,2163,2157),(2164,2138,2165),(2165,2138,
2139),(2118,2082,2107),(2167,2118,2107),(2168,2108,2105),(2110,2054,2170),
(2109,2169,2075),(2128,2092,566),(676,2128,566),(2112,2064,2172),(2111,
2171,1269),(2054,2088,2170),(2064,2098,2172),(2173,2141,2143),(2175,2173,
2143),(2144,2177,2176),(2145,2177,2144),(2147,2161,2179),(2180,2181,2148),
(2181,2149,2148),(2183,2151,2153),(2185,2183,2153),(2154,2187,2186),(2155,
2187,2154),(2157,2163,2189),(2190,2191,2158),(2191,2159,2158),(2142,2174,
2133),(2161,2193,2179),(2194,2162,1911),(1585,2152,2184),(2163,2195,2189),
(2196,2164,2165),(2146,2118,2167),(2105,2197,2168),(2198,2146,2167),(2170,
2088,2199),(2169,2200,2075),(2156,2128,676),(678,2156,676),(2172,2098,2201),
(2171,2202,1269),(2088,2122,2199),(2098,2132,2201),(2203,2173,2175),(2205,
2203,2175),(2176,2207,2206),(2177,2207,2176),(2179,2193,2209),(2210,2211,
2180),(2211,2181,2180),(2213,2183,2185),(2215,2213,2185),(2186,2217,2216),
(2187,2217,2186),(2189,2195,2219),(2220,2221,2190),(2221,2191,2190),(2174,
2204,2133),(2193,2223,2209),(1911,2224,2194),(2184,2214,1585),(2195,2226,
2219),(2165,2225,2196),(2100,2106,2036),(2227,2197,2105),(2229,2227,2105),
(2231,2106,2100),(2233,2105,2232),(2105,2235,2229),(2105,2237,2235),(2239,
2237,2105),(2241,2239,2105),(2105,2243,2241),(2245,2243,2105),(2247,2245,
2105),(2105,2249,2247),(2251,2249,2105),(2253,2251,2105),(2233,2253,2105),
(1992,1994,2070),(2070,1994,2140),(2255,2203,2205),(2257,2255,2205),(2206,
2259,2258),(2207,2259,2206),(2209,2223,2261),(2262,2263,2210),(2263,2211,
2210),(2265,2213,2215),(2267,2265,2215),(2216,2269,2268),(2217,2269,2216),
(2219,2226,2271),(2272,2273,2220),(2273,2221,2220),(2204,2256,2133),(2223,
2275,2261),(2276,2224,1911),(2214,2266,1585),(2226,2278,2271),(2277,2225,
2165),(2178,2146,2198),(2228,2178,2198),(2199,2122,2279),(2075,2200,2280),
(2188,2156,678),(680,2188,678),(2201,2132,2281),(1269,2202,2282),(2122,
2150,2279),(2132,2160,2281),(2283,2255,2257),(2285,2283,2257),(2258,2287,
2286),(2259,2287,2258),(2261,2275,2289),(2290,2291,2262),(2291,2263,2262),
(2293,2265,2267),(2295,2293,2267),(2268,2297,2296),(2269,2297,2268),(2271,
2278,2299),(2300,2301,2272),(2301,2273,2272),(2133,2256,2284),(2275,2303,
2289),(2304,2276,1911),(1585,2266,2294),(2278,2306,2299),(2305,2277,2165),
(2208,2178,2228),(2230,2208,2228),(2279,2150,2307),(2280,2308,2075),(2218,
2188,680),(682,2218,680),(2281,2160,2309),(2282,2310,1269),(2150,2182,2307),
(2160,2192,2309),(2311,2283,2285),(2313,2311,2285),(2286,2315,2314),(2287,
2315,2286),(2289,2303,2317),(2318,2319,2290),(2319,2291,2290),(2321,2293,
2295),(2323,2321,2295),(2296,2325,2324),(2297,2325,2296),(2299,2306,2327),
(2328,2329,2300),(2329,2301,2300),(2284,2312,2331),(2133,2284,2331),(2303,
2334,2317),(1911,2335,2304),(1585,2294,2322),(2306,2336,2327),(2305,2165,
2337),(2134,2231,2100),(2134,2338,2231),(2339,2233,2232),(1994,1996,2140),
(2140,1996,2166),(2340,2311,2313),(2342,2340,2313),(2314,2344,2343),(2315,
2344,2314),(2317,2334,2346),(2347,2348,2318),(2348,2319,2318),(2350,2321,
2323),(2352,2350,2323),(2324,2354,2353),(2325,2354,2324),(2327,2336,2356),
(2357,2358,2328),(2358,2329,2328),(2331,2312,2341),(2334,2360,2346),(2361,
2335,1911),(2351,1585,2322),(2336,2362,2356),(2364,2363,2337),(2165,2364,
2337),(2260,2208,2230),(2236,2260,2230),(2307,2182,2367),(2308,2368,2075),
(2270,2218,682),(684,2270,682),(2309,2192,2370),(2310,2369,1269),(2182,
2212,2367),(2192,2222,2370),(2371,2340,2342),(2373,2371,2342),(2343,2375,
2374),(2344,2375,2343),(2346,2360,2377),(2378,2379,2347),(2379,2348,2347),
(2381,2350,2352),(2383,2381,2352),(2353,2385,2384),(2354,2385,2353),(2356,
2362,2387),(2388,2389,2357),(2389,2358,2357),(2341,2372,2331),(2360,2391,
2377),(2392,2361,1911),(2351,2382,1585),(2362,2393,2387),(2394,2363,2364),
(2396,2371,2373),(2397,2396,2373),(2374,2399,2398),(2375,2399,2374),(2377,
2391,2401),(2402,2403,2378),(2403,2379,2378),(2405,2381,2383),(2407,2405,
2383),(2384,2409,2408),(2385,2409,2384),(2387,2393,2411),(2412,2413,2388),
(2413,2389,2388),(2372,2395,2331),(2391,2415,2401),(1911,2416,2392),(2382,
2406,1585),(2393,2417,2411),(2418,2394,2364),(2288,2260,2236),(2238,2288,
2236),(2367,2212,2419),(2075,2368,2420),(2298,2270,684),(686,2298,684),
(2370,2222,2422),(1269,2369,2421),(2212,2264,2419),(2222,2274,2422),(2338,
2134,2333),(2423,2233,2339),(2075,2423,2339),(2425,2338,2333),(2427,2075,
2339),(2339,2429,2427),(2431,2429,2339),(2433,2431,2339),(2435,2433,2339),
(2437,2435,2339),(2339,2439,2437),(2441,2439,2339),(2443,2441,2339),(2339,
2445,2443),(2447,2445,2339),(2449,2447,2339),(2451,2449,2339),(2453,2451,
2339),(2339,2455,2453),(2457,2455,2339),(2459,2457,2339),(2339,2461,2459),
(2463,2461,2339),(2426,2463,2339),(2166,1996,2365),(1996,2465,2365),(1996,
2468,2465),(1995,2470,2472),(2472,2474,1995),(1997,2470,1995),(2474,2476,
1995),(2476,2478,1995),(1995,2478,2480),(2480,2482,1995),(2482,2484,1995),
(2484,2486,1995),(1995,2486,2488),(2488,2490,1995),(2490,2492,1995),(1995,
2492,2469),(2494,2396,2397),(2496,2494,2397),(2398,2498,2497),(2399,2498,
2398),(2401,2415,2500),(2501,2502,2402),(2502,2403,2402),(2504,2405,2407),
(2506,2504,2407),(2408,2508,2507),(2409,2508,2408),(2411,2417,2510),(2511,
2512,2412),(2512,2413,2412),(2331,2395,2495),(2415,2514,2500),(2515,2416,
1911),(1585,2406,2505),(2417,2516,2510),(2364,2517,2418),(2316,2288,2238),
(2240,2316,2238),(2419,2264,2518),(2420,2519,2075),(2326,2298,686),(688,
2326,686),(2422,2274,2521),(2421,2520,1269),(2264,2292,2518),(2274,2302,
2521),(2522,2494,2496),(2524,2522,2496),(2497,2526,2525),(2498,2526,2497),
(2500,2514,2528),(2529,2530,2501),(2530,2502,2501),(2532,2504,2506),(2534,
2532,2506),(2507,2536,2535),(2508,2536,2507),(2510,2516,2538),(2539,2540,
2511),(2540,2512,2511),(2331,2495,2523),(2514,2542,2528),(2543,2515,1911),
(2533,2544,2505),(2505,2546,1585),(2548,2546,2505),(2550,2548,2505),(2505,
2552,2550),(2505,2554,2552),(2544,2554,2505),(2516,2556,2538),(2557,2517,
2364),(2559,2522,2524),(2560,2559,2524),(2525,2562,2561),(2526,2562,2525),
(2528,2542,2564),(2565,2566,2529),(2566,2530,2529),(2568,2532,2534),(2570,
2568,2534),(2535,2572,2571),(2536,2572,2535),(2538,2556,2574),(2575,2576,
2539),(2576,2540,2539),(2523,2558,2331),(2542,2578,2564),(1911,2579,2543),
(2533,2569,2544),(2556,2580,2574),(2581,2557,2364),(2345,2316,2240),(2242,
2345,2240),(2518,2292,2582),(2519,2583,2075),(2355,2326,688),(690,2355,
688),(2521,2302,2584),(2520,2585,1269),(2292,2320,2582),(2302,2330,2584),
(2586,2559,2560),(2588,2586,2560),(2561,2590,2589),(2562,2590,2561),(2564,
2578,2592),(2593,2594,2565),(2594,2566,2565),(2596,2568,2570),(2598,2596,
2570),(2571,2600,2599),(2572,2600,2571),(2574,2580,2602),(2603,2604,2575),
(2604,2576,2575),(2558,2587,2331),(2578,2606,2592),(2607,2579,1911),(2569,
2597,2544),(2580,2609,2602),(2364,2608,2581),(2610,2586,2588),(2612,2610,
2588),(2589,2614,2613),(2590,2614,2589),(2592,2606,2616),(2617,2618,2593),
(2618,2594,2593),(2620,2596,2598),(2622,2620,2598),(2599,2624,2623),(2600,
2624,2599),(2602,2609,2626),(2627,2628,2603),(2628,2604,2603),(2587,2611,
2630),(2331,2587,2630),(2606,2632,2616),(2633,2607,1911),(2597,2621,2544),
(2609,2635,2626),(2634,2608,2364),(2376,2345,2242),(2244,2376,2242),(2582,
2320,2636),(2075,2583,2637),(2386,2355,690),(692,2386,690),(2584,2330,2638),
(1269,2585,2639),(2320,2349,2636),(2330,2359,2638),(2640,2610,2612),(2642,
2640,2612),(2613,2644,2643),(2614,2644,2613),(2616,2632,2646),(2647,2648,
2617),(2648,2618,2617),(2650,2620,2622),(2652,2650,2622),(2623,2654,2653),
(2624,2654,2623),(2626,2635,2656),(2657,2658,2627),(2658,2628,2627),(2611,
2641,2660),(2630,2611,2660),(2632,2662,2646),(1911,2663,2633),(2544,2621,
2651),(2635,2665,2656),(2664,2634,2364),(2666,2640,2642),(2668,2666,2642),
(2643,2670,2669),(2644,2670,2643),(2646,2662,2672),(2673,2674,2647),(2674,
2648,2647),(2676,2650,2652),(2678,2676,2652),(2653,2680,2679),(2654,2680,
2653),(2656,2665,2682),(2683,2684,2657),(2684,2658,2657),(2641,2667,2686),
(2660,2641,2686),(2662,2688,2672),(2689,2663,1911),(2651,2677,2690),(2692,
2651,2690),(2694,2651,2692),(2651,2696,2544),(2698,2696,2651),(2700,2698,
2651),(2702,2700,2651),(2651,2704,2702),(2706,2704,2651),(2708,2706,2651),
(2651,2710,2708),(2651,2712,2710),(2714,2712,2651),(2716,2714,2651),(2651,
2718,2716),(2720,2718,2651),(2722,2720,2651),(2722,2651,2724),(2651,2694,
2724),(2665,2726,2682),(2364,2727,2664),(2400,2376,2244),(2246,2400,2244),
(2636,2349,2728),(2637,2729,2075),(2410,2386,692),(694,2410,692),(2638,
2359,2730),(2639,2731,1269),(2349,2380,2728),(2359,2390,2730),(2732,2666,
2668),(2734,2732,2668),(2669,2736,2735),(2670,2736,2669),(2672,2688,2738),
(2739,2740,2673),(2740,2674,2673),(2742,2676,2678),(2744,2742,2678),(2679,
2746,2745),(2680,2746,2679),(2682,2726,2748),(2749,2750,2683),(2750,2684,
2683),(2667,2733,2752),(2686,2667,2752),(2688,2754,2738),(2755,2689,1911),
(2690,2677,2743),(2726,2756,2748),(2757,2727,2364),(2759,2732,2734),(2760,
2759,2734),(2735,2762,2761),(2736,2762,2735),(2738,2754,2764),(2765,2766,
2739),(2766,2740,2739),(2768,2742,2744),(2770,2768,2744),(2745,2772,2771),
(2746,2772,2745),(2748,2756,2774),(2775,2776,2749),(2776,2750,2749),(2733,
2758,2778),(2752,2733,2778),(2754,2780,2764),(2781,2755,1911),(2769,2782,
2743),(2782,2784,2743),(2743,2784,2786),(2788,2790,2743),(2790,2792,2743),
(2794,2788,2743),(2743,2792,2796),(2743,2798,2794),(2796,2800,2743),(2786,
2802,2743),(2800,2804,2743),(2802,2798,2743),(2743,2804,2806),(2806,2808,
2743),(2808,2810,2743),(2743,2810,2812),(2812,2814,2743),(2814,2816,2743),
(2743,2816,2818),(2818,2820,2743),(2820,2822,2743),(2743,2822,2824),(2824,
2826,2743),(2826,2828,2743),(2743,2828,2830),(2830,2832,2743),(2832,2834,
2743),(2743,2834,2836),(2836,2838,2743),(2838,2840,2743),(2743,2840,2842),
(2842,2844,2743),(2844,2846,2743),(2743,2846,2848),(2848,2850,2743),(2850,
2852,2743),(2743,2852,2854),(2854,2856,2743),(2856,2858,2743),(2858,2860,
2743),(2860,2862,2743),(2743,2862,2864),(2864,2866,2743),(2866,2868,2743),
(2743,2868,2870),(2870,2690,2743),(2756,2872,2774),(2873,2757,2364),(2875,
2759,2760),(2876,2875,2760),(2761,2878,2877),(2762,2878,2761),(2764,2780,
2880),(2881,2882,2765),(2882,2766,2765),(2884,2768,2770),(2886,2884,2770),
(2771,2888,2887),(2772,2888,2771),(2774,2872,2890),(2891,2892,2775),(2892,
2776,2775),(2758,2874,2778),(2780,2894,2880),(2895,2781,1911),(2885,2364,
2769),(2364,2782,2769),(2872,2896,2890),(2897,2873,2364),(2499,2400,2246),
(2248,2499,2246),(2728,2380,2898),(2729,2899,2075),(2509,2410,694),(696,
2509,694),(2730,2390,2900),(2731,2901,1269),(2380,2404,2898),(2390,2414,
2900),(2902,2875,2876),(2904,2902,2876),(2877,2906,2905),(2878,2906,2877),
(2880,2894,2908),(2909,2910,2881),(2910,2882,2881),(2912,2884,2886),(2914,
2912,2886),(2887,2916,2915),(2888,2916,2887),(2890,2896,2918),(2919,2920,
2891),(2920,2892,2891),(2903,2922,2874),(2922,2924,2874),(2874,2924,2926),
(2778,2874,2926),(2894,2928,2908),(1911,2929,2895),(2885,2913,2364),(2896,
2930,2918),(2364,2931,2897),(2933,2902,2904),(2934,2933,2904),(2905,2936,
2935),(2906,2936,2905),(2908,2928,2938),(2939,2940,2909),(2940,2910,2909),
(2942,2912,2914),(2944,2942,2914),(2915,2946,2945),(2916,2946,2915),(2918,
2930,2948),(2949,2950,2919),(2950,2920,2919),(2932,2952,2903),(2903,2954,
2922),(2956,2954,2903),(2958,2956,2903),(2903,2960,2958),(2952,2960,2903),
(2928,2962,2938),(2963,2929,1911),(2913,2943,2364),(2930,2964,2948),(2965,
2931,2364),(2527,2499,2248),(2250,2527,2248),(2898,2404,2966),(2075,2899,
2967),(2537,2509,696),(698,2537,696),(2900,2414,2968),(1269,2901,2969),
(2404,2503,2966),(2414,2513,2968),(2970,2933,2934),(2972,2970,2934),(2935,
2974,2973),(2936,2974,2935),(2938,2962,2976),(2977,2978,2939),(2978,2940,
2939),(2980,2942,2944),(2982,2980,2944),(2945,2984,2983),(2946,2984,2945),
(2948,2964,2986),(2987,2988,2949),(2988,2950,2949),(2971,2990,2932),(2992,
2952,2932),(2994,2992,2932),(2990,2994,2932),(2962,2996,2976),(2997,2963,
1911),(2943,2981,2364),(2964,2998,2986),(2999,2965,2364),(3001,2970,2972),
(3002,3001,2972),(2973,3004,3003),(2974,3004,2973),(2976,2996,3006),(3007,
3008,2977),(3008,2978,2977),(3010,2980,2982),(3012,3010,2982),(2983,3014,
3013),(2984,3014,2983),(2986,2998,3016),(3017,3018,2987),(3018,2988,2987),
(2971,3000,3020),(3022,2990,2971),(3024,3022,2971),(3024,2971,3020),(2996,
3026,3006),(1911,3027,2997),(2364,2981,3011),(2998,3028,3016),(2364,3029,
2999),(3031,3001,3002),(3032,3031,3002),(3003,3034,3033),(3004,3034,3003),
(3006,3026,3036),(3037,3038,3007),(3038,3008,3007),(3040,3010,3012),(3042,
3040,3012),(3013,3044,3043),(3014,3044,3013),(3016,3028,3046),(3047,3048,
3017),(3048,3018,3017),(3030,3050,3000),(3020,3000,3052),(3000,3054,3052),
(3000,3056,3054),(3050,3056,3000),(3026,3058,3036),(3059,3027,1911),(3011,
3041,2364),(3028,3060,3046),(3061,3029,2364),(3063,3031,3032),(3064,3063,
3032),(3033,3066,3065),(3034,3066,3033),(3036,3058,3068),(3069,3070,3037),
(3070,3038,3037),(3072,3040,3042),(3074,3072,3042),(3043,3076,3075),(3044,
3076,3043),(3046,3060,3078),(3079,3080,3047),(3080,3048,3047),(3062,3082,
3030),(3084,3050,3030),(3086,3084,3030),(3088,3086,3030),(3090,3088,3030),
(3030,3092,3090),(3082,3092,3030),(3058,3094,3068),(3095,3059,1911),(3041,
3073,2364),(3060,3096,3078),(3097,3061,2364),(2563,2527,2250),(2252,2563,
2250),(2966,2503,3098),(2967,3099,2075),(2573,2537,698),(700,2573,698),
(2968,2513,3100),(2969,3101,1269),(2503,2531,3098),(2513,2541,3100),(3102,
3063,3064),(3104,3102,3064),(3065,3106,3105),(3066,3106,3065),(3068,3094,
3108),(3109,3110,3069),(3110,3070,3069),(3112,3072,3074),(3114,3112,3074),
(3075,3116,3115),(3076,3116,3075),(3078,3096,3118),(3119,3120,3079),(3120,
3080,3079),(3103,3122,3062),(3124,3082,3062),(3126,3124,3062),(3062,3128,
3126),(3130,3128,3062),(3132,3130,3062),(3062,3134,3132),(3122,3134,3062),
(3094,3136,3108),(1911,3137,3095),(2364,3073,3113),(3096,3139,3118),(2364,
3138,3097),(3140,3102,3104),(3142,3140,3104),(3105,3144,3143),(3106,3144,
3105),(3108,3136,3146),(3147,3148,3109),(3148,3110,3109),(3150,3112,3114),
(3152,3150,3114),(3115,3154,3153),(3116,3154,3115),(3118,3139,3156),(3157,
3158,3119),(3158,3120,3119),(3160,3103,3141),(3162,3122,3103),(3164,3162,
3103),(3103,3166,3164),(3168,3166,3103),(3170,3168,3103),(3103,3172,3170),
(3174,3172,3103),(3160,3174,3103),(3136,3176,3146),(3177,3137,1911),(3113,
3151,2364),(3139,3179,3156),(3178,3138,2364),(3180,3140,3142),(3182,3180,
3142),(3143,3184,3183),(3144,3184,3143),(3146,3176,3186),(3187,3188,3147),
(3188,3148,3147),(3190,3150,3152),(3192,3190,3152),(3153,3194,3193),(3154,
3194,3153),(3156,3179,3196),(3197,3198,3157),(3198,3158,3157),(3181,3160,
3141),(3176,3200,3186),(3201,3177,1911),(3151,3191,2364),(3179,3203,3196),
(3202,3178,2364),(3204,3180,3182),(3206,3204,3182),(3183,3208,3207),(3184,
3208,3183),(3186,3200,3210),(3211,3212,3187),(3212,3188,3187),(3214,3190,
3192),(3216,3214,3192),(3193,3218,3217),(3194,3218,3193),(3196,3203,3220),
(3221,3222,3197),(3222,3198,3197),(3181,3205,1911),(3224,3160,3181),(1911,
3224,3181),(3200,3226,3210),(1911,3227,3201),(2364,3191,3215),(3203,3229,
3220),(2364,3228,3202),(3230,3204,3206),(3232,3230,3206),(3207,3234,3233),
(3208,3234,3207),(3210,3226,3232),(3233,3236,3211),(3236,3212,3211),(3238,
3214,3216),(3240,3238,3216),(3217,3242,3241),(3218,3242,3217),(3220,3229,
3240),(3241,3244,3221),(3244,3222,3221),(3205,3231,1911),(3226,3230,3232),
(3231,3227,1911),(3215,3239,2364),(3229,3238,3240),(3239,3228,2364),(3234,
3236,3233),(3242,3244,3241),(2591,2563,2252),(2254,2591,2252),(3098,2531,
3246),(3099,3247,2075),(2601,2573,700),(702,2601,700),(3100,2541,3248),
(3101,3249,1269),(2531,2567,3246),(2541,2577,3248),(2615,2591,2254),(2234,
2615,2254),(3246,2567,3251),(2075,3247,3250),(2625,2601,702),(704,2625,
702),(3248,2577,3253),(1269,3249,3252),(2567,2595,3251),(2577,2605,3253),
(2645,2615,2234),(2424,2645,2234),(3251,2595,3254),(3250,3255,2075),(2655,
2625,704),(706,2655,704),(3253,2605,3257),(3252,3256,1269),(2595,2619,3254),
(2605,2629,3257),(2671,2645,2424),(3258,2671,2424),(3259,2423,2075),(3254,
2619,3261),(3255,3260,2075),(2681,2655,706),(708,2681,706),(3257,2629,3262),
(3256,3263,1269),(2619,2649,3261),(2629,2659,3262),(2737,2671,3258),(3265,
2737,3258),(3264,3259,2075),(3261,2649,3266),(2075,3260,3267),(2747,2681,
708),(710,2747,708),(3262,2659,3269),(1269,3263,3268),(2649,2675,3266),
(2659,2685,3269),(2763,2737,3265),(3270,2763,3265),(2075,3271,3264),(3266,
2675,3273),(3267,3272,2075),(2773,2747,710),(712,2773,710),(3269,2685,3274),
(3268,3275,1269),(2675,2741,3273),(2685,2751,3274),(2879,2763,3270),(3277,
2879,3270),(2075,3276,3271),(3273,2741,3278),(3272,3279,2075),(2889,2773,
712),(714,2889,712),(3274,2751,3281),(3275,3280,1269),(2741,2767,3278),
(2751,2777,3281),(2907,2879,3277),(3282,2907,3277),(3283,3276,2075),(3278,
2767,3285),(2075,3279,3284),(2917,2889,714),(716,2917,714),(3281,2777,3287),
(1269,3280,3286),(2767,2883,3285),(2777,2893,3287),(2937,2907,3282),(3288,
2937,3282),(3289,3283,2075),(3285,2883,3291),(3284,3290,2075),(2947,2917,
716),(718,2947,716),(3287,2893,3292),(3286,3293,1269),(2883,2911,3291),
(2893,2921,3292),(2975,2937,3288),(3295,2975,3288),(3294,3289,2075),(3291,
2911,3296),(3290,3297,2075),(2985,2947,718),(720,2985,718),(3292,2921,3299),
(3293,3298,1269),(2911,2941,3296),(2921,2951,3299),(3005,2975,3295),(3300,
3005,3295),(2075,3301,3294),(3296,2941,3303),(2075,3297,3302),(3015,2985,
720),(722,3015,720),(3299,2951,3304),(1269,3298,3305),(2941,2979,3303),
(2951,2989,3304),(3035,3005,3300),(3307,3035,3300),(3306,3301,2075),(3303,
2979,3308),(3302,3309,2075),(3045,3015,722),(724,3045,722),(3304,2989,3311),
(3305,3310,1269),(2979,3009,3308),(2989,3019,3311),(3067,3035,3307),(3312,
3067,3307),(3313,3306,2075),(3308,3009,3315),(3309,3314,2075),(3077,3045,
724),(726,3077,724),(3311,3019,3316),(3310,3317,1269),(3009,3039,3315),
(3019,3049,3316),(3107,3067,3312),(3319,3107,3312),(2075,3318,3313),(3315,
3039,3320),(2075,3314,3321),(3117,3077,726),(728,3117,726),(3316,3049,3323),
(1269,3317,3322),(3039,3071,3320),(3049,3081,3323),(3145,3107,3319),(3324,
3145,3319),(3325,3318,2075),(3320,3071,3327),(3321,3326,2075),(3155,3117,
728),(730,3155,728),(3323,3081,3328),(3322,3329,1269),(3071,3111,3327),
(3081,3121,3328),(3185,3145,3324),(3331,3185,3324),(3330,3325,2075),(3327,
3111,3332),(3326,3333,2075),(3195,3155,730),(732,3195,730),(3328,3121,3335),
(3329,3334,1269),(3111,3149,3332),(3121,3159,3335),(3209,3185,3331),(3336,
3209,3331),(3337,3330,2075),(3332,3149,3339),(2075,3333,3338),(3219,3195,
732),(734,3219,732),(3335,3159,3340),(1269,3334,3341),(3149,3189,3339),
(3159,3199,3340),(3235,3209,3336),(3343,3235,3336),(3342,3337,2075),(3339,
3189,3344),(3338,3345,2075),(3243,3219,734),(674,3243,734),(3340,3199,3347),
(3341,3346,1269),(3189,3213,3344),(3199,3223,3347),(3237,3235,3343),(3348,
3237,3343),(2075,3349,3342),(3344,3213,3348),(3345,3349,2075),(3245,3243,
674),(3351,3245,674),(1269,3350,673),(3347,3223,3351),(3346,3350,1269),
(3213,3237,3348),(3223,3245,3351),(3352,2332,3355),(2333,3354,3358),(2332,
2631,3355),(3360,2333,3358),(2425,2333,3360),(2783,2366,3363),(2365,2465,
3364),(3356,3366,3353),(3366,3368,3353),(3353,3368,3370),(3353,3370,3372),
(3357,3353,3372),(3374,2783,3363),(3365,3376,3375),(3378,3376,3365),(3380,
3378,3365),(2465,3381,3364),(3355,2631,3383),(2631,2661,3383),(2785,2783,
3374),(3356,3384,3385),(3385,3387,3356),(3387,3389,3356),(3356,3389,3391),
(3391,3393,3356),(3393,3395,3356),(3356,3395,3397),(3397,3399,3356),(3399,
3401,3356),(3356,3401,3403),(3403,3405,3356),(3405,3407,3356),(3356,3407,
3409),(3409,3411,3356),(3411,3413,3356),(3356,3413,3415),(3415,3417,3356),
(3417,3419,3356),(3419,3421,3356),(3356,3421,3423),(3423,3425,3356),(3425,
3366,3356),(3427,2785,3374),(3376,3428,3375),(3383,2661,3430),(2661,2687,
3430),(2787,2785,3427),(3384,3429,3385),(3431,2787,3427),(3428,3376,3432),
(3434,2923,3435),(2923,2955,3435),(2925,2923,3434),(2791,2789,3438),(3439,
2791,3438),(2793,2791,3439),(3433,3436,3385),(3435,2955,3442),(3436,3441,
3385),(3438,2789,3443),(3445,3437,3444),(3445,3440,3437),(3447,2925,3434),
(3447,2927,2925),(2789,2795,3443),(3385,3448,3433),(3443,2795,3450),(3449,
3445,3444),(2955,2957,3442),(3451,2793,3439),(2797,2793,3451),(3442,2957,
3454),(3385,3441,3453),(3452,3440,3445),(2779,2927,3447),(3450,2795,3455),
(2795,2799,3455),(3458,2779,3447),(3457,3448,3385),(3456,3459,3449),(3459,
3445,3449),(2957,2959,3454),(3461,2797,3451),(2801,2797,3461),(3454,2959,
3464),(3463,3465,3453),(3465,3467,3453),(3453,3467,3469),(3469,3471,3453),
(3471,3473,3453),(3453,3473,3475),(3475,3477,3453),(3477,3479,3453),(3453,
3479,3481),(3481,3483,3453),(3483,3485,3453),(3453,3485,3385),(3487,3462,
3452),(3452,3489,3487),(3491,3489,3452),(3493,3491,3452),(3452,3495,3493),
(3497,3495,3452),(3499,3497,3452),(3499,3452,3445),(3430,2687,3501),(2687,
2753,3501),(2803,2787,3431),(3385,3429,3502),(3504,2803,3431),(3376,3503,
3432),(2959,2961,3464),(3505,2801,3461),(2805,2801,3505),(3464,2961,3508),
(3463,3507,3465),(3506,3462,3487),(2753,2779,3458),(3455,2799,3504),(2799,
2803,3504),(3501,2753,3458),(3502,3457,3385),(3503,3509,3456),(3509,3459,
3456),(3511,3509,3503),(3376,3511,3503),(2961,2953,3508),(3513,2805,3505),
(2807,2805,3513),(3508,2953,3466),(3514,3506,3487),(2953,2993,3466),(3516,
2807,3513),(2809,2807,3516),(3466,2993,3468),(3487,3515,3514),(2993,2995,
3468),(3517,2809,3516),(2811,2809,3517),(3468,2995,3470),(3487,3518,3515),
(2995,2991,3470),(3520,2811,3517),(2813,2811,3520),(3470,2991,3472),(3519,
3518,3487),(2991,3023,3472),(3521,2813,3520),(2815,2813,3521),(3472,3023,
3474),(3522,3519,3487),(3023,3025,3474),(3524,2815,3521),(2817,2815,3524),
(3474,3025,3476),(3487,3523,3522),(3025,3021,3476),(3525,2817,3524),(2819,
2817,3525),(3476,3021,3478),(3526,3523,3487),(3021,3053,3478),(3528,2819,
3525),(2821,2819,3528),(3478,3053,3480),(3527,3526,3487),(3053,3055,3480),
(3529,2821,3528),(2823,2821,3529),(3480,3055,3482),(3487,3530,3527),(3055,
3057,3482),(3532,2823,3529),(2825,2823,3532),(3482,3057,3484),(3531,3530,
3487),(3057,3051,3484),(3533,2825,3532),(2827,2825,3533),(3484,3051,3486),
(3534,3531,3487),(3051,3085,3486),(3536,2827,3533),(2829,2827,3536),(3486,
3085,3386),(3535,3534,3487),(3085,3087,3386),(3537,2829,3536),(2831,2829,
3537),(3386,3087,3388),(3535,3487,3538),(3087,3089,3388),(3540,2831,3537),
(2833,2831,3540),(3388,3089,3390),(3538,3541,3539),(3543,3541,3538),(3545,
3543,3538),(3538,3547,3545),(3549,3547,3538),(3551,3549,3538),(3538,3553,
3551),(3487,3553,3538),(3089,3091,3390),(3555,2833,3540),(2835,2833,3555),
(3390,3091,3392),(3541,3556,3539),(3091,3093,3392),(3558,2835,3555),(2837,
2835,3558),(3392,3093,3394),(3557,3556,3559),(3556,3541,3559),(3093,3083,
3394),(3560,2837,3558),(2839,2837,3560),(3394,3083,3396),(3083,3125,3396),
(3542,2839,3560),(2841,2839,3542),(3396,3125,3398),(3125,3127,3398),(3544,
2841,3542),(2843,2841,3544),(3398,3127,3400),(3127,3129,3400),(3546,2843,
3544),(2845,2843,3546),(3400,3129,3402),(3129,3131,3402),(3548,2845,3546),
(2847,2845,3548),(3402,3131,3404),(3131,3133,3404),(3550,2847,3548),(2849,
2847,3550),(3404,3133,3406),(3133,3135,3406),(3552,2849,3550),(2851,2849,
3552),(3406,3135,3408),(3135,3123,3408),(3554,2851,3552),(2853,2851,3554),
(3408,3123,3410),(3123,3163,3410),(3488,2853,3554),(2855,2853,3488),(3410,
3163,3412),(3163,3165,3412),(3490,2855,3488),(2857,2855,3490),(3412,3165,
3414),(3165,3167,3414),(3492,2857,3490),(2859,2857,3492),(3414,3167,3416),
(3167,3169,3416),(3494,2859,3492),(2861,2859,3494),(3416,3169,3418),(3169,
3171,3418),(3496,2861,3494),(2863,2861,3496),(3418,3171,3420),(3171,3173,
3420),(3498,2863,3496),(2865,2863,3498),(3420,3173,3422),(3173,3175,3422),
(3500,2865,3498),(2867,2865,3500),(3422,3175,3424),(3175,3161,3424),(3446,
2867,3500),(3446,2869,2867),(3424,3161,3426),(3161,3225,3426),(2869,3446,
3561),(3563,2869,3561),(3565,2868,3564),(2868,3565,2870),(3225,3567,3426),
(3568,3569,3425),(3425,3571,3366),(3569,3571,3425),(3445,3573,3562),(3445,
3459,3573),(3567,3225,3575),(3576,3224,1911),(3578,3563,3561),(3580,3563,
3578),(3564,3579,3581),(3583,3565,3564),(3583,3564,3581),(3567,3575,3585),
(3586,3587,3568),(3587,3589,3568),(3591,3569,3568),(3568,3589,3593),(3593,
3591,3568),(3562,3595,3577),(3597,3595,3562),(3573,3599,3562),(3601,3597,
3562),(3562,3599,3601),(3575,3603,3585),(3604,3576,1911),(3606,3580,3578),
(3608,3580,3606),(3581,3579,3607),(3585,3603,3609),(3586,3610,3587),(3595,
3605,3577),(3603,3612,3609),(1911,3611,3604),(3613,3608,3606),(3615,3608,
3613),(3607,3616,3581),(3609,3612,3618),(3610,3617,3587),(3614,3605,3595),
(3612,3619,3618),(3620,3611,1911),(3622,3615,3613),(3624,3615,3622),(3616,
3623,3581),(3618,3619,3625),(3587,3617,3626),(3621,3614,3595),(3619,3628,
3625),(3627,3620,1911),(3629,3624,3622),(3631,3624,3629),(3623,3632,3581),
(3625,3628,3634),(3626,3633,3587),(3630,3621,3595),(3628,3635,3634),(3636,
3627,1911),(3638,3631,3629),(3640,3631,3638),(3581,3632,3639),(3634,3635,
3641),(3633,3642,3587),(3595,3637,3630),(3635,3644,3641),(3643,3636,1911),
(3645,3640,3638),(3647,3640,3645),(3639,3648,3581),(3641,3644,3650),(3587,
3642,3649),(3646,3637,3595),(3644,3651,3650),(1911,3652,3643),(3654,3647,
3645),(3656,3647,3654),(3648,3655,3581),(3650,3651,3657),(3658,3659,3649),
(3659,3661,3649),(3649,3661,3663),(3663,3665,3649),(3665,3667,3649),(3649,
3667,3669),(3669,3671,3649),(3671,3673,3649),(3649,3673,3675),(3675,3677,
3649),(3677,3679,3649),(3649,3679,3681),(3649,3681,3683),(3683,3685,3649),
(3685,3687,3649),(3649,3687,3587),(3653,3646,3595),(3651,3689,3657),(3690,
3652,1911),(3692,3656,3654),(3694,3656,3692),(3655,3693,3695),(3581,3655,
3695),(3657,3689,3697),(3658,3698,3659),(3595,3691,3653),(3689,3700,3697),
(3699,3690,1911),(3701,3694,3692),(3703,3694,3701),(3695,3693,3704),(3697,
3700,3706),(3698,3705,3659),(3702,3691,3595),(3700,3707,3706),(1911,3708,
3699),(3710,3703,3701),(3712,3703,3710),(3695,3704,3711),(3706,3707,3713),
(3705,3714,3659),(3709,3702,3595),(3707,3716,3713),(3715,3708,1911),(3717,
3712,3710),(3719,3712,3717),(3711,3720,3695),(3713,3716,3722),(3659,3714,
3721),(3718,3709,3595),(3716,3723,3722),(3724,3715,1911),(3726,3719,3717),
(3728,3719,3726),(3720,3727,3695),(3722,3723,3729),(3721,3730,3659),(3725,
3718,3595),(3723,3732,3729),(1911,3731,3724),(3733,3728,3726),(3735,3728,
3733),(3695,3727,3736),(3729,3732,3738),(3730,3737,3659),(3725,3595,3734),
(3732,3739,3738),(3740,3731,1911),(3742,3735,3733),(3744,3735,3742),(3743,
3695,3736),(3738,3739,3745),(3747,3737,3746),(3737,3747,3749),(3659,3737,
3749),(3734,3751,3741),(3753,3751,3734),(3755,3753,3734),(3734,3757,3755),
(3759,3757,3734),(3761,3759,3734),(3734,3763,3761),(3765,3763,3734),(3767,
3765,3734),(3734,3769,3767),(3771,3769,3734),(3773,3771,3734),(3734,3775,
3773),(3595,3775,3734),(3739,3777,3745),(3778,3740,1911),(3780,3744,3742),
(3782,3744,3780),(3781,3783,3743),(3783,3695,3743),(3745,3777,3785),(3786,
3747,3746),(3751,3779,3741),(3777,3788,3785),(1911,3787,3778),(3789,3782,
3780),(3791,3782,3789),(3781,3792,3783),(3785,3788,3748),(3793,3790,3779),
(3779,3751,3793),(3788,3795,3748),(3796,3787,1911),(3798,3791,3789),(3800,
3791,3798),(3792,3799,3783),(3748,3795,3750),(3797,3790,3793),(3795,3801,
3750),(3802,3796,1911),(3804,3800,3798),(3806,3800,3804),(3783,3799,3805),
(3750,3801,3660),(3803,3797,3793),(3801,3807,3660),(3808,3802,1911),(3794,
3806,3804),(3810,3806,3794),(3805,3809,3783),(3660,3807,3662),(3807,3811,
3662),(3812,3808,1911),(3752,3810,3794),(3814,3810,3752),(3809,3813,3783),
(3662,3811,3664),(3811,3815,3664),(1911,3816,3812),(3754,3814,3752),(3818,
3814,3754),(3813,3817,3819),(3783,3813,3819),(3664,3815,3666),(3815,3821,
3666),(3822,3816,1911),(3756,3818,3754),(3824,3818,3756),(3819,3817,3823),
(3666,3821,3668),(3821,3825,3668),(3826,3822,3827),(3827,3822,1911),(3758,
3824,3756),(3829,3824,3758),(3819,3823,3830),(3668,3825,3670),(3825,3832,
3670),(3831,3826,3827),(3760,3829,3758),(3833,3829,3760),(3834,3819,3830),
(3670,3832,3672),(3832,3836,3672),(3827,3835,3831),(3762,3833,3760),(3837,
3833,3762),(3838,3839,3834),(3839,3819,3834),(3672,3836,3674),(3836,3841,
3674),(3842,3835,3827),(3764,3837,3762),(3844,3837,3764),(3838,3843,3839),
(3674,3841,3676),(3841,3845,3676),(3846,3842,3827),(3766,3844,3764),(3848,
3844,3766),(3843,3847,3839),(3676,3845,3678),(3845,3849,3678),(3827,3850,
3846),(3768,3848,3766),(3852,3848,3768),(3847,3851,3853),(3839,3847,3853),
(3678,3849,3680),(3849,3855,3680),(3856,3850,3827),(3770,3852,3768),(3858,
3852,3770),(3853,3851,3857),(3680,3855,3682),(3855,3859,3682),(3860,3856,
3827),(3772,3858,3770),(3862,3858,3772),(3857,3861,3853),(3682,3859,3684),
(3859,3863,3684),(3827,3864,3860),(3774,3862,3772),(3866,3862,3774),(3861,
3865,3867),(3853,3861,3867),(3684,3863,3686),(3863,3869,3686),(3870,3864,
3827),(3776,3866,3774),(3872,3866,3776),(3867,3865,3871),(3686,3869,3688),
(3873,3876,3367),(3367,3876,3369),(3874,3877,3875),(3876,3879,3369),(3875,
3881,3880),(3877,3881,3875),(3510,3883,3460),(3886,3883,3510),(3883,3887,
3460),(3884,3889,3888),(3885,3891,3884),(3891,3889,3884),(3572,3873,3367),
(3512,3886,3510),(3893,3873,3572),(3874,3894,3827),(3895,3897,3874),(3874,
3899,3895),(3897,3901,3874),(3903,3899,3874),(3874,3901,3905),(3907,3903,
3874),(3905,3909,3874),(3911,3907,3874),(3909,3913,3874),(3911,3874,3827),
(3874,3913,3915),(3874,3915,3917),(3917,3919,3874),(3919,3921,3874),(3874,
3921,3923),(3923,3925,3874),(3925,3877,3874),(3460,3887,3574),(3887,3927,
3574),(3888,3929,3928),(3931,3929,3888),(3889,3931,3888),(3570,3893,3572),
(3869,3933,3688),(3934,3870,3827),(3596,3872,3776),(3936,3872,3596),(3871,
3935,3867),(3688,3933,3588),(3369,3879,3371),(3879,3937,3371),(3880,3939,
3938),(3881,3939,3880),(3941,3886,3512),(3942,3943,3885),(3943,3891,3885),
(3377,3941,3512),(3933,3945,3588),(3827,3946,3934),(3598,3936,3596),(3948,
3936,3598),(3935,3947,3867),(3588,3945,3590),(3592,3893,3570),(3949,3893,
3592),(3827,3894,3950),(3574,3927,3952),(3929,3951,3928),(3574,3952,3600),
(3945,3953,3590),(3954,3946,3827),(3602,3948,3598),(3956,3948,3602),(3867,
3947,3955),(3590,3953,3594),(3594,3949,3592),(3953,3949,3594),(3950,3954,
3827),(3952,3956,3600),(3955,3951,3929),(3600,3956,3602),(3867,3955,3929),
(3371,3937,3373),(3937,3957,3373),(3938,3959,3958),(3939,3959,3938),(3961,
3941,3377),(3962,3963,3942),(3963,3943,3942),(3379,3961,3377),(3373,3957,
3359),(3957,3361,3359),(3958,3965,3362),(3959,3965,3958),(2467,3961,3379),
(2466,3967,3962),(3967,3963,3962),(3382,2467,3379),(3965,3969,3362),(3362,
3969,3971),(3362,3971,3973),(3973,3975,3362),(3975,3977,3362),(3362,3977,
3979),(3981,2425,3360),(3362,3983,3982),(3979,3985,3362),(3985,3983,3362),
(3987,3967,2466),(3989,3987,2466),(2466,3991,3989),(3993,3991,2466),(3995,
3993,2466),(2468,3997,2465),(3998,3999,2466),(2466,4001,3995),(2466,4003,
4001),(3999,4003,2466),(1958,4005,1960),(4008,4005,1958),(1956,4008,1958),
(2473,4009,2475),(4012,4009,2473),(2471,4012,2473),(4005,4013,1960),(4006,
4007,4015),(4014,4006,4017),(4017,4006,4015),(4009,4019,2475),(4010,4011,
4021),(4020,4010,4023),(4023,4010,4021),(4025,4008,1956),(1954,4025,1956),
(1960,4013,4028),(4027,4029,1959),(1959,4031,1961),(1959,4033,4031),(4035,
4033,1959),(4037,4035,1959),(1959,4039,4037),(4041,4039,1959),(4043,4041,
1959),(1959,4045,4043),(4047,4045,1959),(4049,4047,1959),(4051,4049,1959),
(4053,4051,1959),(1959,4055,4053),(4029,4055,1959),(4057,4012,2471),(1998,
4057,2471),(2475,4019,2477),(4007,4026,4059),(4015,4007,4059),(4013,4061,
4028),(4062,4014,4063),(4063,4014,4017),(4011,4058,4065),(4021,4011,4065),
(4019,4067,2477),(4068,4020,4069),(4069,4020,4023),(4071,4025,1954),(2076,
4071,1954),(4028,4061,4074),(4073,4075,4027),(4075,4029,4027),(4077,4057,
1998),(2000,4077,1998),(2477,4067,2479),(4026,4072,4079),(4059,4026,4079),
(4061,4081,4074),(4082,4062,4083),(4083,4062,4063),(4058,4078,4085),(4065,
4058,4085),(4067,4087,2479),(4088,4068,4089),(4089,4068,4069),(4091,4071,
2076),(2428,4091,2076),(4074,4081,4094),(4073,4093,4095),(4097,4075,4073),
(4099,4097,4073),(4073,4101,4099),(4103,4101,4073),(4105,4103,4073),(4073,
4107,4105),(4109,4107,4073),(4111,4109,4073),(4073,4113,4111),(4115,4113,
4073),(4117,4115,4073),(4073,4119,4117),(4121,4119,4073),(4095,4121,4073),
(4123,4077,2000),(2002,4123,2000),(2479,4087,2481),(4072,4092,4125),(4079,
4072,4125),(4081,4127,4094),(4128,4082,4129),(4129,4082,4083),(4078,4124,
4131),(4085,4078,4131),(4087,4133,2481),(4134,4088,4135),(4135,4088,4089),
(4137,4091,2428),(2430,4137,2428),(4094,4127,4140),(4093,4139,4095),(4141,
4123,2002),(2004,4141,2002),(2481,4133,2483),(4092,4138,4143),(4125,4092,
4143),(4127,4145,4140),(4146,4128,4147),(4147,4128,4129),(4124,4142,4149),
(4131,4124,4149),(4133,4151,2483),(4152,4134,4153),(4153,4134,4135),(4155,
4137,2430),(2432,4155,2430),(4140,4145,4158),(4095,4139,4157),(4159,4141,
2004),(2006,4159,2004),(2483,4151,2485),(4138,4156,4161),(4143,4138,4161),
(4145,4163,4158),(4164,4146,4165),(4165,4146,4147),(4142,4160,4167),(4149,
4142,4167),(4151,4169,2485),(4170,4152,4171),(4171,4152,4153),(4173,4155,
2432),(2434,4173,2432),(4158,4163,4176),(4157,4175,4095),(4177,4159,2006),
(2008,4177,2006),(2485,4169,2487),(4156,4174,4179),(4161,4156,4179),(4163,
4181,4176),(4182,4164,4183),(4183,4164,4165),(4160,4178,4185),(4167,4160,
4185),(4169,4187,2487),(4188,4170,4189),(4189,4170,4171),(4191,4173,2434),
(2436,4191,2434),(4176,4181,4194),(4175,4193,4095),(4195,4177,2008),(2010,
4195,2008),(2487,4187,2489),(4174,4192,4197),(4179,4174,4197),(4181,4199,
4194),(4200,4182,4201),(4201,4182,4183),(4178,4196,4203),(4185,4178,4203),
(4187,4205,2489),(4206,4188,4207),(4207,4188,4189),(4209,4191,2436),(2438,
4209,2436),(4194,4199,4212),(4095,4193,4211),(4213,4195,2010),(2012,4213,
2010),(2489,4205,2491),(4192,4210,4215),(4197,4192,4215),(4199,4217,4212),
(4218,4200,4219),(4219,4200,4201),(4196,4214,4221),(4203,4196,4221),(4205,
4223,2491),(4224,4206,4225),(4225,4206,4207),(4227,4209,2438),(2440,4227,
2438),(4212,4217,4230),(4211,4229,4095),(4231,4213,2012),(2014,4231,2012),
(2491,4223,2493),(4210,4228,4233),(4215,4210,4233),(4217,4235,4230),(4236,
4218,4237),(4237,4218,4219),(4214,4232,4239),(4221,4214,4239),(4223,4241,
2493),(4242,4224,4243),(4243,4224,4225),(4245,4227,2440),(2442,4245,2440),
(4230,4235,4248),(4229,4247,4095),(4249,4231,2014),(2016,4249,2014),(2493,
4241,4252),(2492,4251,2469),(4228,4246,4253),(4233,4228,4253),(4235,4255,
4248),(4256,4236,4257),(4257,4236,4237),(4232,4250,4259),(4239,4232,4259),
(4241,4261,4252),(4262,4242,4263),(4263,4242,4243),(4265,4245,2442),(2444,
4265,2442),(4248,4255,4268),(4095,4247,4267),(4269,4249,2016),(2018,4269,
2016),(4252,4261,4272),(4251,4271,4273),(2469,4251,4273),(4246,4266,4275),
(4253,4246,4275),(4255,4277,4268),(4278,4256,4279),(4279,4256,4257),(4250,
4270,4281),(4259,4250,4281),(4261,4283,4272),(4284,4262,4285),(4285,4262,
4263),(4287,4265,2444),(2446,4287,2444),(4268,4277,4290),(4267,4289,4095),
(4291,4269,2018),(1990,4291,2018),(4272,4283,4294),(4271,4293,4273),(4266,
4288,4295),(4275,4266,4295),(4277,4297,4290),(4298,4278,4299),(4299,4278,
4279),(4270,4292,4301),(4281,4270,4301),(4283,4303,4294),(4304,4284,4305),
(4305,4284,4285),(4307,4287,2446),(2448,4307,2446),(4290,4297,4310),(4289,
4309,4095),(4311,4291,1990),(1270,4311,1990),(4294,4303,4314),(4293,4313,
4315),(4273,4293,4315),(4288,4308,4317),(4295,4288,4317),(4297,4319,4310),
(4320,4298,4321),(4321,4298,4299),(4292,4312,4323),(4301,4292,4323),(4303,
4325,4314),(4326,4304,4327),(4327,4304,4305),(4329,4307,2448),(2450,4329,
2448),(4310,4319,4332),(4095,4309,4331),(4333,4311,1270),(1272,4333,1270),
(4314,4325,4336),(4313,4335,4337),(4315,4313,4337),(4308,4330,4339),(4317,
4308,4339),(4319,4341,4332),(4342,4320,4343),(4343,4320,4321),(4312,4334,
4345),(4323,4312,4345),(4325,4347,4336),(4348,4326,4349),(4349,4326,4327),
(4351,4329,2450),(2452,4351,2450),(4332,4341,4354),(4331,4353,4095),(4355,
4333,1272),(1274,4355,1272),(4336,4347,4358),(4337,4335,4357),(4330,4352,
4359),(4339,4330,4359),(4341,4361,4354),(4362,4342,4363),(4363,4342,4343),
(4334,4356,4365),(4345,4334,4365),(4347,4367,4358),(4368,4348,4369),(4369,
4348,4349),(4371,4351,2452),(2454,4371,2452),(4354,4361,4374),(4353,4373,
4095),(4375,4355,1274),(1268,4375,1274),(4358,4367,4378),(4357,4377,4337),
(4352,4372,4379),(4359,4352,4379),(4361,4381,4374),(4382,4362,4383),(4383,
4362,4363),(4356,4376,4385),(4365,4356,4385),(4367,4387,4378),(4388,4368,
4389),(4389,4368,4369),(4391,4371,2454),(2456,4391,2454),(4374,4381,4394),
(4373,4393,4095),(4395,4375,1268),(1316,4395,1268),(4378,4387,4398),(4377,
4397,4337),(4372,4392,4399),(4379,4372,4399),(4381,4401,4394),(4402,4382,
4403),(4403,4382,4383),(4376,4396,4405),(4385,4376,4405),(4387,4407,4398),
(4408,4388,4409),(4409,4388,4389),(4411,4391,2456),(2458,4411,2456),(4394,
4401,4414),(4393,4413,4095),(4415,4395,1316),(1964,4415,1316),(4398,4407,
4418),(4397,4417,4337),(4392,4412,4419),(4399,4392,4419),(4401,4421,4414),
(4422,4402,4423),(4423,4402,4403),(4396,4416,4425),(4405,4396,4425),(4407,
4427,4418),(4428,4408,4429),(4429,4408,4409),(4431,4411,2458),(2460,4431,
2458),(4414,4421,4434),(4095,4413,4433),(4435,4415,1964),(1966,4435,1964),
(4418,4427,4438),(4337,4417,4437),(4412,4432,4439),(4419,4412,4439),(4421,
4441,4434),(4442,4422,4443),(4443,4422,4423),(4416,4436,4445),(4425,4416,
4445),(4427,4447,4438),(4448,4428,4449),(4449,4428,4429),(4018,3896,4064),
(3898,3896,4018),(4016,3898,4018),(4024,2691,4070),(2693,2691,4024),(4022,
2693,4024),(3896,3900,4064),(2691,2871,4070),(3902,3898,4016),(4060,3902,
4016),(4064,3900,4084),(4451,2693,4022),(4066,4451,4022),(4070,2871,4090),
(3900,3904,4084),(4452,4453,2692),(4453,2694,2692),(2871,3566,4090),(3906,
3902,4060),(4080,3906,4060),(4084,3904,4130),(4455,4451,4066),(4086,4455,
4066),(4090,3566,4136),(3904,3908,4130),(4456,4457,4452),(4457,4453,4452),
(3566,3584,4136),(3910,3906,4080),(4126,3910,4080),(4130,3908,4148),(4459,
4455,4086),(4132,4459,4086),(4136,3584,4154),(3908,3912,4148),(4456,4460,
4457),(3584,3582,4154),(3914,3910,4126),(4144,3914,4126),(4148,3912,4166),
(4462,4459,4132),(4150,4462,4132),(4154,3582,4172),(3912,3828,4166),(4460,
4461,4457),(3582,3696,4172),(3916,3914,4144),(4162,3916,4144),(4166,3828,
4184),(4463,4462,4150),(4168,4463,4150),(4172,3696,4190),(3828,1912,4184),
(4457,4461,4464),(3696,3784,4190),(4465,4431,2460),(2462,4465,2460),(4434,
4441,4468),(4433,4467,4095),(4469,4435,1966),(1968,4469,1966),(4438,4447,
4472),(4437,4471,4337),(4432,4466,4473),(4439,4432,4473),(4441,4475,4468),
(4476,4442,4477),(4477,4442,4443),(4436,4470,4479),(4445,4436,4479),(4447,
4481,4472),(4482,4448,4483),(4483,4448,4449),(3918,3916,4162),(4180,3918,
4162),(4184,1912,4202),(4485,4463,4168),(4186,4485,4168),(4190,3784,4208),
(1912,1914,4202),(4487,4464,4486),(4457,4464,4487),(3784,3820,4208),(3920,
3918,4180),(4198,3920,4180),(4202,1914,4220),(4489,4485,4186),(4204,4489,
4186),(4208,3820,4226),(1914,1916,4220),(4486,4490,4487),(3820,3840,4226),
(3922,3920,4198),(4216,3922,4198),(4220,1916,4238),(4492,4489,4204),(4222,
4492,4204),(4226,3840,4244),(1916,1918,4238),(4490,4491,4487),(3840,3854,
4244),(3924,3922,4216),(4234,3924,4216),(4238,1918,4258),(4493,4492,4222),
(4240,4493,4222),(4244,3854,4264),(1918,1920,4258),(4487,4491,4494),(3854,
3868,4264),(4495,4465,2462),(2464,4495,2462),(4468,4475,4498),(4467,4497,
4095),(4499,4469,1968),(1970,4499,1968),(4472,4481,4502),(4471,4501,4337),
(4466,4496,4503),(4473,4466,4503),(4475,4505,4498),(4506,4476,4507),(4507,
4476,4477),(4470,4500,4509),(4479,4470,4509),(4481,4511,4502),(4512,4482,
4513),(4513,4482,4483),(3926,3924,4234),(4254,3926,4234),(4258,1920,4280),
(4515,4493,4240),(4260,4515,4240),(4264,3868,4286),(1920,1922,4280),(4494,
4516,4487),(3868,3930,4286),(3878,3926,4254),(4276,3878,4254),(4280,1922,
4300),(4518,4515,4260),(4282,4518,4260),(4286,3930,4306),(1922,1924,4300),
(4516,4517,4487),(3930,3932,4306),(4519,4495,2464),(4521,4519,2464),(4522,
2463,2426),(4498,4505,4524),(4095,4497,4523),(4525,4499,1970),(1972,4525,
1970),(4502,4511,4528),(4337,4501,4527),(4496,4520,4529),(4503,4496,4529),
(4505,4531,4524),(4532,4506,4533),(4533,4506,4507),(4500,4526,4535),(4509,
4500,4535),(4511,4537,4528),(4538,4512,4539),(4539,4512,4513),(3882,3878,
4276),(4296,3882,4276),(4300,1924,4322),(4541,4518,4282),(4302,4541,4282),
(4306,3932,4328),(1924,1578,4322),(4542,4543,4517),(4487,4517,4545),(4517,
4547,4545),(4517,4549,4547),(4551,4549,4517),(4553,4551,4517),(4517,4555,
4553),(4543,4555,4517),(3932,3890,4328),(3940,3882,4296),(4318,3940,4296),
(4322,1578,4344),(4557,4541,4302),(4324,4557,4302),(4328,3890,4350),(1578,
1586,4344),(4542,4558,4559),(4561,4543,4542),(4563,4561,4542),(4542,4565,
4563),(4567,4565,4542),(4569,4567,4542),(4569,4542,4559),(3890,3892,4350),
(3960,3940,4318),(4340,3960,4318),(4344,1586,4364),(4571,4557,4324),(4346,
4571,4324),(4350,3892,4370),(1586,2547,4364),(4559,4558,4572),(3892,3944,
4370),(4573,4519,4521),(4575,4573,4521),(4576,4522,2426),(4524,4531,4578),
(4523,4577,4095),(4579,4525,1972),(1974,4579,1972),(4528,4537,4582),(4527,
4581,4337),(4520,4574,4583),(4529,4520,4583),(4531,4585,4578),(4586,4532,
4587),(4587,4532,4533),(4526,4580,4589),(4535,4526,4589),(4537,4591,4582),
(4592,4538,4593),(4593,4538,4539),(3966,3960,4340),(4360,3966,4340),(4364,
2547,4384),(4595,4571,4346),(4366,4595,4346),(4370,3944,4390),(2547,2549,
4384),(4572,4596,4559),(3944,3964,4390),(3970,3966,4360),(4380,3970,4360),
(4384,2549,4404),(4598,4595,4366),(4386,4598,4366),(4390,3964,4410),(2549,
2551,4404),(4596,4597,4559),(3964,3968,4410),(4599,4573,4575),(4601,4599,
4575),(2426,4602,4576),(4578,4585,4604),(4577,4603,4095),(4605,4579,1974),
(1976,4605,1974),(4582,4591,4608),(4581,4607,4337),(4574,4600,4609),(4583,
4574,4609),(4585,4611,4604),(4612,4586,4613),(4613,4586,4587),(4580,4606,
4615),(4589,4580,4615),(4591,4617,4608),(4618,4592,4619),(4619,4592,4593),
(3972,3970,4380),(4400,3972,4380),(4404,2551,4424),(4621,4598,4386),(4406,
4621,4386),(4410,3968,4430),(2551,2553,4424),(4559,4597,4622),(3968,3988,
4430),(3974,3972,4400),(4420,3974,4400),(4424,2553,4444),(4624,4621,4406),
(4426,4624,4406),(4430,3988,4450),(2553,2555,4444),(4559,4622,4623),(3988,
3990,4450),(4625,4599,4601),(4627,4625,4601),(4628,4602,2426),(4604,4611,
4630),(4095,4603,4629),(4631,4605,1976),(1978,4631,1976),(4608,4617,4634),
(4337,4607,4633),(4600,4626,4635),(4609,4600,4635),(4611,4637,4630),(4638,
4612,4639),(4639,4612,4613),(4606,4632,4641),(4615,4606,4641),(4617,4643,
4634),(4644,4618,4645),(4645,4618,4619),(3976,3974,4420),(4440,3976,4420),
(4444,2555,4478),(4647,4624,4426),(4446,4647,4426),(4450,3990,4484),(2555,
2545,4478),(4623,4648,4559),(3990,3992,4484),(3978,3976,4440),(4474,3978,
4440),(4478,2545,4508),(4650,4647,4446),(4480,4650,4446),(4484,3992,4514),
(2545,2697,4508),(4648,4649,4559),(3992,3994,4514),(4651,4625,4627),(4654,
4628,2426),(4653,4651,4627),(4630,4637,4656),(4629,4655,4095),(4657,4631,
1978),(1980,4657,1978),(4634,4643,4660),(4633,4659,4337),(4626,4652,4661),
(4635,4626,4661),(4637,4663,4656),(4664,4638,4665),(4665,4638,4639),(4632,
4658,4667),(4641,4632,4667),(4643,4669,4660),(4670,4644,4671),(4671,4644,
4645),(3980,3978,4474),(4504,3980,4474),(4508,2697,4534),(4673,4650,4480),
(4510,4673,4480),(4514,3994,4540),(2697,2699,4534),(4559,4649,4674),(3994,
3996,4540),(4676,2425,3981),(4677,4654,2426),(4679,4677,2426),(4681,2425,
4676),(4682,4683,2426),(2426,4685,4679),(4683,4685,2426),(3997,2468,4274),
(3983,4687,3982),(4675,3982,4689),(3982,4687,4691),(4691,4693,3982),(4693,
4695,3982),(3982,4695,4697),(4689,3982,4697),(3997,4274,4699),(4700,4701,
3998),(4703,3999,3998),(4705,4703,3998),(4707,4705,3998),(4709,4707,3998),
(3998,4711,4709),(4701,4711,3998),(4713,4651,4653),(4678,4713,4653),(4656,
4663,4716),(4655,4715,4095),(4717,4657,1980),(1982,4717,1980),(4660,4669,
4720),(4659,4719,4337),(4652,4714,4721),(4661,4652,4721),(4663,4723,4716),
(4724,4664,4725),(4725,4664,4665),(4658,4718,4727),(4667,4658,4727),(4669,
4729,4720),(4730,4670,4731),(4731,4670,4671),(3986,3980,4504),(4530,3986,
4504),(4534,2699,4588),(4733,4673,4510),(4536,4733,4510),(4540,3996,4594),
(2699,2701,4588),(4674,4734,4559),(3996,4002,4594),(3984,3986,4530),(4584,
3984,4530),(4588,2701,4614),(4736,4733,4536),(4590,4736,4536),(4594,4002,
4620),(2701,2703,4614),(4734,4735,4559),(4002,4004,4620),(4737,4713,4678),
(4680,4737,4678),(4716,4723,4740),(4715,4739,4095),(4741,4717,1982),(1962,
4741,1982),(4720,4729,4744),(4337,4719,4743),(4714,4738,4745),(4721,4714,
4745),(4723,4747,4740),(4748,4724,4749),(4749,4724,4725),(4718,4742,4751),
(4727,4718,4751),(4729,4753,4744),(4754,4730,4755),(4755,4730,4731),(4688,
3984,4584),(4610,4688,4584),(4614,2703,4640),(4757,4736,4590),(4616,4757,
4590),(4620,4004,4646),(2703,2705,4640),(4559,4735,4758),(4004,4000,4646),
(4760,4681,4676),(4761,4681,4760),(4762,4763,4682),(4763,4683,4682),(4274,
4316,4699),(4759,4675,4765),(4765,4675,4689),(4699,4316,4767),(4768,4769,
4700),(4769,4701,4700),(4692,4688,4610),(4636,4692,4610),(4640,2705,4666),
(4771,4757,4616),(4642,4771,4616),(4646,4000,4672),(2705,2707,4666),(4758,
4772,4559),(4000,4704,4672),(4773,4737,4680),(4686,4773,4680),(4740,4747,
4776),(4095,4739,4775),(4777,4741,1962),(4032,4777,1962),(4744,4753,4780),
(4743,4779,4337),(4738,4774,4781),(4745,4738,4781),(4747,4783,4776),(4784,
4748,4785),(4785,4748,4749),(4742,4778,4787),(4751,4742,4787),(4753,4789,
4780),(4790,4754,4791),(4791,4754,4755),(4694,4692,4636),(4662,4694,4636),
(4666,2707,4726),(4793,4771,4642),(4668,4793,4642),(4672,4704,4732),(2707,
2709,4726),(4772,4794,4559),(4704,4706,4732),(4795,4773,4686),(4684,4795,
4686),(4776,4783,4798),(4775,4797,4095),(4799,4777,4032),(4034,4799,4032),
(4780,4789,4802),(4779,4801,4337),(4774,4796,4803),(4781,4774,4803),(4783,
4805,4798),(4806,4784,4807),(4807,4784,4785),(4778,4800,4809),(4787,4778,
4809),(4789,4811,4802),(4812,4790,4813),(4813,4790,4791),(4696,4694,4662),
(4722,4696,4662),(4726,2709,4750),(4815,4793,4668),(4728,4815,4668),(4732,
4706,4756),(2709,2711,4750),(4559,4794,4816),(4706,4708,4756),(4818,4761,
4760),(4762,4819,4763),(4821,4761,4818),(4822,4823,4762),(4823,4819,4762),
(4316,4338,4767),(4759,4825,4817),(4765,4827,4759),(4827,4825,4759),(4767,
4338,4829),(4830,4831,4768),(4768,4833,4769),(4831,4833,4768),(4698,4696,
4722),(4746,4698,4722),(4750,2711,4786),(4835,4815,4728),(4752,4835,4728),
(4756,4708,4792),(2711,2713,4786),(4559,4816,4836),(4708,4710,4792),(4837,
4795,4684),(4764,4837,4684),(4798,4805,4840),(4797,4839,4095),(4841,4799,
4034),(4036,4841,4034),(4802,4811,4844),(4337,4801,4843),(4796,4838,4845),
(4803,4796,4845),(4805,4847,4840),(4848,4806,4849),(4849,4806,4807),(4800,
4842,4851),(4809,4800,4851),(4811,4853,4844),(4854,4812,4855),(4855,4812,
4813),(4690,4698,4746),(4782,4690,4746),(4786,2713,4808),(4857,4835,4752),
(4788,4857,4752),(4792,4710,4814),(2713,2715,4808),(4836,4858,4559),(4710,
4712,4814),(4859,4837,4764),(4820,4859,4764),(4840,4847,4862),(4095,4839,
4861),(4863,4841,4036),(4038,4863,4036),(4844,4853,4866),(4843,4865,4337),
(4838,4860,4867),(4845,4838,4867),(4869,4848,4849),(4847,4871,4862),(4872,
4848,4869),(4842,4864,4873),(4851,4842,4873),(4875,4854,4855),(4853,4877,
4866),(4878,4854,4875),(4766,4690,4782),(4804,4766,4782),(4808,2715,4850),
(4879,4857,4788),(4810,4879,4788),(4814,4712,4856),(2715,2717,4850),(4858,
4880,4559),(4712,4702,4856),(4882,4821,4818),(4883,4823,4822),(4885,4821,
4882),(4886,4883,4822),(4338,4888,4829),(4865,4889,4337),(4337,4889,4887),
(4825,4891,4817),(4817,4891,4881),(4829,4888,4893),(4894,4895,4830),(4895,
4831,4830),(4828,4766,4804),(4846,4828,4804),(4850,2717,4870),(4897,4879,
4810),(4852,4897,4810),(4856,4702,4876),(2717,2719,4870),(4559,4880,4898),
(4702,4770,4876),(4899,4859,4820),(4824,4899,4820),(4862,4871,4902),(4861,
4901,4095),(4903,4863,4038),(4040,4903,4038),(4866,4877,4890),(4860,4900,
4905),(4867,4860,4905),(4907,4872,4869),(4871,4909,4902),(4910,4872,4907),
(4864,4904,4911),(4873,4864,4911),(4913,4878,4875),(4877,4915,4890),(4916,
4878,4913),(4826,4828,4846),(4868,4826,4846),(4870,2719,4908),(4917,4897,
4852),(4874,4917,4852),(4876,4770,4914),(2719,2721,4908),(4898,4918,4559),
(4770,4834,4914),(4919,4899,4824),(4884,4919,4824),(4902,4909,4922),(4901,
4921,4095),(4923,4903,4040),(4042,4923,4040),(4890,4915,4926),(4889,4925,
4887),(4905,4900,4927),(4900,4920,4927),(4929,4910,4907),(4931,4910,4929),
(4909,4932,4922),(4911,4904,4933),(4904,4924,4933),(4935,4916,4913),(4937,
4916,4935),(4915,4938,4926),(4892,4826,4868),(4906,4892,4868),(4908,2721,
4930),(4939,4917,4874),(4912,4939,4874),(4914,4834,4936),(2721,2723,4930),
(4918,4940,4559),(4834,4832,4936),(4942,4885,4882),(4943,4883,4886),(4945,
4943,4886),(4946,4885,4942),(4888,4947,4893),(4887,4925,4948),(4891,4949,
4881),(4881,4949,4941),(4951,4895,4894),(4953,4951,4894),(4893,4947,4954),
(4950,4892,4906),(4928,4950,4906),(4930,2723,4955),(4956,4931,4929),(4957,
4939,4912),(4934,4957,4912),(4936,4832,4959),(4960,4937,4935),(2723,2725,
4955),(4559,4940,4958),(4832,4896,4959),(4962,4919,4884),(4944,4962,4884),
(4922,4932,4963),(4095,4921,4964),(4966,4923,4042),(4044,4966,4042),(4926,
4938,4967),(4925,4968,4948),(4927,4920,4969),(4920,4961,4969),(4971,4931,
4956),(4932,4972,4963),(4933,4924,4973),(4924,4965,4973),(4975,4937,4960),
(4938,4976,4967),(4977,4950,4928),(4970,4977,4928),(4955,2725,4979),(4980,
4971,4956),(4981,4957,4934),(4974,4981,4934),(4959,4896,4983),(4984,4975,
4960),(4949,4978,4941),(2725,2695,4979),(4958,4982,4559),(4896,4952,4983),
(4986,4962,4944),(4987,4943,4945),(4988,4986,4944),(4963,4972,4989),(4964,
4990,4095),(4992,4966,4044),(4046,4992,4044),(4967,4976,4993),(4948,4968,
4995),(4968,4994,4995),(4969,4961,4997),(4961,4985,4997),(4999,4977,4970),
(4998,4999,4970),(5001,4971,4980),(4979,2695,5003),(5004,5001,4980),(4972,
5002,4989),(4973,4965,5005),(4965,4991,5005),(5007,4981,4974),(5006,5007,
4974),(5009,4975,4984),(4983,4952,5011),(5012,5009,4984),(4976,5010,4993),
(4941,4978,5013),(4978,5000,5013),(2695,4454,5003),(4982,5008,4559),(5015,
4951,4953),(4952,5016,5011),(5014,4946,4942),(5017,4987,4945),(5018,4946,
5014),(4947,4996,4954),(5019,5015,4953),(4954,4996,5020),(5021,4999,4998),
(4997,4985,5023),(5024,5021,4998),(5003,4454,5025),(5027,5001,5004),(5026,
5027,5004),(5029,5007,5006),(5005,4991,5031),(5032,5029,5006),(5011,5016,
5033),(5035,5009,5012),(5034,5035,5012),(5013,5000,5022),(4454,4458,5025),
(4559,5008,5030),(5016,5037,5033),(5038,5015,5019),(5039,4986,4988),(5041,
5039,4988),(5042,4987,5017),(4989,5002,5044),(4990,5043,4095),(5045,4992,
4046),(4048,5045,4046),(4993,5010,5048),(4995,4994,5047),(4985,5040,5023),
(5002,5028,5044),(4991,5046,5031),(5010,5036,5048),(5049,5021,5024),(5051,
5049,5024),(5023,5040,5052),(5025,4458,5054),(5053,5055,5026),(5055,5027,
5026),(5057,5029,5032),(5059,5057,5032),(5031,5046,5060),(5033,5037,5062),
(5061,5063,5034),(5063,5035,5034),(5022,5050,5065),(5013,5022,5065),(4458,
5067,5054),(5068,4457,4487),(5030,5058,4559),(5037,5069,5062),(5070,5038,
5019),(5072,5049,5051),(5040,5073,5052),(5075,5072,5051),(5052,5073,5076),
(5054,5067,5078),(5077,5079,5053),(5079,5055,5053),(5081,5057,5059),(5046,
5083,5060),(5085,5081,5059),(5060,5083,5086),(5062,5069,5088),(5087,5089,
5061),(5089,5063,5061),(5050,5071,5091),(5065,5050,5091),(5067,5093,5078),
(5068,4487,5094),(5058,5082,4559),(5095,5070,5019),(5069,5097,5088),(5098,
5070,5095),(5074,5039,5041),(5099,5042,5017),(5100,5074,5041),(5044,5028,
5101),(4095,5043,5102),(5084,5045,4048),(4050,5084,4048),(5048,5036,5103),
(4995,5047,5105),(5047,5104,5105),(5028,5056,5101),(5036,5064,5103),(5066,
5018,5014),(5107,5099,5017),(5108,5018,5066),(4996,5106,5020),(5020,5106,
5096),(5109,5072,5075),(5073,5111,5076),(5113,5109,5075),(5076,5111,5114),
(5078,5093,5116),(5115,5117,5077),(5117,5079,5077),(5119,5081,5085),(5083,
5121,5086),(5123,5119,5085),(5086,5121,5124),(5088,5097,5126),(5125,5127,
5087),(5127,5089,5087),(5071,5110,5129),(5091,5071,5129),(5093,5131,5116),
(5094,5133,5132),(4487,5135,5094),(5094,5135,5137),(5137,5139,5094),(5139,
5141,5094),(5141,5143,5094),(5094,5143,5145),(5145,5147,5094),(5147,5133,
5094),(4559,5082,5120),(5097,5149,5126),(5150,5098,5151),(5151,5098,5095),
(5112,5074,5100),(5153,5112,5100),(5154,5099,5107),(5101,5056,5156),(5102,
5155,4095),(5122,5084,4050),(4052,5122,4050),(5103,5064,5158),(5104,5157,
5159),(5105,5104,5159),(5056,5080,5156),(5064,5090,5158),(5161,5109,5113),
(5163,5161,5113),(5114,5165,5164),(5111,5165,5114),(5116,5131,5167),(5168,
5169,5115),(5169,5117,5115),(5171,5119,5123),(5173,5171,5123),(5124,5175,
5174),(5121,5175,5124),(5126,5149,5177),(5178,5179,5125),(5179,5127,5125),
(5129,5110,5162),(5131,5181,5167),(5132,5183,5182),(5133,5185,5132),(5132,
5185,5187),(5187,5189,5132),(5189,5191,5132),(5132,5191,5193),(5193,5195,
5132),(5195,5183,5132),(5172,5197,5120),(5199,4559,5120),(5199,5120,5201),
(5120,5203,5201),(5197,5203,5120),(5149,5205,5177),(5207,5206,5150),(5207,
5150,5151),(5209,5161,5163),(5211,5209,5163),(5164,5213,5212),(5165,5213,
5164),(5167,5181,5215),(5216,5217,5168),(5217,5169,5168),(5219,5171,5173),
(5221,5219,5173),(5174,5223,5222),(5175,5223,5174),(5177,5205,5225),(5226,
5227,5178),(5227,5179,5178),(5162,5210,5229),(5129,5162,5229),(5181,5231,
5215),(5182,5233,5232),(5183,5235,5182),(5182,5235,5237),(5182,5237,5239),
(5241,5182,5239),(5241,5243,5182),(5243,5233,5182),(5220,5245,5172),(5172,
5247,5197),(5249,5247,5172),(5251,5249,5172),(5172,5253,5251),(5172,5255,
5253),(5245,5255,5172),(5205,5257,5225),(5258,5206,5207),(5166,5112,5153),
(5259,5154,5107),(5261,5166,5153),(5262,5154,5259),(5156,5080,5264),(5155,
5263,4095),(5176,5122,4052),(4054,5176,4052),(5158,5090,5266),(5157,5265,
5267),(5159,5157,5267),(5080,5118,5264),(5090,5128,5266),(5092,5108,5066),
(5260,5108,5092),(5106,5160,5096),(5096,5160,5152),(5269,5209,5211),(5271,
5269,5211),(5212,5273,5272),(5213,5273,5212),(5215,5231,5275),(5276,5277,
5216),(5277,5217,5216),(5279,5219,5221),(5281,5279,5221),(5222,5283,5282),
(5223,5283,5222),(5225,5257,5285),(5286,5287,5226),(5287,5227,5226),(5210,
5270,5289),(5229,5210,5289),(5231,5291,5275),(5292,5232,5293),(5233,5295,
5232),(5232,5295,5297),(5232,5297,5299),(5293,5232,5299),(5280,5301,5220),
(5303,5245,5220),(5305,5303,5220),(5220,5307,5305),(5301,5307,5220),(5257,
5309,5285),(5310,5258,5311),(5311,5258,5207),(5214,5166,5261),(5313,5262,
5259),(5315,5214,5261),(5316,5262,5313),(5264,5118,5318),(4095,5263,5317),
(5224,5176,4054),(4056,5224,4054),(5266,5128,5320),(5265,5319,5267),(5118,
5170,5318),(5128,5180,5320),(5321,5269,5271),(5323,5321,5271),(5272,5325,
5324),(5273,5325,5272),(5275,5291,5327),(5328,5329,5276),(5329,5277,5276),
(5331,5279,5281),(5333,5331,5281),(5282,5335,5334),(5283,5335,5282),(5285,
5309,5337),(5338,5339,5286),(5339,5287,5286),(5270,5322,5341),(5289,5270,
5341),(5291,5343,5327),(5292,5345,5344),(5347,5292,5293),(5347,5349,5292),
(5349,5345,5292),(5280,5332,5351),(5353,5301,5280),(5355,5353,5280),(5355,
5280,5351),(5309,5357,5337),(5358,5310,5359),(5359,5310,5311),(5361,5321,
5323),(5363,5361,5323),(5324,5365,5364),(5325,5365,5324),(5327,5343,5367),
(5368,5369,5328),(5369,5329,5328),(5371,5331,5333),(5373,5371,5333),(5334,
5375,5374),(5335,5375,5334),(5337,5357,5377),(5378,5379,5338),(5379,5339,
5338),(5322,5362,5341),(5343,5381,5367),(5344,5383,5382),(5345,5385,5344),
(5344,5385,5387),(5387,5383,5344),(5372,5389,5332),(5351,5332,5391),(5332,
5393,5391),(5389,5393,5332),(5357,5395,5377),(5396,5358,5397),(5397,5358,
5359),(5130,5260,5092),(5314,5260,5130),(5160,5268,5152),(5152,5268,5208),
(5274,5214,5315),(5399,5274,5315),(5400,5316,5313),(5318,5170,5402),(5317,
5401,4095),(5284,5224,4056),(4030,5284,4056),(5320,5180,5404),(5319,5403,
5405),(5267,5319,5405),(5170,5218,5402),(5180,5228,5404),(5407,5361,5363),
(5409,5407,5363),(5364,5411,5410),(5365,5411,5364),(5367,5381,5413),(5414,
5415,5368),(5415,5369,5368),(5417,5371,5373),(5419,5417,5373),(5374,5421,
5420),(5375,5421,5374),(5377,5395,5423),(5424,5425,5378),(5425,5379,5378),
(5362,5408,5427),(5341,5362,5427),(5381,5429,5413),(5382,5431,5430),(5383,
5433,5382),(5433,5435,5382),(5382,5435,5437),(5437,5439,5382),(5439,5431,
5382),(5418,5441,5372),(5443,5389,5372),(5445,5443,5372),(5372,5447,5445),
(5449,5447,5372),(5441,5449,5372),(5395,5451,5423),(5452,5396,5397),(5326,
5274,5399),(5453,5400,5313),(5455,5326,5399),(5456,5400,5453),(5402,5218,
5458),(5401,5457,4095),(5336,5284,4030),(4076,5336,4030),(5404,5228,5460),
(5403,5459,5461),(5405,5403,5461),(5218,5278,5458),(5228,5288,5460),(5463,
5407,5409),(5465,5463,5409),(5410,5467,5466),(5411,5467,5410),(5413,5429,
5469),(5470,5471,5414),(5471,5415,5414),(5473,5417,5419),(5475,5473,5419),
(5420,5477,5476),(5421,5477,5420),(5423,5451,5479),(5480,5481,5424),(5481,
5425,5424),(5408,5464,5483),(5427,5408,5483),(5429,5485,5469),(5487,5486,
5430),(5431,5489,5430),(5430,5489,5491),(5491,5487,5430),(5474,5493,5418),
(5495,5441,5418),(5493,5495,5418),(5451,5497,5479),(5498,5452,5499),(5499,
5452,5397),(5501,5463,5465),(5503,5501,5465),(5466,5505,5504),(5467,5505,
5466),(5469,5485,5507),(5508,5509,5470),(5509,5471,5470),(5511,5473,5475),
(5513,5511,5475),(5476,5515,5514),(5477,5515,5476),(5479,5497,5517),(5518,
5519,5480),(5519,5481,5480),(5483,5464,5502),(5485,5521,5507),(5522,5486,
5487),(5512,5523,5474),(5523,5493,5474),(5497,5525,5517),(5527,5526,5498),
(5527,5498,5499),(5230,5314,5130),(5454,5314,5230),(5268,5406,5208),(5208,
5406,5312),(5366,5326,5455),(5529,5366,5455),(5530,5456,5531),(5531,5456,
5453),(5458,5278,5533),(4095,5457,5534),(5376,5336,4076),(4098,5376,4076),
(5460,5288,5536),(5459,5535,5537),(5461,5459,5537),(5278,5330,5533),(5288,
5340,5536),(5539,5501,5503),(5541,5539,5503),(5504,5543,5542),(5505,5543,
5504),(5507,5521,5545),(5546,5547,5508),(5547,5509,5508),(5549,5511,5513),
(5551,5549,5513),(5514,5553,5552),(5515,5553,5514),(5517,5525,5555),(5556,
5557,5518),(5557,5519,5518),(5502,5540,5559),(5483,5502,5559),(5521,5561,
5545),(5562,5522,5563),(5563,5522,5487),(5550,5565,5512),(5565,5523,5512),
(5525,5567,5555),(5568,5526,5527),(5570,5539,5541),(5571,5570,5541),(5542,
5573,5572),(5543,5573,5542),(5545,5561,5575),(5576,5577,5546),(5577,5547,
5546),(5579,5549,5551),(5581,5579,5551),(5552,5583,5582),(5553,5583,5552),
(5555,5567,5585),(5586,5587,5556),(5587,5557,5556),(5540,5569,5589),(5559,
5540,5589),(5561,5591,5575),(5592,5562,5593),(5593,5562,5563),(5580,5595,
5550),(5595,5565,5550),(5567,5597,5585),(5598,5568,5599),(5599,5568,5527),
(5412,5366,5529),(5601,5412,5529),(5603,5602,5530),(5603,5530,5531),(5533,
5330,5605),(5534,5606,4095),(5422,5376,4098),(4100,5422,4098),(5536,5340,
5608),(5537,5535,5607),(5330,5370,5605),(5340,5380,5608),(4546,5609,4488),
(5609,5611,4488),(4488,5611,5613),(5615,4488,5613),(5615,5617,4488),(5617,
5619,4488),(5619,5621,4488),(4488,5621,5623),(5623,5625,4488),(5625,5627,
4488),(4488,5627,5629),(5629,5631,4488),(5631,5633,4488),(4488,5633,5635),
(4488,5635,5637),(5639,4488,5637),(5639,5641,4488),(5641,5643,4488),(4488,
5643,5645),(5645,5647,4488),(5647,5649,4488),(4488,5649,5651),(5651,5653,
4488),(5653,5655,4488),(4488,5655,5657),(5657,5659,4488),(5659,5661,4488),
(5661,5663,4488),(4488,5663,5665),(5665,5667,4488),(5667,5669,4488),(4488,
5669,5671),(5671,5673,4488),(5673,5675,4488),(4488,5675,5677),(4488,5677,
5679),(5681,4488,5679),(5681,5683,4488),(5683,5685,4488),(4488,5685,5687),
(5687,5689,4488),(4488,5689,5691),(5694,4488,5691),(5136,4488,5694),(5695,
5609,4546),(5697,5695,4546),(4546,5699,5697),(5701,5699,4546),(5703,5701,
4546),(4546,5705,5703),(5707,5705,4546),(5709,5707,4546),(5711,5709,4546),
(4546,5713,5711),(5715,5713,4546),(5717,5715,4546),(5719,5717,4546),(5721,
5719,4546),(4546,5723,5721),(5725,5723,4546),(5727,5725,4546),(5727,4546,
5729),(4546,5731,5729),(4546,5733,5731),(5735,5733,4546),(5737,5735,4546),
(4546,5739,5737),(5741,5739,4546),(5743,5741,4546),(4546,5745,5743),(5747,
5745,4546),(5749,5747,4546),(4546,5751,5749),(5753,5751,4546),(5755,5753,
4546),(4546,5757,5755),(5759,5757,4546),(5761,5759,4546),(4546,5763,5761),
(5765,5763,4546),(5767,5765,4546),(4546,5769,5767),(5771,5769,4546),(5773,
5771,4546),(4546,5775,5773),(5777,5775,4546),(5779,5777,4546),(5779,4546,
4548),(5612,5610,5781),(5612,5781,5614),(5696,5784,5610),(5610,5785,5781),
(5784,5785,5610),(5698,5788,5696),(5788,5784,5696),(5614,5789,5616),(5781,
5789,5614),(5700,5792,5698),(5792,5788,5698),(5616,5793,5618),(5789,5793,
5616),(5702,5796,5700),(5796,5792,5700),(5618,5797,5620),(5793,5797,5618),
(5704,5800,5702),(5800,5796,5702),(5620,5801,5622),(5797,5801,5620),(5706,
5804,5704),(5804,5800,5704),(5622,5805,5624),(5801,5805,5622),(5708,5808,
5706),(5808,5804,5706),(5624,5809,5626),(5805,5809,5624),(5710,5812,5708),
(5812,5808,5708),(5626,5813,5628),(5809,5813,5626),(5712,5816,5710),(5816,
5812,5710),(5628,5817,5630),(5813,5817,5628),(5714,5820,5712),(5820,5816,
5712),(5630,5821,5632),(5817,5821,5630),(5716,5824,5714),(5824,5820,5714),
(5632,5825,5634),(5821,5825,5632),(5718,5828,5716),(5828,5824,5716),(5634,
5829,5636),(5825,5829,5634),(5720,5832,5718),(5832,5828,5718),(5636,5833,
5638),(5829,5833,5636),(5722,5836,5720),(5836,5832,5720),(5638,5837,5640),
(5833,5837,5638),(5724,5840,5722),(5840,5836,5722),(5640,5841,5642),(5837,
5841,5640),(5726,5844,5724),(5844,5840,5724),(5642,5845,5644),(5841,5845,
5642),(5728,5848,5726),(5848,5844,5726),(5644,5849,5646),(5845,5849,5644),
(5730,5852,5728),(5852,5848,5728),(5646,5853,5648),(5849,5853,5646),(5732,
5856,5730),(5856,5852,5730),(5648,5857,5650),(5853,5857,5648),(5734,5860,
5732),(5860,5856,5732),(5650,5861,5652),(5857,5861,5650),(5736,5864,5734),
(5864,5860,5734),(5652,5865,5654),(5861,5865,5652),(5738,5868,5736),(5868,
5864,5736),(5654,5869,5656),(5865,5869,5654),(5740,5872,5738),(5872,5868,
5738),(5656,5873,5658),(5869,5873,5656),(5742,5876,5740),(5876,5872,5740),
(5658,5877,5660),(5873,5877,5658),(5744,5880,5742),(5880,5876,5742),(5660,
5881,5662),(5877,5881,5660),(5746,5884,5744),(5884,5880,5744),(5662,5885,
5664),(5881,5885,5662),(5748,5888,5746),(5888,5884,5746),(5664,5889,5666),
(5885,5889,5664),(5750,5892,5748),(5892,5888,5748),(5666,5893,5668),(5889,
5893,5666),(5752,5896,5750),(5896,5892,5750),(5668,5897,5670),(5893,5897,
5668),(5754,5900,5752),(5900,5896,5752),(5670,5901,5672),(5897,5901,5670),
(5756,5904,5754),(5904,5900,5754),(5672,5905,5674),(5901,5905,5672),(5758,
5908,5756),(5908,5904,5756),(5674,5909,5676),(5905,5909,5674),(5760,5912,
5758),(5912,5908,5758),(5676,5913,5678),(5909,5913,5676),(5762,5916,5760),
(5916,5912,5760),(5678,5917,5680),(5913,5917,5678),(5764,5920,5762),(5920,
5916,5762),(5680,5921,5682),(5917,5921,5680),(5766,5924,5764),(5924,5920,
5764),(5682,5925,5684),(5921,5925,5682),(5768,5928,5766),(5928,5924,5766),
(5686,5684,5929),(5925,5932,5684),(5684,5932,5929),(5768,5770,5928),(5686,
5929,5688),(5772,5933,5770),(5770,5936,5928),(5933,5936,5770),(5774,5937,
5772),(5937,5933,5772),(5688,5940,5690),(5929,5940,5688),(5776,5941,5774),
(5941,5937,5774),(5689,5943,5691),(5690,5945,5944),(5940,5945,5690),(5778,
5948,5776),(5948,5941,5776),(5691,5943,5949),(5944,5951,5950),(5945,5951,
5944),(5953,5777,5779),(5954,5955,5778),(5955,5948,5778),(5949,5957,5691),
(5950,5959,5958),(5951,5959,5950),(5961,5953,5779),(5962,5963,5954),(5963,
5955,5954),(5957,5965,5691),(5958,5967,5966),(5959,5967,5958),(5779,5969,
5961),(5970,5971,5962),(5971,5963,5962),(5965,5973,5691),(5966,5975,5974),
(5967,5975,5966),(5977,5969,5779),(5978,5979,5970),(5979,5971,5970),(5691,
5973,5981),(5974,5983,5982),(5975,5983,5974),(5985,5977,5779),(5986,5987,
5978),(5987,5979,5978),(5981,5989,5691),(5982,5991,5990),(5983,5991,5982),
(5779,5993,5985),(5994,5995,5986),(5995,5987,5986),(5989,5997,5691),(5990,
5999,5998),(5991,5999,5990),(5779,6001,5993),(6002,6003,5994),(6003,5995,
5994),(5691,5997,6005),(5998,6007,6006),(5999,6007,5998),(6009,6001,5779),
(6010,6011,6002),(6011,6003,6002),(6005,6013,5691),(6006,6015,6014),(6007,
6015,6006),(6017,6009,5779),(6018,6019,6010),(6019,6011,6010),(6013,6021,
5691),(6014,6023,6022),(6015,6023,6014),(6025,6017,5779),(6026,6027,6018),
(6027,6019,6018),(6021,6029,5691),(6022,6031,6030),(6023,6031,6022),(5779,
6033,6025),(6034,6035,6026),(6035,6027,6026),(5691,6029,6037),(6030,6039,
6038),(6031,6039,6030),(6041,6033,5779),(6042,6043,6034),(6043,6035,6034),
(6037,6045,5691),(6038,6047,6046),(6039,6047,6038),(6049,6041,5779),(6050,
6051,6042),(6051,6043,6042),(6045,6053,5691),(6046,6055,6054),(6047,6055,
6046),(6057,6049,5779),(6058,6059,6050),(6059,6051,6050),(6053,6061,5691),
(6054,6063,6062),(6055,6063,6054),(5779,6065,6057),(6066,6067,6058),(6067,
6059,6058),(5691,6061,6069),(6062,6071,6070),(6063,6071,6062),(6073,6065,
5779),(6074,6075,6066),(6075,6067,6066),(6069,6077,5691),(6070,6079,6078),
(6071,6079,6070),(6081,6073,5779),(6082,6083,6074),(6083,6075,6074),(6077,
6085,5691),(6078,6087,6086),(6079,6087,6078),(6089,6081,5779),(6090,6091,
6082),(6091,6083,6082),(5691,6085,6093),(6086,6095,6094),(6087,6095,6086),
(6097,6089,5779),(6098,6099,6090),(6099,6091,6090),(6093,6101,5691),(6094,
6103,6102),(6095,6103,6094),(5779,6105,6097),(6106,6107,6098),(6107,6099,
6098),(6101,6109,5691),(6102,6111,6110),(6103,6111,6102),(6113,6105,5779),
(6114,6115,6106),(6115,6107,6106),(5691,6109,6117),(6110,6119,6118),(6111,
6119,6110),(6121,6113,5779),(6122,6123,6114),(6123,6115,6114),(6117,6125,
5691),(6118,6127,6126),(6119,6127,6118),(6129,6121,5779),(6130,6131,6122),
(6131,6123,6122),(6125,6133,5691),(6126,6135,6134),(6127,6135,6126),(6129,
5779,6137),(6138,6139,6130),(6139,6131,6130),(5691,6133,6141),(6134,6143,
6142),(6135,6143,6134),(5779,6145,6137),(6146,6147,6138),(6147,6139,6138),
(6141,6149,5691),(6142,6151,6150),(6143,6151,6142),(6153,6145,5779),(6154,
6155,6146),(6155,6147,6146),(6149,6157,5691),(6150,6159,6158),(6151,6159,
6150),(6161,6153,5779),(6162,6163,6154),(6163,6155,6154),(6157,6165,5691),
(6158,6167,6166),(6159,6167,6158),(6169,6161,5779),(6170,6171,6162),(6171,
6163,6162),(6165,6173,5691),(6166,6175,6174),(6167,6175,6166),(6169,5779,
6177),(6178,6179,6170),(6179,6171,6170),(6173,6181,5779),(6174,6183,6182),
(5691,6173,5779),(6175,6183,6174),(5779,6185,6177),(6186,6187,6178),(6187,
6179,6178),(6181,6189,5779),(6182,6191,6190),(6183,6191,6182),(6193,6185,
5779),(6194,6195,6186),(6195,6187,6186),(5779,6189,6197),(6190,6199,6198),
(6191,6199,6190),(6201,6193,5779),(6202,6203,6194),(6203,6195,6194),(6197,
6205,5779),(6198,6207,6206),(6199,6207,6198),(5779,6209,6201),(6210,6211,
6202),(6211,6203,6202),(6205,6209,5779),(6210,6206,6211),(6207,6214,6206),
(6206,6214,6211),(5692,5780,6215),(5693,5692,6215),(5779,4548,6217),(6218,
6219,5780),(6219,6221,5780),(5780,6221,6223),(6223,6225,5780),(6225,6227,
5780),(5780,6227,6229),(6229,6231,5780),(6231,6233,5780),(5780,6233,6235),
(6235,6237,5780),(6237,6239,5780),(6239,6241,5780),(5780,6241,6243),(6243,
6245,5780),(5780,6245,6247),(6249,5780,6247),(6215,5780,6251),(6251,5780,
6249),(6253,5136,5694),(5138,5136,6253),(4548,4550,6217),(6215,6254,5693),
(6217,4550,6256),(6218,6255,6219),(6257,5138,6253),(5140,5138,6257),(4550,
4552,6256),(6258,6254,6215),(6256,4552,6260),(6255,6259,6219),(6261,5570,
5571),(6263,6261,5571),(5572,6265,6264),(5573,6265,5572),(5575,5591,6267),
(6268,6269,5576),(6269,5577,5576),(6271,5579,5581),(6273,6271,5581),(5582,
6275,6274),(5583,6275,5582),(5585,5597,6277),(6278,6279,5586),(6279,5587,
5586),(5569,6262,6281),(5589,5569,6281),(5591,6283,6267),(6284,5592,6285),
(6285,5592,5593),(6272,6287,5580),(6287,5595,5580),(5597,6289,6277),(6290,
5598,6291),(6291,5598,5599),(6293,5140,6257),(5142,5140,6293),(4552,4554,
6260),(6294,6258,6215),(6260,4554,6296),(6259,6295,6219),(6297,5142,6293),
(5144,5142,6297),(4554,4556,6296),(6215,6298,6294),(6296,4556,6300),(6219,
6295,6299),(6301,5144,6297),(5146,5144,6301),(4556,4544,6300),(6302,6298,
6215),(6300,4544,6304),(6299,6303,6219),(5290,5454,5230),(5532,5454,5290),
(5406,5462,5312),(5312,5462,5360),(6305,5146,6301),(5148,5146,6305),(4544,
4562,6304),(6306,6302,6215),(6304,4562,6308),(6303,6307,6219),(6309,5148,
6305),(5134,5148,6309),(4562,4564,6308),(6215,6310,6306),(6308,4564,6312),
(6219,6307,6311),(5468,5412,5601),(6313,5468,5601),(6314,5602,5603),(5605,
5370,6316),(5606,6315,4095),(5478,5422,4100),(4102,5478,4100),(5608,5380,
6317),(5607,6318,6319),(5537,5607,6319),(5370,5416,6316),(5380,5426,6317),
(6321,5134,6309),(5186,5134,6321),(4564,4566,6312),(6322,6310,6215),(6312,
4566,6324),(6311,6323,6325),(6327,6311,6325),(6327,6329,6311),(6329,6331,
6311),(6331,6333,6311),(6333,6335,6311),(6311,6335,6337),(6337,6219,6311),
(6339,6261,6263),(6341,6339,6263),(6264,6343,6342),(6265,6343,6264),(6267,
6283,6345),(6346,6347,6268),(6347,6269,6268),(6349,6271,6273),(6351,6349,
6273),(6274,6353,6352),(6275,6353,6274),(6277,6289,6355),(6356,6357,6278),
(6357,6279,6278),(6281,6262,6340),(6283,6359,6345),(6360,6284,6361),(6361,
6284,6285),(6350,6363,6272),(6363,6287,6272),(6289,6366,6355),(6367,6290,
6368),(6368,6290,6291),(6370,5186,6321),(5188,5186,6370),(4566,4568,6324),
(6371,6322,6215),(6324,4568,6373),(6325,6323,6372),(6374,5188,6370),(5190,
5188,6374),(4568,4570,6373),(6215,6375,6371),(6373,4570,6377),(6376,6325,
6372),(6378,5190,6374),(5192,5190,6378),(4570,4560,6377),(6215,6379,6375),
(6377,4560,6381),(6376,6380,6325),(6382,6339,6341),(6384,6382,6341),(6342,
6386,6385),(6343,6386,6342),(6345,6359,6388),(6389,6390,6346),(6390,6347,
6346),(6392,6349,6351),(6394,6392,6351),(6352,6396,6395),(6353,6396,6352),
(6355,6366,6398),(6399,6400,6356),(6400,6357,6356),(6340,6383,6402),(6281,
6340,6402),(6359,6404,6388),(6405,6360,6406),(6406,6360,6361),(6350,6393,
6363),(6366,6409,6398),(6410,6367,6368),(6412,5192,6378),(5194,5192,6412),
(4560,5200,6381),(6411,6379,6215),(6381,5200,6413),(6414,6415,6380),(6415,
6417,6380),(6380,6417,6325),(6419,5194,6412),(5196,5194,6419),(5200,5202,
6413),(6420,6411,6215),(6413,5202,6416),(5506,5468,6313),(6421,5506,6313),
(6422,6314,6423),(6423,6314,5603),(6316,5416,6425),(4095,6315,6426),(5516,
5478,4102),(4104,5516,4102),(6317,5426,6427),(6318,6428,6429),(6319,6318,
6429),(5416,5472,6425),(5426,5482,6427),(6431,6382,6384),(6433,6431,6384),
(6385,6435,6434),(6386,6435,6385),(6388,6404,6437),(6438,6439,6389),(6439,
6390,6389),(6441,6392,6394),(6443,6441,6394),(6395,6445,6444),(6396,6445,
6395),(6398,6409,6447),(6448,6449,6399),(6449,6400,6399),(6383,6432,6451),
(6402,6383,6451),(6404,6453,6437),(6454,6405,6406),(6393,6442,6363),(6409,
6456,6447),(6455,6410,6457),(6457,6410,6368),(6459,5196,6419),(5184,5196,
6459),(5202,5204,6416),(6215,6460,6420),(6416,5204,6418),(6462,5184,6459),
(5236,5184,6462),(5204,5198,6418),(6461,6460,6215),(6418,5198,6326),(5342,
5532,5290),(5604,5532,5342),(5462,5538,5360),(5360,5538,5398),(6463,6431,
6433),(6465,6463,6433),(6434,6467,6466),(6435,6467,6434),(6437,6453,6469),
(6470,6471,6438),(6471,6439,6438),(6473,6441,6443),(6475,6473,6443),(6444,
6477,6476),(6445,6477,6444),(6447,6456,6479),(6480,6481,6448),(6481,6449,
6448),(6432,6464,6451),(6453,6483,6469),(6406,6484,6454),(6442,6474,6363),
(6456,6486,6479),(6485,6455,6487),(6487,6455,6457),(6489,5236,6462),(5238,
5236,6489),(5198,5248,6326),(6490,6461,6215),(6326,5248,6328),(5544,5506,
6421),(6491,5544,6421),(6492,6422,6493),(6493,6422,6423),(6425,5472,6495),
(4095,6426,6496),(5554,5516,4104),(4106,5554,4104),(6427,5482,6497),(6429,
6428,6498),(5472,5510,6495),(5482,5520,6497),(6499,5238,6489),(5240,5238,
6499),(5248,5250,6328),(6215,6500,6490),(6328,5250,6330),(6502,6463,6465),
(6503,6502,6465),(6466,6505,6504),(6467,6505,6466),(6469,6483,6507),(6508,
6509,6470),(6509,6471,6470),(6511,6473,6475),(6513,6511,6475),(6476,6515,
6514),(6477,6515,6476),(6479,6486,6517),(6518,6519,6480),(6519,6481,6480),
(6464,6501,6521),(6451,6464,6521),(6483,6523,6507),(6524,6484,6406),(6474,
6512,6363),(6486,6526,6517),(6525,6485,6487),(6527,5240,6499),(5242,5240,
6527),(5250,5252,6330),(6528,6500,6215),(6330,5252,6332),(6530,6502,6503),
(6531,6530,6503),(6504,6533,6532),(6505,6533,6504),(6507,6523,6535),(6536,
6537,6508),(6537,6509,6508),(6539,6511,6513),(6541,6539,6513),(6514,6543,
6542),(6515,6543,6514),(6517,6526,6545),(6546,6547,6518),(6547,6519,6518),
(6501,6529,6549),(6521,6501,6549),(6523,6551,6535),(6552,6524,6406),(6363,
6512,6540),(6526,6553,6545),(6554,6525,6555),(6555,6525,6487),(6557,5242,
6527),(5244,5242,6557),(5252,5254,6332),(6558,6528,6215),(6332,5254,6334),
(5574,5544,6491),(6559,5574,6491),(6560,6492,6493),(6495,5510,6562),(6496,
6561,4095),(5584,5554,4106),(4108,5584,4106),(6497,5520,6564),(6498,6563,
6565),(6429,6498,6565),(5510,5548,6562),(5520,5558,6564),(6567,5244,6557),
(5234,5244,6567),(5254,5256,6334),(6215,6568,6558),(6334,5256,6336),(6570,
6530,6531),(6571,6570,6531),(6532,6573,6572),(6533,6573,6532),(6535,6551,
6575),(6576,6577,6536),(6577,6537,6536),(6579,6539,6541),(6581,6579,6541),
(6542,6583,6582),(6543,6583,6542),(6545,6553,6585),(6586,6587,6546),(6587,
6547,6546),(6529,6569,6589),(6549,6529,6589),(6551,6591,6575),(6406,6592,
6552),(6363,6540,6580),(6553,6593,6585),(6594,6554,6595),(6595,6554,6555),
(6597,5234,6567),(5296,5234,6597),(5256,5246,6336),(6598,6568,6215),(6336,
5246,6338),(6600,6570,6571),(6601,6600,6571),(6572,6603,6602),(6573,6603,
6572),(6575,6591,6605),(6606,6607,6576),(6607,6577,6576),(6609,6579,6581),
(6611,6609,6581),(6582,6613,6612),(6583,6613,6582),(6585,6593,6615),(6616,
6617,6586),(6617,6587,6586),(6589,6569,6599),(6591,6619,6605),(6406,6620,
6592),(6610,6363,6580),(6593,6621,6615),(6622,6594,6623),(6623,6594,6595),
(5428,5604,5342),(6424,5604,5428),(5538,6320,5398),(5398,6320,5500),(6625,
5296,6597),(5298,5296,6625),(5246,5304,6338),(6626,6598,6215),(6338,5304,
6220),(6628,6600,6601),(6629,6628,6601),(6602,6631,6630),(6603,6631,6602),
(6605,6619,6633),(6634,6635,6606),(6635,6607,6606),(6637,6609,6611),(6639,
6637,6611),(6612,6641,6640),(6613,6641,6612),(6615,6621,6643),(6644,6645,
6616),(6645,6617,6616),(6599,6627,6647),(6589,6599,6647),(6619,6649,6633),
(6650,6620,6406),(6638,6651,6610),(6651,6363,6610),(6621,6653,6643),(6654,
6622,6623),(6266,5574,6559),(6655,6266,6559),(6656,6560,6657),(6657,6560,
6493),(6562,5548,6659),(6561,6660,4095),(6276,5584,4108),(4110,6276,4108),
(6564,5558,6661),(6563,6662,6663),(6565,6563,6663),(5548,5578,6659),(5558,
5588,6661),(6665,5298,6625),(5300,5298,6665),(5304,5306,6220),(6215,6666,
6626),(6220,5306,6222),(6668,6628,6629),(6669,6668,6629),(6630,6671,6670),
(6631,6671,6630),(6633,6649,6673),(6674,6675,6634),(6675,6635,6634),(6677,
6637,6639),(6679,6677,6639),(6640,6681,6680),(6641,6681,6640),(6643,6653,
6683),(6684,6685,6644),(6685,6645,6644),(6627,6667,6687),(6647,6627,6687),
(6649,6689,6673),(6690,6650,6691),(6691,6650,6406),(6638,6678,6651),(6653,
6693,6683),(6694,6654,6695),(6695,6654,6623),(6697,5300,6665),(5294,5300,
6697),(5306,5308,6222),(6698,6666,6215),(6222,5308,6224),(6700,6668,6669),
(6701,6700,6669),(6670,6703,6702),(6671,6703,6670),(6673,6689,6705),(6706,
6707,6674),(6707,6675,6674),(6709,6677,6679),(6711,6709,6679),(6680,6713,
6712),(6681,6713,6680),(6683,6693,6715),(6716,6717,6684),(6717,6685,6684),
(6667,6699,6687),(6689,6719,6705),(6720,6690,6691),(6678,6710,6651),(6693,
6721,6715),(6723,6722,6694),(6723,6694,6695),(6344,6266,6655),(6725,6344,
6655),(6726,6656,6727),(6727,6656,6657),(6659,5578,6729),(6660,6730,6731),
(4095,6660,6731),(6354,6276,4110),(4112,6354,4110),(6661,5588,6733),(6662,
6734,6735),(6663,6662,6735),(5578,6270,6729),(5588,6280,6733),(6737,6700,
6701),(6739,6737,6701),(6702,6741,6740),(6703,6741,6702),(6705,6719,6743),
(6744,6745,6706),(6745,6707,6706),(6747,6709,6711),(6749,6747,6711),(6712,
6751,6750),(6713,6751,6712),(6715,6721,6753),(6754,6755,6716),(6755,6717,
6716),(6699,6738,6757),(6687,6699,6757),(6719,6759,6743),(6720,6691,6760),
(6651,6710,6748),(6721,6761,6753),(6762,6722,6723),(6764,5294,6697),(5348,
5294,6764),(5308,5302,6224),(6763,6698,6215),(6224,5302,6226),(6765,6737,
6739),(6767,6765,6739),(6740,6769,6768),(6741,6769,6740),(6743,6759,6771),
(6772,6773,6744),(6773,6745,6744),(6775,6747,6749),(6777,6775,6749),(6750,
6779,6778),(6751,6779,6750),(6753,6761,6781),(6782,6783,6754),(6783,6755,
6754),(6738,6766,6785),(6757,6738,6785),(6759,6787,6771),(6691,6788,6760),
(6748,6776,6651),(6761,6789,6781),(6790,6762,6791),(6791,6762,6723),(6793,
5348,6764),(5350,5348,6793),(5302,5354,6226),(6215,6794,6763),(6226,5354,
6228),(6796,6765,6767),(6797,6796,6767),(6768,6799,6798),(6769,6799,6768),
(6771,6787,6801),(6802,6803,6772),(6803,6773,6772),(6805,6775,6777),(6807,
6805,6777),(6778,6809,6808),(6779,6809,6778),(6781,6789,6811),(6812,6813,
6782),(6813,6783,6782),(6766,6795,6815),(6785,6766,6815),(6787,6817,6801),
(6691,6818,6788),(6776,6806,6651),(6789,6819,6811),(6820,6790,6821),(6821,
6790,6791),(5484,6424,5428),(6494,6424,5484),(6320,6430,5500),(5500,6430,
5528),(6823,6796,6797),(6825,6823,6797),(6798,6827,6826),(6799,6827,6798),
(6801,6817,6829),(6830,6831,6802),(6831,6803,6802),(6833,6805,6807),(6835,
6833,6807),(6808,6837,6836),(6809,6837,6808),(6811,6819,6839),(6840,6841,
6812),(6841,6813,6812),(6795,6824,6815),(6817,6843,6829),(6844,6818,6691),
(6806,6834,6845),(6651,6806,6845),(6819,6847,6839),(6849,6848,6820),(6849,
6820,6821),(6851,5350,6793),(5346,5350,6851),(5354,5356,6228),(6852,6794,
6215),(6228,5356,6230),(6387,6344,6725),(6853,6387,6725),(6854,6726,6855),
(6855,6726,6727),(6729,6270,6857),(6731,6730,6858),(6397,6354,4112),(4114,
6397,4112),(6733,6280,6859),(6734,6860,6735),(6270,6348,6857),(6280,6358,
6859),(6861,6823,6825),(6863,6861,6825),(6826,6865,6864),(6827,6865,6826),
(6829,6843,6867),(6868,6869,6830),(6869,6831,6830),(6871,6833,6835),(6873,
6871,6835),(6836,6875,6874),(6837,6875,6836),(6839,6847,6877),(6878,6879,
6840),(6879,6841,6840),(6824,6862,6881),(6815,6824,6881),(6843,6883,6867),
(6884,6844,6885),(6885,6844,6691),(6834,6872,6887),(6845,6834,6887),(6847,
6889,6877),(6890,6848,6849),(6892,6861,6863),(6893,6892,6863),(6864,6895,
6894),(6865,6895,6864),(6867,6883,6897),(6898,6899,6868),(6899,6869,6868),
(6901,6871,6873),(6903,6901,6873),(6874,6905,6904),(6875,6905,6874),(6877,
6889,6907),(6908,6909,6878),(6909,6879,6878),(6862,6891,6911),(6881,6862,
6911),(6883,6913,6897),(6914,6884,6915),(6915,6884,6885),(6872,6902,6887),
(6889,6917,6907),(6918,6890,6919),(6919,6890,6849),(6921,6892,6893),(6923,
6921,6893),(6894,6925,6924),(6895,6925,6894),(6897,6913,6927),(6928,6929,
6898),(6929,6899,6898),(6931,6901,6903),(6933,6931,6903),(6904,6935,6934),
(6905,6935,6904),(6907,6917,6937),(6938,6939,6908),(6939,6909,6908),(6891,
6922,6941),(6911,6891,6941),(6913,6943,6927),(6944,6914,6915),(6902,6932,
6945),(6887,6902,6945),(6917,6947,6937),(6948,6918,6949),(6949,6918,6919),
(6951,6921,6923),(6953,6951,6923),(6924,6955,6954),(6925,6955,6924),(6927,
6943,6957),(6958,6959,6928),(6959,6929,6928),(6961,6931,6933),(6963,6961,
6933),(6934,6965,6964),(6935,6965,6934),(6937,6947,6967),(6968,6969,6938),
(6969,6939,6938),(6922,6952,6941),(6943,6971,6957),(6972,6944,6973),(6973,
6944,6915),(6932,6962,6975),(6945,6932,6975),(6947,6977,6967),(6978,6948,
6979),(6979,6948,6949),(6981,5346,6851),(5386,5346,6981),(5356,5352,6230),
(6982,6852,6215),(6230,5352,6232),(6984,6951,6953),(6985,6984,6953),(6954,
6987,6986),(6955,6987,6954),(6957,6971,6985),(6986,6989,6958),(6989,6959,
6958),(6991,6961,6963),(6993,6991,6963),(6964,6995,6994),(6965,6995,6964),
(6967,6977,6993),(6994,6997,6968),(6997,6969,6968),(6952,6983,6999),(6941,
6952,6999),(6971,6984,6985),(6983,6972,7001),(7001,6972,6973),(6962,6992,
7003),(6975,6962,7003),(6977,6991,6993),(6992,6978,6979),(6987,6989,6986),
(6995,6997,6994),(6999,6983,7001),(7003,6992,6979),(7005,5386,6981),(5388,
5386,7005),(5352,5392,6232),(6215,7006,6982),(6232,5392,6234),(6436,6387,
6853),(7007,6436,6853),(7008,6854,6855),(6857,6348,7010),(6858,7009,6731),
(6446,6397,4114),(4116,6446,4114),(6859,6358,7012),(6860,7011,7013),(6735,
6860,7013),(6348,6391,7010),(6358,6401,7012),(7015,5388,7005),(5384,5388,
7015),(5392,5394,6234),(7016,7006,6215),(6234,5394,6236),(5560,6494,5484),
(6658,6494,5560),(6430,6566,5528),(5528,6566,5600),(6468,6436,7007),(7017,
6468,7007),(7018,7008,7019),(7019,7008,6855),(7010,6391,7021),(7009,7022,
6731),(6478,6446,4116),(4118,6478,4116),(7012,6401,7023),(7011,7024,7025),
(7013,7011,7025),(6391,6440,7021),(6401,6450,7023),(7027,5384,7015),(5434,
5384,7027),(5394,5390,6236),(7016,7029,7028),(7031,7029,7016),(7033,7031,
7016),(7033,7016,7035),(7016,7037,7035),(7037,7016,6215),(6236,5390,6238),
(7030,5434,7027),(5436,5434,7030),(5390,5444,6238),(6238,5444,6240),(6506,
6468,7017),(7039,6506,7017),(7040,7018,7041),(7041,7018,7019),(7021,6440,
7043),(7022,7044,6731),(6516,6478,4118),(4120,6516,4118),(7023,6450,7046),
(7024,7045,7025),(6440,6472,7043),(6450,6482,7046),(7032,5436,7030),(5438,
5436,7032),(5444,5446,6240),(6240,5446,6242),(7034,5438,7032),(5440,5438,
7034),(5446,5448,6242),(6242,5448,6244),(6534,6506,7039),(7047,6534,7039),
(7048,7040,7041),(7043,6472,7050),(6731,7044,7049),(6544,6516,4120),(4122,
6544,4120),(7046,6482,7051),(7045,7052,7053),(7025,7045,7053),(6472,6510,
7050),(6482,6520,7051),(5590,6658,5560),(6728,6658,5590),(6566,6664,5600),
(5600,6664,6292),(7036,5440,7034),(5432,5440,7036),(5448,5450,6244),(6244,
5450,6246),(7038,5432,7036),(5490,5432,7038),(5450,5442,6246),(6246,5442,
6248),(6574,6534,7047),(7055,6574,7047),(7056,7048,7057),(7057,7048,7041),
(7050,6510,7059),(7049,7060,6731),(6584,6544,4122),(7062,6584,4122),(7061,
4121,4095),(7051,6520,7063),(7052,7064,7065),(7053,7052,7065),(6510,6538,
7059),(6520,6548,7063),(6216,5490,7038),(6216,5492,5490),(5442,5496,6248),
(6248,5496,6250),(6604,6574,7055),(7067,6604,7055),(7068,7056,7069),(7069,
7056,7057),(7059,6538,7071),(7060,7072,6731),(6614,6584,7062),(7074,6614,
7062),(7073,7061,4095),(7063,6548,7075),(7064,7076,7077),(7065,7064,7077),
(6538,6578,7071),(6548,6588,7075),(5488,5492,6216),(6250,5496,7079),(5496,
5494,7079),(6252,5488,6216),(7080,6251,6249),(6282,6728,5590),(6856,6728,
6282),(6664,6736,6292),(6292,6736,6369),(6632,6604,7067),(7081,6632,7067),
(7082,7068,7083),(7083,7068,7069),(7071,6578,7085),(6731,7072,7086),(6642,
6614,7074),(7088,6642,7074),(4095,7087,7073),(7075,6588,7089),(7076,7090,
7077),(6578,6608,7085),(6588,6618,7089),(6672,6632,7081),(7092,6672,7081),
(7091,7082,7083),(7085,6608,7093),(7086,7094,6731),(6682,6642,7088),(7096,
6682,7088),(7095,7087,4095),(7089,6618,7097),(7090,7098,7099),(7077,7090,
7099),(6608,6636,7093),(6618,6646,7097),(6704,6672,7092),(7101,6704,7092),
(7102,7091,7103),(7103,7091,7083),(7093,6636,7105),(7094,7106,6731),(6714,
6682,7096),(7108,6714,7096),(7107,7095,4095),(7097,6646,7109),(7098,7110,
7111),(7099,7098,7111),(6636,6676,7105),(6646,6686,7109),(6403,6856,6282),
(7020,6856,6403),(6736,7014,6369),(6369,7014,6458),(6742,6704,7101),(7113,
6742,7101),(7115,7114,7102),(7115,7102,7103),(7105,6676,7117),(6731,7106,
7118),(6752,6714,7108),(7120,6752,7108),(4095,7119,7107),(7109,6686,7121),
(7111,7110,7122),(6676,6708,7117),(6686,6718,7121),(6770,6742,7113),(7124,
6770,7113),(7123,7114,7115),(7117,6708,7125),(6731,7118,7126),(6780,6752,
7120),(7128,6780,7120),(7127,7119,4095),(7121,6718,7129),(7122,7130,7131),
(7111,7122,7131),(6708,6746,7125),(6718,6756,7129),(6800,6770,7124),(7133,
6800,7124),(7134,7123,7135),(7135,7123,7115),(7125,6746,7137),(7126,7138,
6731),(6810,6780,7128),(7140,6810,7128),(7139,7127,4095),(7129,6756,7141),
(7130,7142,7143),(7131,7130,7143),(6746,6774,7137),(6756,6784,7141),(5564,
5488,6252),(7079,5494,7145),(5494,5524,7145),(7147,6251,7080),(7148,5564,
6252),(7146,7147,7080),(6828,6800,7133),(7149,6828,7133),(7150,7134,7151),
(7151,7134,7135),(7137,6774,7153),(7138,7154,6731),(6838,6810,7140),(7156,
6838,7140),(4095,7155,7139),(7141,6784,7157),(7142,7158,7159),(7143,7142,
7159),(6774,6804,7153),(6784,6814,7157),(6452,7020,6403),(7042,7020,6452),
(7014,7026,6458),(6458,7026,6488),(6866,6828,7149),(7161,6866,7149),(7162,
7150,7163),(7163,7150,7151),(7153,6804,7165),(7154,7166,7167),(6731,7154,
7167),(6876,6838,7156),(7169,6876,7156),(7170,7155,4095),(7157,6814,7172),
(7158,7171,7159),(6804,6832,7165),(6814,6842,7172),(6896,6866,7161),(7173,
6896,7161),(7174,7162,7163),(7165,6832,7176),(7166,7175,7177),(7167,7166,
7177),(6906,6876,7169),(7179,6906,7169),(7180,7170,7181),(7181,7170,4095),
(7172,6842,7183),(7171,7184,7185),(7159,7171,7185),(6832,6870,7176),(6842,
6880,7183),(6926,6896,7173),(7187,6926,7173),(7188,7174,7189),(7189,7174,
7163),(7176,6870,7191),(7177,7175,7192),(6936,6906,7179),(7194,6936,7179),
(7193,7180,7195),(7195,7180,7181),(7183,6880,7197),(7184,7198,7199),(7185,
7184,7199),(6870,6900,7191),(6880,6910,7197),(6956,6926,7187),(7201,6956,
7187),(7202,7188,7203),(7203,7188,7189),(7191,6900,7205),(7192,7206,7207),
(7177,7192,7207),(6966,6936,7194),(7209,6966,7194),(7210,7193,7195),(7197,
6910,7212),(7198,7211,7213),(7199,7198,7213),(6900,6930,7205),(6910,6940,
7212),(6988,6956,7201),(7215,6988,7201),(7216,7202,7217),(7217,7202,7203),
(7205,6930,7219),(7206,7220,7221),(7207,7206,7221),(6996,6966,7209),(7223,
6996,7209),(7224,7210,7225),(7225,7210,7195),(7212,6940,7227),(7213,7211,
7228),(6930,6960,7219),(6940,6970,7227),(6990,6988,7215),(7230,6990,7215),
(7229,7216,7217),(7219,6960,7230),(7220,7229,7231),(7221,7220,7231),(6998,
6996,7223),(7233,6998,7223),(7234,7224,7235),(7235,7224,7225),(7227,6970,
7233),(7228,7234,7237),(7213,7228,7237),(6960,6990,7230),(6970,6998,7233),
(7231,7229,7217),(7237,7234,7235),(6522,7042,6452),(7058,7042,6522),(7026,
7054,6488),(6488,7054,6556),(5594,5564,7148),(7145,5524,7239),(5524,5566,
7239),(7241,7147,7146),(7242,5594,7148),(7243,7241,7146),(7243,7146,7240),
(6550,7058,6522),(7070,7058,6550),(7054,7066,6556),(6556,7066,6596),(6590,
7070,6550),(7084,7070,6590),(7066,7078,6596),(6596,7078,6624),(6648,7084,
6590),(7104,7084,6648),(7078,7100,6624),(6624,7100,6696),(6286,5594,7242),
(7239,5566,7245),(5566,5596,7245),(7244,6286,7242),(7246,7243,7240),(6688,
7104,6648),(7116,7104,6688),(7100,7112,6696),(6696,7112,6724),(6758,7116,
6688),(7136,7116,6758),(7112,7132,6724),(6724,7132,6792),(6362,6286,7244),
(7245,5596,7248),(5596,6288,7248),(7243,7246,7247),(7249,6362,7244),(7250,
7243,7251),(7251,7243,7247),(6786,7136,6758),(7152,7136,6786),(7132,7144,
6792),(6792,7144,6822),(6816,7152,6786),(7164,7152,6816),(7144,7160,6822),
(6822,7160,6850),(6882,7164,6816),(7190,7164,6882),(7160,7186,6850),(6850,
7186,6920),(6912,7190,6882),(7204,7190,6912),(7186,7200,6920),(6920,7200,
6950),(6407,6362,7249),(7248,6288,7252),(6288,6365,7252),(7254,6407,7249),
(7255,7250,7251),(6942,7204,6912),(7218,7204,6942),(7200,7214,6950),(6950,
7214,6980),(7000,7218,6942),(7232,7218,7000),(7214,7238,6980),(6980,7238,
7004),(7002,7232,7000),(7222,7232,7002),(7238,7236,7004),(7004,7236,6976),
(6974,7222,7002),(7208,7222,6974),(7236,7226,6976),(6976,7226,6946),(6916,
7208,6974),(7178,7208,6916),(7226,7196,6946),(6946,7196,6888),(6886,7178,
6916),(7168,7178,6886),(7196,7182,6888),(6888,7182,6846),(6692,7168,6886),
(6692,6732,7168),(7182,4096,6846),(6846,4096,6652),(4096,6732,6364),(6732,
6692,6408),(6408,5926,6732),(6732,5782,6364),(5790,5782,6732),(5794,5790,
6732),(6732,5798,5794),(5802,5798,6732),(5806,5802,6732),(6732,5810,5806),
(6732,5814,5810),(5818,5814,6732),(5822,5818,6732),(6732,5826,5822),(5830,
5826,6732),(5834,5830,6732),(6732,5838,5834),(5842,5838,6732),(5846,5842,
6732),(5850,5846,6732),(5854,5850,6732),(6732,5858,5854),(5862,5858,6732),
(5866,5862,6732),(6732,5870,5866),(5874,5870,6732),(5878,5874,6732),(6732,
5882,5878),(5886,5882,6732),(5890,5886,6732),(5894,5890,6732),(6732,5898,
5894),(5902,5898,6732),(5906,5902,6732),(6732,5910,5906),(5914,5910,6732),
(5918,5914,6732),(6732,5922,5918),(5926,5922,6732),(6652,4096,6364),(5931,
5926,6408),(5930,5931,6408),(6408,5939,5930),(5946,5939,6408),(5952,5946,
6408),(6408,5960,5952),(5968,5960,6408),(7256,5968,6408),(5782,5786,6364),
(5786,5783,6364),(5783,5787,6364),(6364,5787,5791),(5791,5795,6364),(5795,
5799,6364),(6364,5799,5803),(5803,5807,6364),(5807,5811,6364),(6364,5811,
5815),(5815,5819,6364),(5819,5823,6364),(6364,5823,7253),(5823,5827,7253),
(7253,5827,5831),(5831,5835,7253),(5835,5839,7253),(5839,5843,7253),(7253,
5843,5847),(5847,5851,7253),(5851,5855,7253),(7253,5855,5859),(5859,5863,
7253),(5863,5867,7253),(7253,5867,5871),(5871,5875,7253),(5875,5879,7253),
(7253,5879,5883),(5883,5887,7253),(5887,5891,7253),(7253,5891,5895),(5895,
5899,7253),(5899,5903,7253),(7253,5903,5907),(5907,5911,7253),(5911,5915,
7253),(5915,5919,7253),(7253,5919,5923),(5923,5927,7253),(5927,5935,7253),
(7253,5935,5934),(5934,5938,7253),(5938,5942,7253),(7253,5942,5947),(7253,
5947,5956),(5956,5964,7253),(5976,5968,7256),(5964,5972,7253),(5984,5976,
7256),(7253,5972,5980),(5984,7256,5992),(5980,5988,7253),(7256,6000,5992),
(5988,5996,7253),(7256,6008,6000),(7253,5996,6004),(6016,6008,7256),(6004,
6012,7253),(6024,6016,7256),(6012,6020,7253),(6032,6024,7256),(7253,6020,
6028),(7256,6040,6032),(6028,6036,7253),(6048,6040,7256),(6036,6044,7253),
(6056,6048,7256),(7253,6044,6052),(7256,6064,6056),(6052,6060,7253),(6072,
6064,7256),(6060,6068,7253),(6080,6072,7256),(7253,6068,6076),(7256,6088,
6080),(6076,6084,7253),(6096,6088,7256),(6084,6092,7253),(6104,6096,7256),
(6092,6100,7253),(7256,6112,6104),(7253,6100,6108),(6120,6112,7256),(6108,
6116,7253),(6128,6120,7256),(6116,6124,7253),(6136,6128,7256),(7253,6124,
6132),(7256,6144,6136),(6132,6140,7253),(6152,6144,7256),(6140,6148,7253),
(6160,6152,7256),(7253,6148,6156),(7256,6168,6160),(6156,6164,7253),(6176,
6168,7256),(6164,6172,7253),(6184,6176,7256),(6172,6180,7256),(7253,6172,
7256),(7256,6192,6184),(6180,6188,7256),(6200,6192,7256),(6188,6196,7256),
(6208,6200,7256),(7256,6196,6204),(7256,6213,6208),(6204,6212,7256),(6212,
6213,7256)),());
#28=COORDINATES_LIST('',3620,((-1.26530697250366,-0.5969,-1.06718699188232),
(-1.26530697250366,-0.5969,1.06718699188232),(-1.26530697250366,-0.5207,
-1.06718699188232),(-1.26530697250366,-0.5207,-0.987343900299072),(-1.26530697250366,
-0.5207,0.987343900299072),(-1.26530697250366,-0.5207,1.06718699188232),
(-1.26530697250366,-0.0381,-0.987343900299072),(-1.26530697250366,-0.0381,
0.987343900299072),(-1.26519089431763,-0.5969,-1.072505078125),(-1.26519089431763,
-0.5969,1.072505078125),(-1.26519089431763,-0.5207,-1.072505078125),(-1.26519089431763,
-0.5207,1.072505078125),(-1.26484304733276,-0.5969,-1.07781299057007),(-1.26484304733276,
-0.5969,1.07781299057007),(-1.26484304733276,-0.5207,-1.07781299057007),
(-1.26484304733276,-0.5207,1.07781299057007),(-1.26426391601562,-0.5969,
-1.08310065231323),(-1.26426391601562,-0.5969,1.08310065231323),(-1.26426391601562,
-0.5207,-1.08310065231323),(-1.26426391601562,-0.5207,1.08310065231323),
(-1.26345466308594,-0.5969,-1.08835808334351),(-1.26345466308594,-0.5969,
1.08835808334351),(-1.26345466308594,-0.5207,-1.08835808334351),(-1.26345466308594,
-0.5207,1.08835808334351),(-1.26241693572998,-0.5969,-1.0935753036499),
(-1.26241693572998,-0.5969,1.0935753036499),(-1.26241693572998,-0.5207,
-1.0935753036499),(-1.26241693572998,-0.5207,1.0935753036499),(-1.26115267181396,
-0.5969,-1.09874213943481),(-1.26115267181396,-0.5969,1.09874213943481),
(-1.26115267181396,-0.5207,-1.09874213943481),(-1.26115267181396,-0.5207,
1.09874213943481),(-1.25966409988403,-0.5969,-1.1038489982605),(-1.25966409988403,
-0.5969,1.1038489982605),(-1.25966409988403,-0.5207,-1.1038489982605),(-1.25966409988403,
-0.5207,1.1038489982605),(-1.25804627227783,-0.5207,-0.986129051971436),
(-1.25804627227783,-0.5207,0.986129051971436),(-1.25804627227783,-0.0381,
-0.986129051971436),(-1.25804627227783,-0.0381,0.986129051971436),(-1.25795432052612,
-0.5969,-1.10888599700928),(-1.25795432052612,-0.5969,1.10888599700928),
(-1.25795432052612,-0.5207,-1.10888599700928),(-1.25795432052612,-0.5207,
1.10888599700928),(-1.25602633743286,-0.5969,-1.11384364013672),(-1.25602633743286,
-0.5969,1.11384364013672),(-1.25602633743286,-0.5207,-1.11384364013672),
(-1.25602633743286,-0.5207,1.11384364013672),(-1.25388402633667,-0.5969,
-1.1187125289917),(-1.25388402633667,-0.5969,1.1187125289917),(-1.25388402633667,
-0.5207,-1.1187125289917),(-1.25388402633667,-0.5207,1.1187125289917),(-1.25153135986328,
-0.5969,-1.12348336181641),(-1.25153135986328,-0.5969,1.12348336181641),
(-1.25153135986328,-0.5207,-1.12348336181641),(-1.25153135986328,-0.5207,
1.12348336181641),(-1.25074041976929,-0.5207,-0.985224843597412),(-1.25074041976929,
-0.5207,0.985224843597412),(-1.25074041976929,-0.0381,-0.985224843597412),
(-1.25074041976929,-0.0381,0.985224843597412),(-1.24897279510498,-0.5969,
-1.12814703063965),(-1.24897279510498,-0.5969,1.12814703063965),(-1.24897279510498,
-0.5207,-1.12814703063965),(-1.24897279510498,-0.5207,1.12814703063965),
(-1.24621317672729,-0.5969,-1.13269452438354),(-1.24621317672729,-0.5969,
1.13269452438354),(-1.24621317672729,-0.5207,-1.13269452438354),(-1.24621317672729,
-0.5207,1.13269452438354),(-1.24340259246826,-0.5207,-0.98463272857666),
(-1.24340259246826,-0.5207,0.98463272857666),(-1.24340259246826,-0.0381,
-0.98463272857666),(-1.24340259246826,-0.0381,0.98463272857666),(-1.24325793075561,
-0.5969,-1.13711741333008),(-1.24325793075561,-0.5969,1.13711741333008),
(-1.24325793075561,-0.5207,-1.13711741333008),(-1.24325793075561,-0.5207,
1.13711741333008),(-1.24011258010864,-0.5969,-1.14140717086792),(-1.24011258010864,
-0.5969,1.14140717086792),(-1.24011258010864,-0.5207,-1.14140717086792),
(-1.24011258010864,-0.5207,1.14140717086792),(-1.23678313217163,-0.5969,
-1.14555556106567),(-1.23678313217163,-0.5969,1.14555556106567),(-1.23678313217163,
-0.5207,-1.14555556106567),(-1.23678313217163,-0.5207,1.14555556106567),
(-1.23604625854492,-0.5207,-0.984354063415527),(-1.23604625854492,-0.5207,
0.984354063415527),(-1.23604625854492,-0.0381,-0.984354063415527),(-1.23604625854492,
-0.0381,0.984354063415528),(-1.23327578811645,-0.5969,-1.14955492935181),
(-1.23327578811645,-0.5969,1.14955492935181),(-1.23327578811645,-0.5207,
-1.14955492935181),(-1.23327578811645,-0.5207,1.14955492935181),(-1.23228699188232,
-0.5969,-1.09258699188232),(-1.23228699188232,-0.5969,1.09258699188232),
(-1.23228699188232,-0.5588,-1.09258699188232),(-1.23228699188232,-0.5588,
1.09258699188232),(-1.23222653045654,-0.5969,-1.09535668716431),(-1.23222653045654,
-0.5969,-1.08981710281372),(-1.23222653045654,-0.5969,1.08981710281372),
(-1.23222653045654,-0.5969,1.09535668716431),(-1.23222653045654,-0.5588,
-1.09535668716431),(-1.23222653045654,-0.5588,-1.08981710281372),(-1.23222653045654,
-0.5588,1.08981710281372),(-1.23222653045654,-0.5588,1.09535668716431),
(-1.23204524307251,-0.5969,-1.09812134399414),(-1.23204524307251,-0.5969,
-1.0870525428772),(-1.23204524307251,-0.5969,1.0870525428772),(-1.23204524307251,
-0.5969,1.09812134399414),(-1.23204524307251,-0.5588,-1.09812134399414),
(-1.23204524307251,-0.5588,-1.0870525428772),(-1.23204524307251,-0.5588,
1.0870525428772),(-1.23204524307251,-0.5588,1.09812134399414),(-1.23174371109009,
-0.5969,-1.10087543945312),(-1.23174371109009,-0.5969,-1.08429854431152),
(-1.23174371109009,-0.5969,1.08429854431152),(-1.23174371109009,-0.5969,
1.10087543945312),(-1.23174371109009,-0.5588,-1.10087543945312),(-1.23174371109009,
-0.5588,-1.08429854431152),(-1.23174371109009,-0.5588,1.08429854431152),
(-1.23174371109009,-0.5588,1.10087543945312),(-1.23132222518921,-0.5969,
-1.10361354751587),(-1.23132222518921,-0.5969,-1.08156033935547),(-1.23132222518921,
-0.5969,1.08156033935547),(-1.23132222518921,-0.5969,1.10361354751587),
(-1.23132222518921,-0.5588,-1.10361354751587),(-1.23132222518921,-0.5588,
-1.08156033935547),(-1.23132222518921,-0.5588,1.08156033935547),(-1.23132222518921,
-0.5588,1.10361354751587),(-1.23078165740967,-0.5969,-1.10633082351685),
(-1.23078165740967,-0.5969,-1.07884306335449),(-1.23078165740967,-0.5969,
1.07884306335449),(-1.23078165740967,-0.5969,1.10633082351685),(-1.23078165740967,
-0.5588,-1.10633082351685),(-1.23078165740967,-0.5588,-1.07884306335449),
(-1.23078165740967,-0.5588,1.07884306335449),(-1.23078165740967,-0.5588,
1.10633082351685),(-1.23012317047119,-0.5969,-1.10902193832397),(-1.23012317047119,
-0.5969,-1.07615185165405),(-1.23012317047119,-0.5969,1.07615185165405),
(-1.23012317047119,-0.5969,1.10902193832397),(-1.23012317047119,-0.5588,
-1.10902193832397),(-1.23012317047119,-0.5588,-1.07615185165405),(-1.23012317047119,
-0.5588,1.07615185165405),(-1.23012317047119,-0.5588,1.10902193832397),
(-1.22959742736816,-0.5969,-1.15339742736816),(-1.22959742736816,-0.5969,
1.15339742736816),(-1.22959742736816,-0.5207,-1.15339742736816),(-1.22959742736816,
-0.5207,1.15339742736816),(-1.22934802398682,-0.5969,-1.1116817565918),
(-1.22934802398682,-0.5969,-1.07349213027954),(-1.22934802398682,-0.5969,
1.07349213027954),(-1.22934802398682,-0.5969,1.1116817565918),(-1.22934802398682,
-0.5588,-1.1116817565918),(-1.22934802398682,-0.5588,-1.07349213027954),
(-1.22934802398682,-0.5588,1.07349213027954),(-1.22934802398682,-0.5588,
1.1116817565918),(-1.22868478927612,-0.5207,-0.984389235687256),(-1.22868478927612,
-0.5207,0.984389235687256),(-1.22868478927612,-0.0381,-0.984389235687256),
(-1.22868478927612,-0.0381,0.984389235687256),(-1.22845738067627,-0.5969,
-1.11430523986816),(-1.22845738067627,-0.5969,-1.07086864700317),(-1.22845738067627,
-0.5969,1.07086864700317),(-1.22845738067627,-0.5969,1.11430523986816),
(-1.22845738067627,-0.5588,-1.11430523986816),(-1.22845738067627,-0.5588,
-1.07086864700317),(-1.22845738067627,-0.5588,1.07086864700317),(-1.22845738067627,
-0.5588,1.11430523986816),(-1.22745327529907,-0.5969,-1.11688725280762),
(-1.22745327529907,-0.5969,-1.06828653717041),(-1.22745327529907,-0.5969,
1.06828653717041),(-1.22745327529907,-0.5969,1.11688725280762),(-1.22745327529907,
-0.5588,-1.11688725280762),(-1.22745327529907,-0.5588,-1.06828653717041),
(-1.22745327529907,-0.5588,1.06828653717041),(-1.22745327529907,-0.5588,
1.11688725280762),(-1.22633745193481,-0.5969,-1.11942314453125),(-1.22633745193481,
-0.5969,-1.06575074234009),(-1.22633745193481,-0.5969,1.06575074234009),
(-1.22633745193481,-0.5969,1.11942314453125),(-1.22633745193481,-0.5588,
-1.11942314453125),(-1.22633745193481,-0.5588,-1.06575074234009),(-1.22633745193481,
-0.5588,1.06575074234009),(-1.22633745193481,-0.5588,1.11942314453125),
(-1.2257548324585,-0.5969,-1.15707578811645),(-1.2257548324585,-0.5969,
1.15707578811645),(-1.2257548324585,-0.5207,-1.15707578811645),(-1.2257548324585,
-0.5207,1.15707578811645),(-1.22511213912964,-0.5969,-1.12190797348022),
(-1.22511213912964,-0.5969,-1.06326591339111),(-1.22511213912964,-0.5969,
1.06326591339111),(-1.22511213912964,-0.5969,1.12190797348022),(-1.22511213912964,
-0.5588,-1.12190797348022),(-1.22511213912964,-0.5588,-1.06326591339111),
(-1.22511213912964,-0.5588,1.06326591339111),(-1.22511213912964,-0.5588,
1.12190797348022),(-1.22377956542969,-0.5969,-1.12433689498901),(-1.22377956542969,
-0.5969,-1.06083699188232),(-1.22377956542969,-0.5969,1.06083699188232),
(-1.22377956542969,-0.5969,1.12433689498901),(-1.22377956542969,-0.5588,
-1.12433689498901),(-1.22377956542969,-0.5588,-1.06083699188232),(-1.22377956542969,
-0.5588,1.06083699188232),(-1.22377956542969,-0.5588,1.12433689498901),
(-1.22234234695435,-0.5969,-1.12670554885864),(-1.22234234695435,-0.5969,
-1.05846843490601),(-1.22234234695435,-0.5969,1.05846843490601),(-1.22234234695435,
-0.5969,1.12670554885864),(-1.22234234695435,-0.5588,-1.12670554885864),
(-1.22234234695435,-0.5588,-1.05846843490601),(-1.22234234695435,-0.5588,
1.05846843490601),(-1.22234234695435,-0.5588,1.12670554885864),(-1.22175556106567,
-0.5969,-1.16058303527832),(-1.22175556106567,-0.5969,1.16058303527832),
(-1.22175556106567,-0.5207,-1.16058303527832),(-1.22175556106567,-0.5207,
1.16058303527832),(-1.2213313621521,-0.5207,-0.984738051605225),(-1.2213313621521,
-0.5207,0.984738051605225),(-1.2213313621521,-0.0381,-0.984738051605225),
(-1.2213313621521,-0.0381,0.984738051605224),(-1.220803099823,-0.5969,-1.12900909042358),
(-1.220803099823,-0.5969,-1.05616479644775),(-1.220803099823,-0.5969,1.05616479644775),
(-1.220803099823,-0.5969,1.12900909042358),(-1.220803099823,-0.5588,-1.12900909042358),
(-1.220803099823,-0.5588,-1.05616479644775),(-1.220803099823,-0.5588,1.05616479644775),
(-1.220803099823,-0.5588,1.12900909042358),(-1.22023675842285,-0.5207,-0.984789695739746),
(-1.22023675842285,-0.5207,0.984789695739746),(-1.22023675842285,-0.0381,
-0.984789695739746),(-1.22023675842285,-0.0381,0.984789695739746),(-1.21916492462158,
-0.5969,-1.13124335327148),(-1.21916492462158,-0.5969,-1.05393063049316),
(-1.21916492462158,-0.5969,1.05393063049316),(-1.21916492462158,-0.5969,
1.13124335327148),(-1.21916492462158,-0.5588,-1.13124335327148),(-1.21916492462158,
-0.5588,-1.05393063049316),(-1.21916492462158,-0.5588,1.05393063049316),
(-1.21916492462158,-0.5588,1.13124335327148),(-1.21914099197388,-0.5207,
-0.984794152832031),(-1.21914099197388,-0.5207,0.984794152832031),(-1.21914099197388,
-0.0381,-0.984794152832031),(-1.21914099197388,-0.0381,0.984794152832031),
(-1.21804600067139,-0.5207,-0.984751325988769),(-1.21804600067139,-0.5207,
0.984751325988769),(-1.21804600067139,-0.0381,-0.984751325988769),(-1.21804600067139,
-0.0381,0.984751325988769),(-1.21760717086792,-0.5969,-1.16391267700195),
(-1.21760717086792,-0.5969,1.16391267700195),(-1.21760717086792,-0.5207,
-1.16391267700195),(-1.21760717086792,-0.5207,1.16391267700195),(-1.21743072814941,
-0.5969,-1.13340388031006),(-1.21743072814941,-0.5969,-1.05177000656128),
(-1.21743072814941,-0.5969,1.05177000656128),(-1.21743072814941,-0.5969,
1.13340388031006),(-1.21743072814941,-0.5588,-1.13340388031006),(-1.21743072814941,
-0.5588,-1.05177000656128),(-1.21743072814941,-0.5588,1.05177000656128),
(-1.21743072814941,-0.5588,1.13340388031006),(-1.21695391616821,-0.5207,
-0.984661215209961),(-1.21695391616821,-0.5207,0.984661215209961),(-1.21695391616821,
-0.0381,-0.984661215209961),(-1.21695391616821,-0.0381,0.984661215209961),
(-1.21586677322388,-0.5207,-0.984524111175537),(-1.21586677322388,-0.5207,
0.984524111175537),(-1.21586677322388,-0.0381,-0.984524111175537),(-1.21586677322388,
-0.0381,0.984524111175537),(-1.21560409545898,-0.5969,-1.13548689270019),
(-1.21560409545898,-0.5969,-1.04968699417114),(-1.21560409545898,-0.5969,
1.04968699417114),(-1.21560409545898,-0.5969,1.13548689270019),(-1.21560409545898,
-0.5588,-1.13548689270019),(-1.21560409545898,-0.5588,-1.04968699417114),
(-1.21560409545898,-0.5588,1.04968699417114),(-1.21560409545898,-0.5588,
1.13548689270019),(-1.21478641281128,-0.5207,-0.98434040145874),(-1.21478641281128,
-0.5207,0.98434040145874),(-1.21478641281128,-0.0381,-0.98434040145874),
(-1.21478641281128,-0.0381,0.98434040145874),(-1.21371516036987,-0.5207,
-0.98411008605957),(-1.21371516036987,-0.5207,0.98411008605957),(-1.21371516036987,
-0.0381,-0.98411008605957),(-1.21371516036987,-0.0381,0.98411008605957),
(-1.21368822402954,-0.5969,-1.13748822402954),(-1.21368822402954,-0.5969,
-1.0476856628418),(-1.21368822402954,-0.5969,1.0476856628418),(-1.21368822402954,
-0.5969,1.13748822402954),(-1.21368822402954,-0.5588,-1.13748822402954),
(-1.21368822402954,-0.5588,-1.0476856628418),(-1.21368822402954,-0.5588,
1.0476856628418),(-1.21368822402954,-0.5588,1.13748822402954),(-1.21331731643677,
-0.5969,-1.16705793075561),(-1.21331731643677,-0.5969,1.16705793075561),
(-1.21331731643677,-0.5207,-1.16705793075561),(-1.21331731643677,-0.5207,
1.16705793075561),(-1.21265466308594,-0.5207,-0.983833746337891),(-1.21265466308594,
-0.5207,0.983833746337891),(-1.21265466308594,-0.0381,-0.983833746337891),
(-1.21265466308594,-0.0381,0.983833746337891),(-1.21168689270019,-0.5969,
-1.13940399856567),(-1.21168689270019,-0.5969,-1.04576988830566),(-1.21168689270019,
-0.5969,1.04576988830566),(-1.21168689270019,-0.5969,1.13940399856567),
(-1.21168689270019,-0.5588,-1.13940399856567),(-1.21168689270019,-0.5588,
-1.04576988830566),(-1.21168689270019,-0.5588,1.04576988830566),(-1.21168689270019,
-0.5588,1.13940399856567),(-1.21160714950561,-0.5207,-0.983512060546875),
(-1.21160714950561,-0.5207,0.983512060546875),(-1.21160714950561,-0.0381,
-0.983512060546875),(-1.21160714950561,-0.0381,0.983512060546875),(-1.21069693374634,
-0.5588,-1.09258699188232),(-1.21069693374634,-0.5588,1.09258699188232),
(-1.21069693374634,-0.5207,-1.09258699188232),(-1.21069693374634,-0.5207,
1.09258699188232),(-1.21065701370239,-0.5588,-1.09441507797241),(-1.21065701370239,
-0.5588,-1.09075880889893),(-1.21065701370239,-0.5588,1.09075880889893),
(-1.21065701370239,-0.5588,1.09441507797241),(-1.21065701370239,-0.5207,
-1.09441507797241),(-1.21065701370239,-0.5207,-1.09075880889893),(-1.21065701370239,
-0.5207,1.09075880889893),(-1.21065701370239,-0.5207,1.09441507797241),
(-1.21057455749512,-0.5207,-0.983145416259765),(-1.21057455749512,-0.5207,
0.983145416259765),(-1.21057455749512,-0.0381,-0.983145416259765),(-1.21057455749512,
-0.0381,0.983145416259765),(-1.21053744735718,-0.5588,-1.09623967590332),
(-1.21053744735718,-0.5588,-1.08893421096802),(-1.21053744735718,-0.5588,
1.08893421096802),(-1.21053744735718,-0.5588,1.09623967590332),(-1.21053744735718,
-0.5207,-1.09623967590332),(-1.21053744735718,-0.5207,-1.08893421096802),
(-1.21053744735718,-0.5207,1.08893421096802),(-1.21053744735718,-0.5207,
1.09623967590332),(-1.21033842849731,-0.5588,-1.09805729751587),(-1.21033842849731,
-0.5588,-1.08711668624878),(-1.21033842849731,-0.5588,1.08711668624878),
(-1.21033842849731,-0.5588,1.09805729751587),(-1.21033842849731,-0.5207,
-1.09805729751587),(-1.21033842849731,-0.5207,-1.08711668624878),(-1.21033842849731,
-0.5207,1.08711668624878),(-1.21033842849731,-0.5207,1.09805729751587),
(-1.21006024780273,-0.5588,-1.09986455154419),(-1.21006024780273,-0.5588,
-1.08530933532715),(-1.21006024780273,-0.5588,1.08530933532715),(-1.21006024780273,
-0.5588,1.09986455154419),(-1.21006024780273,-0.5207,-1.09986455154419),
(-1.21006024780273,-0.5207,-1.08530933532715),(-1.21006024780273,-0.5207,
1.08530933532715),(-1.21006024780273,-0.5207,1.09986455154419),(-1.2097034866333,
-0.5588,-1.1016579498291),(-1.2097034866333,-0.5588,-1.08351593704224),
(-1.2097034866333,-0.5588,1.08351593704224),(-1.2097034866333,-0.5588,1.1016579498291),
(-1.2097034866333,-0.5207,-1.1016579498291),(-1.2097034866333,-0.5207,-1.08351593704224),
(-1.2097034866333,-0.5207,1.08351593704224),(-1.2097034866333,-0.5207,1.1016579498291),
(-1.20960397720337,-0.5969,-1.14123082504272),(-1.20960397720337,-0.5969,
-1.04394306182861),(-1.20960397720337,-0.5969,1.04394306182861),(-1.20960397720337,
-0.5969,1.14123082504272),(-1.20960397720337,-0.5588,-1.14123082504272),
(-1.20960397720337,-0.5588,-1.04394306182861),(-1.20960397720337,-0.5588,
1.04394306182861),(-1.20960397720337,-0.5588,1.14123082504272),(-1.20955863113403,
-0.5207,-0.982734588623047),(-1.20955863113403,-0.5207,0.982734588623047),
(-1.20955863113403,-0.0381,-0.982734588623047),(-1.20955863113403,-0.0381,
0.982734588623047),(-1.2092689201355,-0.5588,-1.10343410110474),(-1.2092689201355,
-0.5588,-1.0817397857666),(-1.2092689201355,-0.5588,1.0817397857666),(-1.2092689201355,
-0.5588,1.10343410110474),(-1.2092689201355,-0.5207,-1.10343410110474),
(-1.2092689201355,-0.5207,-1.0817397857666),(-1.2092689201355,-0.5207,1.0817397857666),
(-1.2092689201355,-0.5207,1.10343410110474),(-1.20889452438354,-0.5969,
-1.17001317672729),(-1.20889452438354,-0.5969,1.17001317672729),(-1.20889452438354,
-0.5207,-1.17001317672729),(-1.20889452438354,-0.5207,1.17001317672729),
(-1.2087572265625,-0.5588,-1.10518951721191),(-1.2087572265625,-0.5588,
-1.07998436965942),(-1.2087572265625,-0.5588,1.07998436965942),(-1.2087572265625,
-0.5588,1.10518951721191),(-1.2087572265625,-0.5207,-1.10518951721191),
(-1.2087572265625,-0.5207,-1.07998436965942),(-1.2087572265625,-0.5207,
1.07998436965942),(-1.2087572265625,-0.5207,1.10518951721191),(-1.20856140518188,
-0.5207,-0.982280352783203),(-1.20856140518188,-0.5207,0.982280352783203),
(-1.20856140518188,-0.0381,-0.982280352783203),(-1.20856140518188,-0.0381,
0.982280352783203),(-1.20816947174072,-0.5588,-1.10692100067139),(-1.20816947174072,
-0.5588,-1.07825288619995),(-1.20816947174072,-0.5588,1.07825288619995),
(-1.20816947174072,-0.5588,1.10692100067139),(-1.20816947174072,-0.5207,
-1.10692100067139),(-1.20816947174072,-0.5207,-1.07825288619995),(-1.20816947174072,
-0.5207,1.07825288619995),(-1.20816947174072,-0.5207,1.10692100067139),
(-1.20758472061157,-0.5207,-0.981783483886719),(-1.20758472061157,-0.5207,
0.981783483886719),(-1.20758472061157,-0.0381,-0.981783483886719),(-1.20758472061157,
-0.0381,0.981783483886719),(-1.20750672149658,-0.5588,-1.1086252571106),
(-1.20750672149658,-0.5588,-1.07654862976074),(-1.20750672149658,-0.5588,
1.07654862976074),(-1.20750672149658,-0.5588,1.1086252571106),(-1.20750672149658,
-0.5207,-1.1086252571106),(-1.20750672149658,-0.5207,-1.07654862976074),
(-1.20750672149658,-0.5207,1.07654862976074),(-1.20750672149658,-0.5207,
1.1086252571106),(-1.20744325637817,-0.5969,-1.14296482772827),(-1.20744325637817,
-0.5969,-1.04220905914307),(-1.20744325637817,-0.5969,1.04220905914307),
(-1.20744325637817,-0.5969,1.14296482772827),(-1.20744325637817,-0.5588,
-1.14296482772827),(-1.20744325637817,-0.5588,-1.04220905914307),(-1.20744325637817,
-0.5588,1.04220905914307),(-1.20744325637817,-0.5588,1.14296482772827),
(-1.20677033233643,-0.5588,-1.11029879837036),(-1.20677033233643,-0.5588,
-1.07487508850098),(-1.20677033233643,-0.5588,1.07487508850098),(-1.20677033233643,
-0.5588,1.11029879837036),(-1.20677033233643,-0.5207,-1.11029879837036),
(-1.20677033233643,-0.5207,-1.07487508850098),(-1.20677033233643,-0.5207,
1.07487508850098),(-1.20677033233643,-0.5207,1.11029879837036),(-1.206630418396,
-0.5207,-0.981244950866699),(-1.206630418396,-0.5207,0.981244950866699),
(-1.206630418396,-0.0381,-0.981244950866699),(-1.206630418396,-0.0381,0.981244950866699),
(-1.20596156387329,-0.5588,-1.11193881454468),(-1.20596156387329,-0.5588,
-1.07323507232666),(-1.20596156387329,-0.5588,1.07323507232666),(-1.20596156387329,
-0.5588,1.11193881454468),(-1.20596156387329,-0.5207,-1.11193881454468),
(-1.20596156387329,-0.5207,-1.07323507232666),(-1.20596156387329,-0.5207,
1.07323507232666),(-1.20596156387329,-0.5207,1.11193881454468),(-1.20570014572144,
-0.5207,-0.980665819549561),(-1.20570014572144,-0.5207,0.980665819549561),
(-1.20570014572144,-0.0381,-0.980665819549561),(-1.20570014572144,-0.0381,
0.980665819549561),(-1.20520909042358,-0.5969,-1.144603099823),(-1.20520909042358,
-0.5969,-1.04057078704834),(-1.20520909042358,-0.5969,1.04057078704834),
(-1.20520909042358,-0.5969,1.144603099823),(-1.20520909042358,-0.5588,-1.144603099823),
(-1.20520909042358,-0.5588,-1.04057078704834),(-1.20520909042358,-0.5588,
1.04057078704834),(-1.20520909042358,-0.5588,1.144603099823),(-1.20508206329346,
-0.5588,-1.11354191436768),(-1.20508206329346,-0.5588,-1.07163197250366),
(-1.20508206329346,-0.5588,1.07163197250366),(-1.20508206329346,-0.5588,
1.11354191436768),(-1.20508206329346,-0.5207,-1.11354191436768),(-1.20508206329346,
-0.5207,-1.07163197250366),(-1.20508206329346,-0.5207,1.07163197250366),
(-1.20508206329346,-0.5207,1.11354191436768),(-1.20479574356079,-0.5207,
-0.980047058868408),(-1.20479574356079,-0.5207,0.980047058868408),(-1.20479574356079,
-0.0381,-0.980047058868408),(-1.20479574356079,-0.0381,0.980047058868408),
(-1.20434693374634,-0.5969,-1.17277279510498),(-1.20434693374634,-0.5969,
1.17277279510498),(-1.20434693374634,-0.5207,-1.17277279510498),(-1.20434693374634,
-0.5207,1.17277279510498),(-1.2041334777832,-0.5588,-1.11510519104004),
(-1.2041334777832,-0.5588,-1.0700686958313),(-1.2041334777832,-0.5588,1.0700686958313),
(-1.2041334777832,-0.5588,1.11510519104004),(-1.2041334777832,-0.5207,-1.11510519104004),
(-1.2041334777832,-0.5207,-1.0700686958313),(-1.2041334777832,-0.5207,1.0700686958313),
(-1.2041334777832,-0.5207,1.11510519104004),(-1.20391885910034,-0.5207,
-0.979389831542969),(-1.20391885910034,-0.5207,0.979389831542969),(-1.20391885910034,
-0.0381,-0.979389831542969),(-1.20391885910034,-0.0381,0.979389831542969),
(-1.20311764831543,-0.5588,-1.11662554397583),(-1.20311764831543,-0.5588,
-1.06854834289551),(-1.20311764831543,-0.5588,1.06854834289551),(-1.20311764831543,
-0.5588,1.11662554397583),(-1.20311764831543,-0.5207,-1.11662554397583),
(-1.20311764831543,-0.5207,-1.06854834289551),(-1.20311764831543,-0.5207,
1.06854834289551),(-1.20311764831543,-0.5207,1.11662554397583),(-1.20307113952637,
-0.5207,-0.97869549407959),(-1.20307113952637,-0.5207,0.97869549407959),
(-1.20307113952637,-0.0381,-0.97869549407959),(-1.20307113952637,-0.0381,
0.97869549407959),(-1.20290545196533,-0.5969,-1.14614225006103),(-1.20290545196533,
-0.5969,-1.0390316368103),(-1.20290545196533,-0.5969,1.0390316368103),(-1.20290545196533,
-0.5969,1.14614225006103),(-1.20290545196533,-0.5588,-1.14614225006103),
(-1.20290545196533,-0.5588,-1.0390316368103),(-1.20290545196533,-0.5588,
1.0390316368103),(-1.20290545196533,-0.5588,1.14614225006103),(-1.20225423202515,
-0.5207,-0.977965112304687),(-1.20225423202515,-0.5207,0.977965112304687),
(-1.20225423202515,-0.0381,-0.977965112304687),(-1.20225423202515,-0.0381,
0.977965112304687),(-1.20203631896973,-0.5588,-1.11810016326904),(-1.20203631896973,
-0.5588,-1.06707372360229),(-1.20203631896973,-0.5588,1.06707372360229),
(-1.20203631896973,-0.5588,1.11810016326904),(-1.20203631896973,-0.5207,
-1.11810016326904),(-1.20203631896973,-0.5207,-1.06707372360229),(-1.20203631896973,
-0.5207,1.06707372360229),(-1.20203631896973,-0.5207,1.11810016326904),
(-1.20146949310303,-0.5207,-0.97720023651123),(-1.20146949310303,-0.5207,
0.97720023651123),(-1.20146949310303,-0.0381,-0.97720023651123),(-1.20146949310303,
-0.0381,0.97720023651123),(-1.20089191207886,-0.5588,-1.11952614212036),
(-1.20089191207886,-0.5588,-1.06564764785767),(-1.20089191207886,-0.5588,
1.06564764785767),(-1.20089191207886,-0.5588,1.11952614212036),(-1.20089191207886,
-0.5207,-1.11952614212036),(-1.20089191207886,-0.5207,-1.06564764785767),
(-1.20089191207886,-0.5207,1.06564764785767),(-1.20089191207886,-0.5207,
1.11952614212036),(-1.20071847305298,-0.5207,-0.976402223205566),(-1.20071847305298,
-0.5207,0.976402223205566),(-1.20071847305298,-0.0381,-0.976402223205566),
(-1.20071847305298,-0.0381,0.976402223205566),(-1.20053699188232,-0.5969,
-1.14757956542969),(-1.20053699188232,-0.5969,-1.03759432144165),(-1.20053699188232,
-0.5969,1.03759432144165),(-1.20053699188232,-0.5969,1.14757956542969),
(-1.20053699188232,-0.5588,-1.14757956542969),(-1.20053699188232,-0.5588,
-1.03759432144165),(-1.20053699188232,-0.5588,1.03759432144165),(-1.20053699188232,
-0.5588,1.14757956542969),(-1.20000262527466,-0.5207,-0.975572525787353),
(-1.20000262527466,-0.5207,0.975572525787353),(-1.20000262527466,-0.0381,
-0.975572525787353),(-1.20000262527466,-0.0381,0.975572525787353),(-1.19968626861572,
-0.5588,-1.1209008644104),(-1.19968626861572,-0.5588,-1.06427302246094),
(-1.19968626861572,-0.5588,1.06427302246094),(-1.19968626861572,-0.5588,
1.1209008644104),(-1.19968626861572,-0.5207,-1.1209008644104),(-1.19968626861572,
-0.5207,-1.06427302246094),(-1.19968626861572,-0.5207,1.06427302246094),
(-1.19968626861572,-0.5207,1.1209008644104),(-1.1996832649231,-0.5969,-1.17533126296997),
(-1.1996832649231,-0.5969,1.17533126296997),(-1.1996832649231,-0.5207,-1.17533126296997),
(-1.1996832649231,-0.5207,1.17533126296997),(-1.1993232093811,-0.5207,-0.974712791442871),
(-1.1993232093811,-0.5207,0.974712791442871),(-1.1993232093811,-0.0381,
-0.974712791442871),(-1.1993232093811,-0.0381,0.974712791442871),(-1.19868148498535,
-0.5207,-0.973824473571777),(-1.19868148498535,-0.5207,0.973824473571777),
(-1.19868148498535,-0.0381,-0.973824473571777),(-1.19868148498535,-0.0381,
0.973824473571777),(-1.19842181091309,-0.5588,-1.12222181091309),(-1.19842181091309,
-0.5588,-1.06295207595825),(-1.19842181091309,-0.5588,1.06295207595825),
(-1.19842181091309,-0.5588,1.12222181091309),(-1.19842181091309,-0.5207,
-1.12222181091309),(-1.19842181091309,-0.5207,-1.06295207595825),(-1.19842181091309,
-0.5207,1.06295207595825),(-1.19842181091309,-0.5207,1.12222181091309),
(-1.19810797348022,-0.5969,-1.14891213912964),(-1.19810797348022,-0.5969,
-1.0362617477417),(-1.19810797348022,-0.5969,1.0362617477417),(-1.19810797348022,
-0.5969,1.14891213912964),(-1.19810797348022,-0.5588,-1.14891213912964),
(-1.19810797348022,-0.5588,-1.0362617477417),(-1.19810797348022,-0.5588,
1.0362617477417),(-1.19810797348022,-0.5588,1.14891213912964),(-1.19807871170044,
-0.5207,-0.972909413146973),(-1.19807871170044,-0.5207,0.972909413146973),
(-1.19807871170044,-0.0381,-0.972909413146973),(-1.19807871170044,-0.0381,
0.972909413146973),(-1.19751595535278,-0.5207,-0.971969160461426),(-1.19751595535278,
-0.5207,0.971969160461426),(-1.19751595535278,-0.0381,-0.971969160461426),
(-1.19751595535278,-0.0381,0.971969160461426),(-1.19710096130371,-0.5588,
-1.12348626861572),(-1.19710096130371,-0.5588,-1.06168761825561),(-1.19710096130371,
-0.5588,1.06168761825561),(-1.19710096130371,-0.5588,1.12348626861572),
(-1.19710096130371,-0.5207,-1.12348626861572),(-1.19710096130371,-0.5207,
-1.06168761825561),(-1.19710096130371,-0.5207,1.06168761825561),(-1.19710096130371,
-0.5207,1.12348626861572),(-1.1969942817688,-0.5207,-0.971005459594726),
(-1.1969942817688,-0.5207,0.971005459594726),(-1.1969942817688,-0.0381,
-0.971005459594726),(-1.1969942817688,-0.0381,0.971005459594726),(-1.19651465988159,
-0.5207,-0.970020248413086),(-1.19651465988159,-0.5207,0.970020248413086),
(-1.19651465988159,-0.0381,-0.970020248413086),(-1.19651465988159,-0.0381,
0.970020248413086),(-1.19607796173096,-0.5207,-0.969015174102783),(-1.19607796173096,
-0.5207,0.969015174102783),(-1.19607796173096,-0.0381,-0.969015174102783),
(-1.19607796173096,-0.0381,0.969015174102783),(-1.19572614212036,-0.5588,
-1.12469181518555),(-1.19572614212036,-0.5588,-1.06048207168579),(-1.19572614212036,
-0.5588,1.06048207168579),(-1.19572614212036,-0.5588,1.12469181518555),
(-1.19572614212036,-0.5207,-1.12469181518555),(-1.19572614212036,-0.5207,
-1.06048207168579),(-1.19572614212036,-0.5207,1.06048207168579),(-1.19572614212036,
-0.5207,1.12469181518555),(-1.19568505935669,-0.5207,-0.967992174530029),
(-1.19568505935669,-0.5207,0.967992174530029),(-1.19568505935669,-0.0381,
-0.967992174530029),(-1.19568505935669,-0.0381,0.967992174530029),(-1.19562324142456,
-0.5969,-1.15013754882812),(-1.19562324142456,-0.5969,-1.03503643493652),
(-1.19562324142456,-0.5969,1.03503643493652),(-1.19562324142456,-0.5969,
1.15013754882812),(-1.19562324142456,-0.5588,-1.15013754882812),(-1.19562324142456,
-0.5588,-1.03503643493652),(-1.19562324142456,-0.5588,1.03503643493652),
(-1.19562324142456,-0.5588,1.15013754882812),(-1.19533663101196,-0.5207,
-0.966953187561035),(-1.19533663101196,-0.5207,0.966953187561035),(-1.19533663101196,
-0.0381,-0.966953187561035),(-1.19533663101196,-0.0381,0.966953187561035),
(-1.19503325805664,-0.5207,-0.965900247955322),(-1.19503325805664,-0.5207,
0.965900247955322),(-1.19503325805664,-0.0381,-0.965900247955322),(-1.19503325805664,
-0.0381,0.965900247955322),(-1.1949125289917,-0.5969,-1.17768392944336),
(-1.1949125289917,-0.5969,1.17768392944336),(-1.1949125289917,-0.5207,-1.17768392944336),
(-1.1949125289917,-0.5207,1.17768392944336),(-1.19477571563721,-0.5207,
-0.964835196685791),(-1.19477571563721,-0.5207,0.964835196685791),(-1.19477571563721,
-0.0381,-0.964835196685791),(-1.19477571563721,-0.0381,0.964835196685791),
(-1.19456419754028,-0.5207,-0.963759874725342),(-1.19456419754028,-0.5207,
0.963759874725342),(-1.19456419754028,-0.0381,-0.963759874725342),(-1.19456419754028,
-0.0381,0.963759874725342),(-1.19439938201904,-0.5207,-0.962676607513428),
(-1.19439938201904,-0.5207,0.962676607513428),(-1.19439938201904,-0.0381,
-0.962676607513428),(-1.19439938201904,-0.0381,0.962676607513428),(-1.19430016326904,
-0.5588,-1.12583641586304),(-1.19430016326904,-0.5588,-1.0593374710083),
(-1.19430016326904,-0.5588,1.0593374710083),(-1.19430016326904,-0.5588,
1.12583641586304),(-1.19430016326904,-0.5207,-1.12583641586304),(-1.19430016326904,
-0.5207,-1.0593374710083),(-1.19430016326904,-0.5207,1.12583641586304),
(-1.19430016326904,-0.5207,1.0593374710083),(-1.19428146286011,-0.5207,
-0.961587236022949),(-1.19428146286011,-0.5207,0.961587236022949),(-1.19428146286011,
-0.0381,-0.961587236022949),(-1.19428146286011,-0.0381,0.961587236022949),
(-1.1942106338501,-0.5207,-0.960493601226807),(-1.1942106338501,-0.5207,
0.960493601226807),(-1.1942106338501,-0.0381,-0.960493601226807),(-1.1942106338501,
-0.0381,0.960493601226807),(-1.19418699188232,-0.5207,-0.959398125457764),
(-1.19418699188232,-0.5207,0.959398125457764),(-1.19418699188232,-0.0381,
-0.959398125457764),(-1.19418699188232,-0.0381,0.959398125457764),(-1.19308734970093,
-0.5969,-1.15125327529907),(-1.19308734970093,-0.5969,-1.03392061157227),
(-1.19308734970093,-0.5969,1.03392061157227),(-1.19308734970093,-0.5969,
1.15125327529907),(-1.19308734970093,-0.5588,-1.15125327529907),(-1.19308734970093,
-0.5588,-1.03392061157227),(-1.19308734970093,-0.5588,1.03392061157227),
(-1.19308734970093,-0.5588,1.15125327529907),(-1.19282554397583,-0.5588,
-1.12691764831543),(-1.19282554397583,-0.5588,-1.05825623855591),(-1.19282554397583,
-0.5588,1.05825623855591),(-1.19282554397583,-0.5588,1.12691764831543),
(-1.19282554397583,-0.5207,-1.12691764831543),(-1.19282554397583,-0.5207,
-1.05825623855591),(-1.19282554397583,-0.5207,1.05825623855591),(-1.19282554397583,
-0.5207,1.12691764831543),(-1.19130519104004,-0.5588,-1.1279334777832),
(-1.19130519104004,-0.5588,-1.05724040908813),(-1.19130519104004,-0.5588,
1.05724040908813),(-1.19130519104004,-0.5588,1.1279334777832),(-1.19130519104004,
-0.5207,-1.1279334777832),(-1.19130519104004,-0.5207,-1.05724040908813),
(-1.19130519104004,-0.5207,1.05724040908813),(-1.19130519104004,-0.5207,
1.1279334777832),(-1.19050523986816,-0.5969,-1.15225738067627),(-1.19050523986816,
-0.5969,-1.03291650619507),(-1.19050523986816,-0.5969,1.03291650619507),
(-1.19050523986816,-0.5969,1.15225738067627),(-1.19050523986816,-0.5588,
-1.15225738067627),(-1.19050523986816,-0.5588,-1.03291650619507),(-1.19050523986816,
-0.5588,1.03291650619507),(-1.19050523986816,-0.5588,1.15225738067627),
(-1.19004373703003,-0.5969,-1.17982633743286),(-1.19004373703003,-0.5969,
1.17982633743286),(-1.19004373703003,-0.5207,-1.17982633743286),(-1.19004373703003,
-0.5207,1.17982633743286),(-1.18974201126099,-0.5588,-1.12888206329346),
(-1.18974201126099,-0.5588,-1.05629182357788),(-1.18974201126099,-0.5588,
1.05629182357788),(-1.18974201126099,-0.5588,1.12888206329346),(-1.18974201126099,
-0.5207,-1.12888206329346),(-1.18974201126099,-0.5207,-1.05629182357788),
(-1.18974201126099,-0.5207,1.05629182357788),(-1.18974201126099,-0.5207,
1.12888206329346),(-1.18813881454468,-0.5588,-1.12976156387329),(-1.18813881454468,
-0.5588,-1.05541232299805),(-1.18813881454468,-0.5588,1.05541232299805),
(-1.18813881454468,-0.5588,1.12976156387329),(-1.18813881454468,-0.5207,
-1.12976156387329),(-1.18813881454468,-0.5207,-1.05541232299805),(-1.18813881454468,
-0.5207,1.05541232299805),(-1.18813881454468,-0.5207,1.12976156387329),
(-1.1878817565918,-0.5969,-1.15314802398682),(-1.1878817565918,-0.5969,
-1.03202586288452),(-1.1878817565918,-0.5969,1.03202586288452),(-1.1878817565918,
-0.5969,1.15314802398682),(-1.1878817565918,-0.5588,-1.15314802398682),
(-1.1878817565918,-0.5588,-1.03202586288452),(-1.1878817565918,-0.5588,
1.03202586288452),(-1.1878817565918,-0.5588,1.15314802398682),(-1.18649889526367,
-0.5588,-1.13057023544311),(-1.18649889526367,-0.5588,-1.05460355453491),
(-1.18649889526367,-0.5588,1.05460355453491),(-1.18649889526367,-0.5588,
1.13057023544311),(-1.18649889526367,-0.5207,-1.13057023544311),(-1.18649889526367,
-0.5207,-1.05460355453491),(-1.18649889526367,-0.5207,1.05460355453491),
(-1.18649889526367,-0.5207,1.13057023544311),(-1.18522193832397,-0.5969,
-1.1539232673645),(-1.18522193832397,-0.5969,-1.03125061950684),(-1.18522193832397,
-0.5969,1.03125061950684),(-1.18522193832397,-0.5969,1.1539232673645),(-1.18522193832397,
-0.5588,-1.1539232673645),(-1.18522193832397,-0.5588,-1.03125061950684),
(-1.18522193832397,-0.5588,1.03125061950684),(-1.18522193832397,-0.5588,
1.1539232673645),(-1.18508599700928,-0.5969,-1.18175422363281),(-1.18508599700928,
-0.5969,1.18175422363281),(-1.18508599700928,-0.5207,-1.18175422363281),
(-1.18508599700928,-0.5207,1.18175422363281),(-1.1848252571106,-0.5588,
-1.13130672149658),(-1.1848252571106,-0.5588,-1.05386716537476),(-1.1848252571106,
-0.5588,1.05386716537476),(-1.1848252571106,-0.5588,1.13130672149658),(-1.1848252571106,
-0.5207,-1.13130672149658),(-1.1848252571106,-0.5207,-1.05386716537476),
(-1.1848252571106,-0.5207,1.05386716537476),(-1.1848252571106,-0.5207,1.13130672149658),
(-1.18312100067139,-0.5588,-1.13196947174072),(-1.18312100067139,-0.5588,
-1.05320441513061),(-1.18312100067139,-0.5588,1.05320441513061),(-1.18312100067139,
-0.5588,1.13196947174072),(-1.18312100067139,-0.5207,-1.13196947174072),
(-1.18312100067139,-0.5207,-1.05320441513061),(-1.18312100067139,-0.5207,
1.05320441513061),(-1.18312100067139,-0.5207,1.13196947174072),(-1.18253092041016,
-0.5969,-1.15458175430298),(-1.18253092041016,-0.5969,-1.03059213256836),
(-1.18253092041016,-0.5969,1.03059213256836),(-1.18253092041016,-0.5969,
1.15458175430298),(-1.18253092041016,-0.5588,-1.15458175430298),(-1.18253092041016,
-0.5588,-1.03059213256836),(-1.18253092041016,-0.5588,1.03059213256836),
(-1.18253092041016,-0.5588,1.15458175430298),(-1.18138961410522,-0.5588,
-1.1325572265625),(-1.18138961410522,-0.5588,-1.05261666030884),(-1.18138961410522,
-0.5588,1.05261666030884),(-1.18138961410522,-0.5588,1.1325572265625),(-1.18138961410522,
-0.5207,-1.1325572265625),(-1.18138961410522,-0.5207,-1.05261666030884),
(-1.18138961410522,-0.5207,1.05261666030884),(-1.18138961410522,-0.5207,
1.1325572265625),(-1.1800489982605,-0.5969,-1.18346409988403),(-1.1800489982605,
-0.5969,1.18346409988403),(-1.1800489982605,-0.5207,-1.18346409988403),
(-1.1800489982605,-0.5207,1.18346409988403),(-1.17981364440918,-0.5969,
-1.15512222518921),(-1.17981364440918,-0.5969,-1.03005166168213),(-1.17981364440918,
-0.5969,1.03005166168213),(-1.17981364440918,-0.5969,1.15512222518921),
(-1.17981364440918,-0.5588,-1.15512222518921),(-1.17981364440918,-0.5588,
-1.03005166168213),(-1.17981364440918,-0.5588,1.03005166168213),(-1.17981364440918,
-0.5588,1.15512222518921),(-1.17963400421143,-0.5588,-1.13306882324219),
(-1.17963400421143,-0.5588,-1.05210506362915),(-1.17963400421143,-0.5588,
1.05210506362915),(-1.17963400421143,-0.5588,1.13306882324219),(-1.17963400421143,
-0.5207,-1.13306882324219),(-1.17963400421143,-0.5207,-1.05210506362915),
(-1.17963400421143,-0.5207,1.05210506362915),(-1.17963400421143,-0.5207,
1.13306882324219),(-1.17785785293579,-0.5588,-1.13350358352661),(-1.17785785293579,
-0.5588,-1.05167030334473),(-1.17785785293579,-0.5588,1.05167030334473),
(-1.17785785293579,-0.5588,1.13350358352661),(-1.17785785293579,-0.5207,
-1.13350358352661),(-1.17785785293579,-0.5207,-1.05167030334473),(-1.17785785293579,
-0.5207,1.05167030334473),(-1.17785785293579,-0.5207,1.13350358352661),
(-1.17707534255981,-0.5969,-1.15554361419678),(-1.17707534255981,-0.5969,
-1.02963027267456),(-1.17707534255981,-0.5969,1.02963027267456),(-1.17707534255981,
-0.5969,1.15554361419678),(-1.17707534255981,-0.5588,-1.15554361419678),
(-1.17707534255981,-0.5588,-1.02963027267456),(-1.17707534255981,-0.5588,
1.02963027267456),(-1.17707534255981,-0.5588,1.15554361419678),(-1.17606455154419,
-0.5588,-1.13386024780273),(-1.17606455154419,-0.5588,-1.0513136390686),
(-1.17606455154419,-0.5588,1.0513136390686),(-1.17606455154419,-0.5588,
1.13386024780273),(-1.17606455154419,-0.5207,-1.13386024780273),(-1.17606455154419,
-0.5207,-1.0513136390686),(-1.17606455154419,-0.5207,1.0513136390686),(-1.17606455154419,
-0.5207,1.13386024780273),(-1.17494223632812,-0.5969,-1.18495257492065),
(-1.17494223632812,-0.5969,1.18495257492065),(-1.17494223632812,-0.5207,
-1.18495257492065),(-1.17494223632812,-0.5207,1.18495257492065),(-1.17432134399414,
-0.5969,-1.15584533996582),(-1.17432134399414,-0.5969,-1.02932854690552),
(-1.17432134399414,-0.5969,1.02932854690552),(-1.17432134399414,-0.5969,
1.15584533996582),(-1.17432134399414,-0.5588,-1.15584533996582),(-1.17432134399414,
-0.5588,-1.02932854690552),(-1.17432134399414,-0.5588,1.02932854690552),
(-1.17432134399414,-0.5588,1.15584533996582),(-1.17425729751587,-0.5588,
-1.134138331604),(-1.17425729751587,-0.5588,-1.05103555526733),(-1.17425729751587,
-0.5588,1.05103555526733),(-1.17425729751587,-0.5588,1.134138331604),(-1.17425729751587,
-0.5207,-1.134138331604),(-1.17425729751587,-0.5207,-1.05103555526733),
(-1.17425729751587,-0.5207,1.05103555526733),(-1.17425729751587,-0.5207,
1.134138331604),(-1.17243957901001,-0.5588,-1.13433744735718),(-1.17243957901001,
-0.5588,-1.05083643951416),(-1.17243957901001,-0.5588,1.05083643951416),
(-1.17243957901001,-0.5588,1.13433744735718),(-1.17243957901001,-0.5207,
-1.13433744735718),(-1.17243957901001,-0.5207,-1.05083643951416),(-1.17243957901001,
-0.5207,1.05083643951416),(-1.17243957901001,-0.5207,1.13433744735718),
(-1.17155678405762,-0.5969,-1.15602653045654),(-1.17155678405762,-0.5969,
-1.02914735641479),(-1.17155678405762,-0.5969,1.02914735641479),(-1.17155678405762,
-0.5969,1.15602653045654),(-1.17155678405762,-0.5588,-1.15602653045654),
(-1.17155678405762,-0.5588,-1.02914735641479),(-1.17155678405762,-0.5588,
1.02914735641479),(-1.17155678405762,-0.5588,1.15602653045654),(-1.1706149810791,
-0.5207,-1.05071687316894),(-1.1706149810791,-0.5207,1.05071687316894),
(-1.1706149810791,-0.5207,1.1344571105957),(-1.1706149810791,-0.5588,-1.1344571105957),
(-1.1706149810791,-0.5588,-1.05071687316894),(-1.1706149810791,-0.5588,
1.05071687316894),(-1.1706149810791,-0.5588,1.1344571105957),(-1.1706149810791,
-0.5207,-1.1344571105957),(-1.16977520675659,-0.5969,-1.18621693572998),
(-1.16977520675659,-0.5969,1.18621693572998),(-1.16977520675659,-0.5207,
-1.18621693572998),(-1.16977520675659,-0.5207,1.18621693572998),(-1.16878689498901,
-0.5969,-1.15608699188232),(-1.16878689498901,-0.5969,-1.02908689498901),
(-1.16878689498901,-0.5969,1.02908689498901),(-1.16878689498901,-0.5969,
1.15608699188232),(-1.16878689498901,-0.5588,-1.15608699188232),(-1.16878689498901,
-0.5588,-1.13449693374634),(-1.16878689498901,-0.5588,-1.05067685623169),
(-1.16878689498901,-0.5588,-1.02908689498901),(-1.16878689498901,-0.5588,
1.02908689498901),(-1.16878689498901,-0.5588,1.05067685623169),(-1.16878689498901,
-0.5588,1.13449693374634),(-1.16878689498901,-0.5588,1.15608699188232),
(-1.16878689498901,-0.5207,-1.13449693374634),(-1.16878689498901,-0.5207,
-1.05067685623169),(-1.16878689498901,-0.5207,1.05067685623169),(-1.16878689498901,
-0.5207,1.13449693374634),(-1.16695890579224,-0.5588,-1.1344571105957),
(-1.16695890579224,-0.5588,-1.05071687316894),(-1.16695890579224,-0.5588,
1.05071687316894),(-1.16695890579224,-0.5588,1.1344571105957),(-1.16695890579224,
-0.5207,-1.1344571105957),(-1.16695890579224,-0.5207,-1.05071687316894),
(-1.16695890579224,-0.5207,1.05071687316894),(-1.16695890579224,-0.5207,
1.1344571105957),(-1.16601710281372,-0.5969,-1.02914735641479),(-1.16601710281372,
-0.5969,1.15602653045654),(-1.16601710281372,-0.5969,-1.15602653045654),
(-1.16601710281372,-0.5969,1.02914735641479),(-1.16601710281372,-0.5588,
-1.15602653045654),(-1.16601710281372,-0.5588,-1.02914735641479),(-1.16601710281372,
-0.5588,1.02914735641479),(-1.16601710281372,-0.5588,1.15602653045654),
(-1.16513421096802,-0.5588,-1.13433744735718),(-1.16513421096802,-0.5588,
-1.05083643951416),(-1.16513421096802,-0.5588,1.05083643951416),(-1.16513421096802,
-0.5588,1.13433744735718),(-1.16513421096802,-0.5207,-1.13433744735718),
(-1.16513421096802,-0.5207,-1.05083643951416),(-1.16513421096802,-0.5207,
1.05083643951416),(-1.16513421096802,-0.5207,1.13433744735718),(-1.16455818023682,
-0.5969,-1.18725475997925),(-1.16455818023682,-0.5969,1.18725475997925),
(-1.16455818023682,-0.5207,-1.18725475997925),(-1.16455818023682,-0.5207,
1.18725475997925),(-1.16331658935547,-0.5588,-1.134138331604),(-1.16331658935547,
-0.5588,-1.05103555526733),(-1.16331658935547,-0.5588,1.05103555526733),
(-1.16331658935547,-0.5588,1.134138331604),(-1.16331658935547,-0.5207,-1.134138331604),
(-1.16331658935547,-0.5207,-1.05103555526733),(-1.16331658935547,-0.5207,
1.05103555526733),(-1.16331658935547,-0.5207,1.134138331604),(-1.1632525428772,
-0.5969,-1.15584533996582),(-1.1632525428772,-0.5969,-1.02932854690552),
(-1.1632525428772,-0.5969,1.02932854690552),(-1.1632525428772,-0.5969,1.15584533996582),
(-1.1632525428772,-0.5588,-1.15584533996582),(-1.1632525428772,-0.5588,
-1.02932854690552),(-1.1632525428772,-0.5588,1.02932854690552),(-1.1632525428772,
-0.5588,1.15584533996582),(-1.16150933532715,-0.5207,-1.0513136390686),
(-1.16150933532715,-0.5207,1.0513136390686),(-1.16150933532715,-0.5207,
1.13386024780273),(-1.16150933532715,-0.5588,-1.13386024780273),(-1.16150933532715,
-0.5588,-1.0513136390686),(-1.16150933532715,-0.5588,1.0513136390686),(-1.16150933532715,
-0.5588,1.13386024780273),(-1.16150933532715,-0.5207,-1.13386024780273),
(-1.16049854431152,-0.5969,-1.15554361419678),(-1.16049854431152,-0.5969,
-1.02963027267456),(-1.16049854431152,-0.5969,1.02963027267456),(-1.16049854431152,
-0.5969,1.15554361419678),(-1.16049854431152,-0.5588,-1.15554361419678),
(-1.16049854431152,-0.5588,-1.02963027267456),(-1.16049854431152,-0.5588,
1.02963027267456),(-1.16049854431152,-0.5588,1.15554361419678),(-1.15971593704224,
-0.5588,-1.13350358352661),(-1.15971593704224,-0.5588,-1.05167030334473),
(-1.15971593704224,-0.5588,1.05167030334473),(-1.15971593704224,-0.5588,
1.13350358352661),(-1.15971593704224,-0.5207,-1.13350358352661),(-1.15971593704224,
-0.5207,-1.05167030334473),(-1.15971593704224,-0.5207,1.05167030334473),
(-1.15971593704224,-0.5207,1.13350358352661),(-1.15930074920654,-0.5969,
-1.18806381912231),(-1.15930074920654,-0.5969,1.18806381912231),(-1.15930074920654,
-0.5207,-1.18806381912231),(-1.15930074920654,-0.5207,1.18806381912231),
(-1.15793988265991,-0.5588,-1.13306882324219),(-1.15793988265991,-0.5588,
-1.05210506362915),(-1.15793988265991,-0.5588,1.05210506362915),(-1.15793988265991,
-0.5588,1.13306882324219),(-1.15793988265991,-0.5207,-1.13306882324219),
(-1.15793988265991,-0.5207,-1.05210506362915),(-1.15793988265991,-0.5207,
1.05210506362915),(-1.15793988265991,-0.5207,1.13306882324219),(-1.15776024246216,
-0.5969,-1.15512222518921),(-1.15776024246216,-0.5969,-1.03005166168213),
(-1.15776024246216,-0.5969,1.03005166168213),(-1.15776024246216,-0.5969,
1.15512222518921),(-1.15776024246216,-0.5588,-1.15512222518921),(-1.15776024246216,
-0.5588,-1.03005166168213),(-1.15776024246216,-0.5588,1.03005166168213),
(-1.15776024246216,-0.5588,1.15512222518921),(-1.15618436965942,-0.5588,
-1.1325572265625),(-1.15618436965942,-0.5588,-1.05261666030884),(-1.15618436965942,
-0.5588,1.05261666030884),(-1.15618436965942,-0.5588,1.1325572265625),(-1.15618436965942,
-0.5207,-1.1325572265625),(-1.15618436965942,-0.5207,-1.05261666030884),
(-1.15618436965942,-0.5207,1.05261666030884),(-1.15618436965942,-0.5207,
1.1325572265625),(-1.15504296646118,-0.5969,-1.15458175430298),(-1.15504296646118,
-0.5969,-1.03059213256836),(-1.15504296646118,-0.5969,1.03059213256836),
(-1.15504296646118,-0.5969,1.15458175430298),(-1.15504296646118,-0.5588,
-1.15458175430298),(-1.15504296646118,-0.5588,-1.03059213256836),(-1.15504296646118,
-0.5588,1.03059213256836),(-1.15504296646118,-0.5588,1.15458175430298),
(-1.15445288619995,-0.5588,-1.13196947174072),(-1.15445288619995,-0.5588,
-1.05320441513061),(-1.15445288619995,-0.5588,1.05320441513061),(-1.15445288619995,
-0.5588,1.13196947174072),(-1.15445288619995,-0.5207,-1.13196947174072),
(-1.15445288619995,-0.5207,-1.05320441513061),(-1.15445288619995,-0.5207,
1.05320441513061),(-1.15445288619995,-0.5207,1.13196947174072),(-1.15401299057007,
-0.5969,1.18864304733276),(-1.15401299057007,-0.5207,-1.18864304733276),
(-1.15401299057007,-0.5207,1.18864304733276),(-1.15401299057007,-0.5969,
-1.18864304733276),(-1.15274872665405,-0.5588,-1.13130672149658),(-1.15274872665405,
-0.5588,-1.05386716537476),(-1.15274872665405,-0.5588,1.05386716537476),
(-1.15274872665405,-0.5588,1.13130672149658),(-1.15274872665405,-0.5207,
-1.13130672149658),(-1.15274872665405,-0.5207,-1.05386716537476),(-1.15274872665405,
-0.5207,1.05386716537476),(-1.15274872665405,-0.5207,1.13130672149658),
(-1.15235194854736,-0.5969,-1.1539232673645),(-1.15235194854736,-0.5969,
-1.03125061950684),(-1.15235194854736,-0.5969,1.03125061950684),(-1.15235194854736,
-0.5969,1.1539232673645),(-1.15235194854736,-0.5588,-1.1539232673645),(-1.15235194854736,
-0.5588,-1.03125061950684),(-1.15235194854736,-0.5588,1.03125061950684),
(-1.15235194854736,-0.5588,1.1539232673645),(-1.15107499160767,-0.5588,
-1.13057023544311),(-1.15107499160767,-0.5588,-1.05460355453491),(-1.15107499160767,
-0.5588,1.05460355453491),(-1.15107499160767,-0.5588,1.13057023544311),
(-1.15107499160767,-0.5207,-1.13057023544311),(-1.15107499160767,-0.5207,
-1.05460355453491),(-1.15107499160767,-0.5207,1.05460355453491),(-1.15107499160767,
-0.5207,1.13057023544311),(-1.14969213027954,-0.5969,-1.15314802398682),
(-1.14969213027954,-0.5969,-1.03202586288452),(-1.14969213027954,-0.5969,
1.03202586288452),(-1.14969213027954,-0.5969,1.15314802398682),(-1.14969213027954,
-0.5588,-1.15314802398682),(-1.14969213027954,-0.5588,-1.03202586288452),
(-1.14969213027954,-0.5588,1.03202586288452),(-1.14969213027954,-0.5588,
1.15314802398682),(-1.14943507232666,-0.5588,-1.12976156387329),(-1.14943507232666,
-0.5588,-1.05541232299805),(-1.14943507232666,-0.5588,1.05541232299805),
(-1.14943507232666,-0.5588,1.12976156387329),(-1.14943507232666,-0.5207,
-1.12976156387329),(-1.14943507232666,-0.5207,-1.05541232299805),(-1.14943507232666,
-0.5207,1.05541232299805),(-1.14943507232666,-0.5207,1.12976156387329),
(-1.14870498123169,-0.5969,-1.18899089431763),(-1.14870498123169,-0.5969,
1.18899089431763),(-1.14870498123169,-0.5207,-1.18899089431763),(-1.14870498123169,
-0.5207,1.18899089431763),(-1.14783197250366,-0.5588,-1.12888206329346),
(-1.14783197250366,-0.5588,-1.05629182357788),(-1.14783197250366,-0.5588,
1.05629182357788),(-1.14783197250366,-0.5588,1.12888206329346),(-1.14783197250366,
-0.5207,-1.12888206329346),(-1.14783197250366,-0.5207,-1.05629182357788),
(-1.14783197250366,-0.5207,1.05629182357788),(-1.14783197250366,-0.5207,
1.12888206329346),(-1.14706874389648,-0.5969,-1.15225738067627),(-1.14706874389648,
-0.5969,-1.03291650619507),(-1.14706874389648,-0.5969,1.03291650619507),
(-1.14706874389648,-0.5969,1.15225738067627),(-1.14706874389648,-0.5588,
-1.15225738067627),(-1.14706874389648,-0.5588,-1.03291650619507),(-1.14706874389648,
-0.5588,1.03291650619507),(-1.14706874389648,-0.5588,1.15225738067627),
(-1.1462686958313,-0.5588,-1.1279334777832),(-1.1462686958313,-0.5588,-1.05724040908813),
(-1.1462686958313,-0.5588,1.05724040908813),(-1.1462686958313,-0.5588,1.1279334777832),
(-1.1462686958313,-0.5207,-1.1279334777832),(-1.1462686958313,-0.5207,-1.05724040908813),
(-1.1462686958313,-0.5207,1.05724040908813),(-1.1462686958313,-0.5207,1.1279334777832),
(-1.14474834289551,-0.5588,-1.12691764831543),(-1.14474834289551,-0.5588,
-1.05825623855591),(-1.14474834289551,-0.5588,1.05825623855591),(-1.14474834289551,
-0.5588,1.12691764831543),(-1.14474834289551,-0.5207,-1.12691764831543),
(-1.14474834289551,-0.5207,-1.05825623855591),(-1.14474834289551,-0.5207,
1.05825623855591),(-1.14474834289551,-0.5207,1.12691764831543),(-1.14448653717041,
-0.5969,-1.15125327529907),(-1.14448653717041,-0.5969,-1.03392061157227),
(-1.14448653717041,-0.5969,1.03392061157227),(-1.14448653717041,-0.5969,
1.15125327529907),(-1.14448653717041,-0.5588,-1.15125327529907),(-1.14448653717041,
-0.5588,-1.03392061157227),(-1.14448653717041,-0.5588,1.03392061157227),
(-1.14448653717041,-0.5588,1.15125327529907),(-1.14338699188232,-0.5969,
-1.18910697250366),(-1.14338699188232,-0.5969,1.18910697250366),(-1.14338699188232,
-0.5207,-1.18910697250366),(-1.14338699188232,-0.5207,1.18910697250366),
(-1.14327382049561,-0.5588,-1.12583641586304),(-1.14327382049561,-0.5588,
-1.0593374710083),(-1.14327382049561,-0.5588,1.0593374710083),(-1.14327382049561,
-0.5588,1.12583641586304),(-1.14327382049561,-0.5207,-1.12583641586304),
(-1.14327382049561,-0.5207,-1.0593374710083),(-1.14327382049561,-0.5207,
1.0593374710083),(-1.14327382049561,-0.5207,1.12583641586304),(-1.14195064544678,
-0.5969,-1.15013754882812),(-1.14195064544678,-0.5969,-1.03503643493652),
(-1.14195064544678,-0.5969,1.03503643493652),(-1.14195064544678,-0.5969,
1.15013754882812),(-1.14195064544678,-0.5588,-1.15013754882812),(-1.14195064544678,
-0.5588,-1.03503643493652),(-1.14195064544678,-0.5588,1.03503643493652),
(-1.14195064544678,-0.5588,1.15013754882812),(-1.14184774475098,-0.5588,
-1.12469181518555),(-1.14184774475098,-0.5588,-1.06048207168579),(-1.14184774475098,
-0.5588,1.06048207168579),(-1.14184774475098,-0.5588,1.12469181518555),
(-1.14184774475098,-0.5207,-1.12469181518555),(-1.14184774475098,-0.5207,
-1.06048207168579),(-1.14184774475098,-0.5207,1.06048207168579),(-1.14184774475098,
-0.5207,1.12469181518555),(-1.14047292556763,-0.5588,-1.12348626861572),
(-1.14047292556763,-0.5588,-1.06168761825561),(-1.14047292556763,-0.5588,
1.06168761825561),(-1.14047292556763,-0.5588,1.12348626861572),(-1.14047292556763,
-0.5207,-1.12348626861572),(-1.14047292556763,-0.5207,-1.06168761825561),
(-1.14047292556763,-0.5207,1.06168761825561),(-1.14047292556763,-0.5207,
1.12348626861572),(-1.13946591339111,-0.5969,-1.14891213912964),(-1.13946591339111,
-0.5969,-1.0362617477417),(-1.13946591339111,-0.5969,1.0362617477417),(-1.13946591339111,
-0.5969,1.14891213912964),(-1.13946591339111,-0.5588,-1.14891213912964),
(-1.13946591339111,-0.5588,-1.0362617477417),(-1.13946591339111,-0.5588,
1.0362617477417),(-1.13946591339111,-0.5588,1.14891213912964),(-1.13915217285156,
-0.5588,-1.12222181091309),(-1.13915217285156,-0.5588,-1.06295207595825),
(-1.13915217285156,-0.5588,1.06295207595825),(-1.13915217285156,-0.5588,
1.12222181091309),(-1.13915217285156,-0.5207,-1.12222181091309),(-1.13915217285156,
-0.5207,-1.06295207595825),(-1.13915217285156,-0.5207,1.06295207595825),
(-1.13915217285156,-0.5207,1.12222181091309),(-1.13788771514893,-0.5588,
-1.1209008644104),(-1.13788771514893,-0.5588,-1.06427302246094),(-1.13788771514893,
-0.5588,1.06427302246094),(-1.13788771514893,-0.5588,1.1209008644104),(-1.13788771514893,
-0.5207,-1.1209008644104),(-1.13788771514893,-0.5207,-1.06427302246094),
(-1.13788771514893,-0.5207,1.06427302246094),(-1.13788771514893,-0.5207,
1.1209008644104),(-1.13703699188232,-0.5969,-1.14757956542969),(-1.13703699188232,
-0.5969,-1.03759432144165),(-1.13703699188232,-0.5969,1.03759432144165),
(-1.13703699188232,-0.5969,1.14757956542969),(-1.13703699188232,-0.5588,
-1.14757956542969),(-1.13703699188232,-0.5588,-1.03759432144165),(-1.13703699188232,
-0.5588,1.03759432144165),(-1.13703699188232,-0.5588,1.14757956542969),
(-1.13668197479248,-0.5588,-1.11952614212036),(-1.13668197479248,-0.5588,
-1.06564764785767),(-1.13668197479248,-0.5588,1.06564764785767),(-1.13668197479248,
-0.5588,1.11952614212036),(-1.13668197479248,-0.5207,-1.11952614212036),
(-1.13668197479248,-0.5207,-1.06564764785767),(-1.13668197479248,-0.5207,
1.06564764785767),(-1.13668197479248,-0.5207,1.11952614212036),(-1.1355374710083,
-0.5207,1.06707372360229),(-1.1355374710083,-0.5588,-1.11810016326904),
(-1.1355374710083,-0.5588,-1.06707372360229),(-1.1355374710083,-0.5588,
1.06707372360229),(-1.1355374710083,-0.5588,1.11810016326904),(-1.1355374710083,
-0.5207,-1.11810016326904),(-1.1355374710083,-0.5207,-1.06707372360229),
(-1.1355374710083,-0.5207,1.11810016326904),(-1.13466843490601,-0.5969,
-1.14614225006103),(-1.13466843490601,-0.5969,-1.0390316368103),(-1.13466843490601,
-0.5969,1.0390316368103),(-1.13466843490601,-0.5969,1.14614225006103),(-1.13466843490601,
-0.5588,-1.14614225006103),(-1.13466843490601,-0.5588,-1.0390316368103),
(-1.13466843490601,-0.5588,1.0390316368103),(-1.13466843490601,-0.5588,
1.14614225006103),(-1.13445633544922,-0.5588,-1.11662554397583),(-1.13445633544922,
-0.5588,-1.06854834289551),(-1.13445633544922,-0.5588,1.06854834289551),
(-1.13445633544922,-0.5588,1.11662554397583),(-1.13445633544922,-0.5207,
-1.11662554397583),(-1.13445633544922,-0.5207,-1.06854834289551),(-1.13445633544922,
-0.5207,1.06854834289551),(-1.13445633544922,-0.5207,1.11662554397583),
(-1.13344040908814,-0.5207,1.0700686958313),(-1.13344040908813,-0.5588,
-1.11510519104004),(-1.13344040908813,-0.5588,-1.0700686958313),(-1.13344040908813,
-0.5588,1.0700686958313),(-1.13344040908813,-0.5588,1.11510519104004),(-1.13344040908813,
-0.5207,-1.11510519104004),(-1.13344040908813,-0.5207,-1.0700686958313),
(-1.13344040908813,-0.5207,1.11510519104004),(-1.13249182357788,-0.5588,
-1.11354191436768),(-1.13249182357788,-0.5588,-1.07163197250366),(-1.13249182357788,
-0.5588,1.07163197250366),(-1.13249182357788,-0.5588,1.11354191436768),
(-1.13249182357788,-0.5207,-1.11354191436768),(-1.13249182357788,-0.5207,
-1.07163197250366),(-1.13249182357788,-0.5207,1.07163197250366),(-1.13249182357788,
-0.5207,1.11354191436768),(-1.13236489334106,-0.5969,-1.144603099823),(-1.13236489334106,
-0.5969,-1.04057078704834),(-1.13236489334106,-0.5969,1.04057078704834),
(-1.13236489334106,-0.5969,1.144603099823),(-1.13236489334106,-0.5588,-1.144603099823),
(-1.13236489334106,-0.5588,-1.04057078704834),(-1.13236489334106,-0.5588,
1.04057078704834),(-1.13236489334106,-0.5588,1.144603099823),(-1.13161232299805,
-0.5588,-1.11193881454468),(-1.13161232299805,-0.5588,-1.07323507232666),
(-1.13161232299805,-0.5588,1.07323507232666),(-1.13161232299805,-0.5588,
1.11193881454468),(-1.13161232299805,-0.5207,-1.11193881454468),(-1.13161232299805,
-0.5207,-1.07323507232666),(-1.13161232299805,-0.5207,1.07323507232666),
(-1.13161232299805,-0.5207,1.11193881454468),(-1.13080355453491,-0.5588,
-1.11029879837036),(-1.13080355453491,-0.5588,-1.07487508850098),(-1.13080355453491,
-0.5588,1.07487508850098),(-1.13080355453491,-0.5588,1.11029879837036),
(-1.13080355453491,-0.5207,-1.11029879837036),(-1.13080355453491,-0.5207,
-1.07487508850098),(-1.13080355453491,-0.5207,1.07487508850098),(-1.13080355453491,
-0.5207,1.11029879837036),(-1.13013053359985,-0.5969,-1.14296482772827),
(-1.13013053359985,-0.5969,-1.04220905914307),(-1.13013053359985,-0.5969,
1.04220905914307),(-1.13013053359985,-0.5969,1.14296482772827),(-1.13013053359985,
-0.5588,-1.14296482772827),(-1.13013053359985,-0.5588,-1.04220905914307),
(-1.13013053359985,-0.5588,1.04220905914307),(-1.13013053359985,-0.5588,
1.14296482772827),(-1.13006716537476,-0.5588,-1.1086252571106),(-1.13006716537476,
-0.5588,-1.07654862976074),(-1.13006716537476,-0.5588,1.07654862976074),
(-1.13006716537476,-0.5588,1.1086252571106),(-1.13006716537476,-0.5207,
-1.1086252571106),(-1.13006716537476,-0.5207,-1.07654862976074),(-1.13006716537476,
-0.5207,1.07654862976074),(-1.13006716537476,-0.5207,1.1086252571106),(-1.12940441513061,
-0.5588,-1.10692100067139),(-1.12940441513061,-0.5588,-1.07825288619995),
(-1.12940441513061,-0.5588,1.07825288619995),(-1.12940441513061,-0.5588,
1.10692100067139),(-1.12940441513061,-0.5207,-1.10692100067139),(-1.12940441513061,
-0.5207,-1.07825288619995),(-1.12940441513061,-0.5207,1.07825288619995),
(-1.12940441513061,-0.5207,1.10692100067139),(-1.12881666030884,-0.5588,
-1.10518951721191),(-1.12881666030884,-0.5588,-1.07998436965942),(-1.12881666030884,
-0.5588,1.07998436965942),(-1.12881666030884,-0.5588,1.10518951721191),
(-1.12881666030884,-0.5207,-1.10518951721191),(-1.12881666030884,-0.5207,
-1.07998436965942),(-1.12881666030884,-0.5207,1.07998436965942),(-1.12881666030884,
-0.5207,1.10518951721191),(-1.12830496673584,-0.5588,-1.10343410110474),
(-1.12830496673584,-0.5588,-1.0817397857666),(-1.12830496673584,-0.5588,
1.0817397857666),(-1.12830496673584,-0.5588,1.10343410110474),(-1.12830496673584,
-0.5207,-1.10343410110474),(-1.12830496673584,-0.5207,-1.0817397857666),
(-1.12830496673584,-0.5207,1.0817397857666),(-1.12830496673584,-0.5207,
1.10343410110474),(-1.12796990966797,-0.5969,-1.14123082504272),(-1.12796990966797,
-0.5969,-1.04394306182861),(-1.12796990966797,-0.5969,1.04394306182861),
(-1.12796990966797,-0.5969,1.14123082504272),(-1.12796990966797,-0.5588,
-1.14123082504272),(-1.12796990966797,-0.5588,-1.04394306182861),(-1.12796990966797,
-0.5588,1.04394306182861),(-1.12796990966797,-0.5588,1.14123082504272),
(-1.12787040023804,-0.5207,-1.1016579498291),(-1.12787040023804,-0.5588,
-1.1016579498291),(-1.12787040023804,-0.5588,-1.08351593704224),(-1.12787040023804,
-0.5588,1.08351593704224),(-1.12787040023804,-0.5588,1.1016579498291),(-1.12787040023804,
-0.5207,-1.08351593704224),(-1.12787040023804,-0.5207,1.08351593704224),
(-1.12787040023804,-0.5207,1.1016579498291),(-1.1275136390686,-0.5588,-1.09986455154419),
(-1.1275136390686,-0.5588,-1.08530933532715),(-1.1275136390686,-0.5588,
1.08530933532715),(-1.1275136390686,-0.5588,1.09986455154419),(-1.1275136390686,
-0.5207,-1.08530933532715),(-1.1275136390686,-0.5207,1.08530933532715),
(-1.1275136390686,-0.5207,1.09986455154419),(-1.1275136390686,-0.5207,-1.09986455154419),
(-1.12723545837402,-0.5588,-1.09805729751587),(-1.12723545837402,-0.5588,
-1.08711668624878),(-1.12723545837402,-0.5588,1.08711668624878),(-1.12723545837402,
-0.5588,1.09805729751587),(-1.12723545837402,-0.5207,-1.09805729751587),
(-1.12723545837402,-0.5207,-1.08711668624878),(-1.12723545837402,-0.5207,
1.08711668624878),(-1.12723545837402,-0.5207,1.09805729751587),(-1.12703643951416,
-0.5588,-1.09623967590332),(-1.12703643951416,-0.5588,-1.08893421096802),
(-1.12703643951416,-0.5588,1.08893421096802),(-1.12703643951416,-0.5588,
1.09623967590332),(-1.12703643951416,-0.5207,-1.09623967590332),(-1.12703643951416,
-0.5207,-1.08893421096802),(-1.12703643951416,-0.5207,1.08893421096802),
(-1.12703643951416,-0.5207,1.09623967590332),(-1.12691677627563,-0.5588,
-1.09441507797241),(-1.12691677627563,-0.5588,-1.09075880889893),(-1.12691677627563,
-0.5588,1.09075880889893),(-1.12691677627563,-0.5588,1.09441507797241),
(-1.12691677627563,-0.5207,-1.09441507797241),(-1.12691677627563,-0.5207,
-1.09075880889893),(-1.12691677627563,-0.5207,1.09075880889893),(-1.12691677627563,
-0.5207,1.09441507797241),(-1.126876953125,-0.5588,-1.09258699188232),(-1.126876953125,
-0.5588,1.09258699188232),(-1.126876953125,-0.5207,-1.09258699188232),(-1.126876953125,
-0.5207,1.09258699188232),(-1.12588689727783,-0.5969,-1.13940399856567),
(-1.12588689727783,-0.5969,-1.04576988830566),(-1.12588689727783,-0.5969,
1.04576988830566),(-1.12588689727783,-0.5969,1.13940399856567),(-1.12588689727783,
-0.5588,-1.13940399856567),(-1.12588689727783,-0.5588,-1.04576988830566),
(-1.12588689727783,-0.5588,1.04576988830566),(-1.12588689727783,-0.5588,
1.13940399856567),(-1.1238856628418,-0.5969,-1.13748822402954),(-1.1238856628418,
-0.5969,-1.0476856628418),(-1.1238856628418,-0.5969,1.0476856628418),(-1.1238856628418,
-0.5969,1.13748822402954),(-1.1238856628418,-0.5588,-1.13748822402954),
(-1.1238856628418,-0.5588,-1.0476856628418),(-1.1238856628418,-0.5588,1.0476856628418),
(-1.1238856628418,-0.5588,1.13748822402954),(-1.12196988830566,-0.5969,
-1.13548689270019),(-1.12196988830566,-0.5969,-1.04968699417114),(-1.12196988830566,
-0.5969,1.04968699417114),(-1.12196988830566,-0.5969,1.13548689270019),
(-1.12196988830566,-0.5588,-1.13548689270019),(-1.12196988830566,-0.5588,
-1.04968699417114),(-1.12196988830566,-0.5588,1.04968699417114),(-1.12196988830566,
-0.5588,1.13548689270019),(-1.12014315872192,-0.5969,-1.13340388031006),
(-1.12014315872192,-0.5969,-1.05177000656128),(-1.12014315872192,-0.5969,
1.05177000656128),(-1.12014315872192,-0.5969,1.13340388031006),(-1.12014315872192,
-0.5588,-1.13340388031006),(-1.12014315872192,-0.5588,-1.05177000656128),
(-1.12014315872192,-0.5588,1.05177000656128),(-1.12014315872192,-0.5588,
1.13340388031006),(-1.11840905914307,-0.5969,-1.13124335327148),(-1.11840905914307,
-0.5969,-1.05393063049316),(-1.11840905914307,-0.5969,1.05393063049316),
(-1.11840905914307,-0.5969,1.13124335327148),(-1.11840905914307,-0.5588,
-1.13124335327148),(-1.11840905914307,-0.5588,-1.05393063049316),(-1.11840905914307,
-0.5588,1.05393063049316),(-1.11840905914307,-0.5588,1.13124335327148),
(-1.11677078704834,-0.5969,-1.12900909042358),(-1.11677078704834,-0.5969,
-1.05616479644775),(-1.11677078704834,-0.5969,1.05616479644775),(-1.11677078704834,
-0.5969,1.12900909042358),(-1.11677078704834,-0.5588,-1.12900909042358),
(-1.11677078704834,-0.5588,-1.05616479644775),(-1.11677078704834,-0.5588,
1.05616479644775),(-1.11677078704834,-0.5588,1.12900909042358),(-1.1152316368103,
-0.5969,-1.12670554885864),(-1.1152316368103,-0.5969,-1.05846843490601),
(-1.1152316368103,-0.5969,1.05846843490601),(-1.1152316368103,-0.5969,1.12670554885864),
(-1.1152316368103,-0.5588,-1.12670554885864),(-1.1152316368103,-0.5588,
-1.05846843490601),(-1.1152316368103,-0.5588,1.05846843490601),(-1.1152316368103,
-0.5588,1.12670554885864),(-1.11379441833496,-0.5969,-1.12433689498901),
(-1.11379441833496,-0.5969,-1.06083699188232),(-1.11379441833496,-0.5969,
1.06083699188232),(-1.11379441833496,-0.5969,1.12433689498901),(-1.11379441833496,
-0.5588,-1.12433689498901),(-1.11379441833496,-0.5588,-1.06083699188232),
(-1.11379441833496,-0.5588,1.06083699188232),(-1.11379441833496,-0.5588,
1.12433689498901),(-1.1124617477417,-0.5969,-1.12190797348022),(-1.1124617477417,
-0.5969,-1.06326591339111),(-1.1124617477417,-0.5969,1.06326591339111),
(-1.1124617477417,-0.5969,1.12190797348022),(-1.1124617477417,-0.5588,-1.12190797348022),
(-1.1124617477417,-0.5588,-1.06326591339111),(-1.1124617477417,-0.5588,
1.06326591339111),(-1.1124617477417,-0.5588,1.12190797348022),(-1.11123633804321,
-0.5969,-1.11942314453125),(-1.11123633804321,-0.5969,-1.06575074234009),
(-1.11123633804321,-0.5969,1.06575074234009),(-1.11123633804321,-0.5969,
1.11942314453125),(-1.11123633804321,-0.5588,-1.11942314453125),(-1.11123633804321,
-0.5588,-1.06575074234009),(-1.11123633804321,-0.5588,1.06575074234009),
(-1.11123633804321,-0.5588,1.11942314453125),(-1.11012061157227,-0.5969,
-1.11688725280762),(-1.11012061157227,-0.5969,-1.06828653717041),(-1.11012061157227,
-0.5969,1.06828653717041),(-1.11012061157227,-0.5969,1.11688725280762),
(-1.11012061157226,-0.5588,-1.11688725280762),(-1.11012061157226,-0.5588,
-1.06828653717041),(-1.11012061157226,-0.5588,1.06828653717041),(-1.11012061157226,
-0.5588,1.11688725280762),(-1.10911640930176,-0.5969,-1.11430523986816),
(-1.10911640930176,-0.5969,-1.07086864700317),(-1.10911640930176,-0.5969,
1.07086864700317),(-1.10911640930176,-0.5969,1.11430523986816),(-1.10911640930176,
-0.5588,-1.11430523986816),(-1.10911640930176,-0.5588,-1.07086864700317),
(-1.10911640930176,-0.5588,1.07086864700317),(-1.10911640930176,-0.5588,
1.11430523986816),(-1.10822595977783,-0.5969,-1.1116817565918),(-1.10822595977783,
-0.5969,-1.07349213027954),(-1.10822595977783,-0.5969,1.07349213027954),
(-1.10822595977783,-0.5969,1.1116817565918),(-1.10822595977783,-0.5588,
-1.1116817565918),(-1.10822595977783,-0.5588,-1.07349213027954),(-1.10822595977783,
-0.5588,1.07349213027954),(-1.10822595977783,-0.5588,1.1116817565918),(-1.10745061950684,
-0.5969,-1.10902193832397),(-1.10745061950684,-0.5969,-1.07615185165405),
(-1.10745061950684,-0.5969,1.07615185165405),(-1.10745061950684,-0.5969,
1.10902193832397),(-1.10745061950684,-0.5588,-1.10902193832397),(-1.10745061950684,
-0.5588,-1.07615185165405),(-1.10745061950684,-0.5588,1.07615185165405),
(-1.10745061950684,-0.5588,1.10902193832397),(-1.10679213256836,-0.5969,
-1.10633082351685),(-1.10679213256836,-0.5969,-1.07884306335449),(-1.10679213256836,
-0.5969,1.07884306335449),(-1.10679213256836,-0.5969,1.10633082351685),
(-1.10679213256836,-0.5588,-1.10633082351685),(-1.10679213256836,-0.5588,
-1.07884306335449),(-1.10679213256836,-0.5588,1.07884306335449),(-1.10679213256836,
-0.5588,1.10633082351685),(-1.10625166168213,-0.5969,-1.10361354751587),
(-1.10625166168213,-0.5969,-1.08156033935547),(-1.10625166168213,-0.5969,
1.08156033935547),(-1.10625166168213,-0.5969,1.10361354751587),(-1.10625166168213,
-0.5588,-1.10361354751587),(-1.10625166168213,-0.5588,-1.08156033935547),
(-1.10625166168213,-0.5588,1.08156033935547),(-1.10625166168213,-0.5588,
1.10361354751587),(-1.10583017578125,-0.5969,-1.10087543945312),(-1.10583017578125,
-0.5969,-1.08429854431152),(-1.10583017578125,-0.5969,1.08429854431152),
(-1.10583017578125,-0.5969,1.10087543945312),(-1.10583017578125,-0.5588,
-1.10087543945312),(-1.10583017578125,-0.5588,-1.08429854431152),(-1.10583017578125,
-0.5588,1.08429854431152),(-1.10583017578125,-0.5588,1.10087543945312),
(-1.10552854690552,-0.5969,-1.09812134399414),(-1.10552854690552,-0.5969,
-1.0870525428772),(-1.10552854690552,-0.5969,1.0870525428772),(-1.10552854690552,
-0.5969,1.09812134399414),(-1.10552854690552,-0.5588,-1.09812134399414),
(-1.10552854690552,-0.5588,-1.0870525428772),(-1.10552854690552,-0.5588,
1.0870525428772),(-1.10552854690552,-0.5588,1.09812134399414),(-1.10534735641479,
-0.5969,-1.09535668716431),(-1.10534735641479,-0.5969,-1.08981710281372),
(-1.10534735641479,-0.5969,1.08981710281372),(-1.10534735641479,-0.5969,
1.09535668716431),(-1.10534735641479,-0.5588,-1.09535668716431),(-1.10534735641479,
-0.5588,-1.08981710281372),(-1.10534735641479,-0.5588,1.08981710281372),
(-1.10534735641479,-0.5588,1.09535668716431),(-1.10528699188232,-0.5969,
-1.09258699188232),(-1.10528699188232,-0.5969,1.09258699188232),(-1.10528699188232,
-0.5588,-1.09258699188232),(-1.10528699188232,-0.5588,1.09258699188232),
(-1.06354390029907,-0.5207,-1.18910697250366),(-1.06354390029907,-0.5207,
1.18910697250366),(-1.06354390029907,-0.0381,-1.18910697250366),(-1.06354390029907,
-0.0381,1.18910697250366),(-1.06232905197144,-0.5207,-1.18184617538452),
(-1.06232905197144,-0.5207,1.18184617538452),(-1.06232905197144,-0.0381,
-1.18184617538452),(-1.06232905197144,-0.0381,1.18184617538452),(-1.0614247467041,
-0.5207,-1.17454041976929),(-1.0614247467041,-0.5207,1.17454041976929),
(-1.0614247467041,-0.0381,-1.17454041976929),(-1.0614247467041,-0.0381,
1.17454041976929),(-1.06099415283203,-0.5207,-1.14294099197388),(-1.06099415283203,
-0.5207,1.14294099197388),(-1.06099415283203,-0.0381,-1.14294099197388),
(-1.06099415283203,-0.0381,1.14294099197388),(-1.06098979263306,-0.5207,
-1.14403685531616),(-1.06098979263306,-0.5207,1.14403685531616),(-1.06098979263306,
-0.0381,-1.14403685531616),(-1.06098979263306,-0.0381,1.14403685531616),
(-1.06095132598877,-0.5207,-1.14184600067139),(-1.06095132598877,-0.5207,
1.14184600067139),(-1.06095132598877,-0.0381,-1.14184600067139),(-1.06095132598877,
-0.0381,1.14184600067139),(-1.06093814849853,-0.5207,-1.14513145904541),
(-1.06093814849853,-0.5207,1.14513145904541),(-1.06093814849853,-0.0381,
-1.14513145904541),(-1.06093814849853,-0.0381,1.14513145904541),(-1.06086131210327,
-0.5207,-1.14075391616821),(-1.06086131210327,-0.5207,1.14075391616821),
(-1.06086131210327,-0.0381,-1.14075391616821),(-1.06086131210327,-0.0381,
1.14075391616821),(-1.06083272857666,-0.5207,-1.16720268936157),(-1.06083272857666,
-0.5207,1.16720268936157),(-1.06083272857666,-0.0381,-1.16720268936157),
(-1.06083272857666,-0.0381,1.16720268936157),(-1.06072420806885,-0.5207,
-1.13966667633057),(-1.06072420806885,-0.5207,1.13966667633057),(-1.06072420806885,
-0.0381,-1.13966667633057),(-1.06072420806885,-0.0381,1.13966667633057),
(-1.06058913879394,-0.5207,-1.15248469238281),(-1.06058913879394,-0.5207,
1.15248469238281),(-1.06058913879394,-0.0381,-1.15248469238281),(-1.06058913879394,
-0.0381,1.15248469238281),(-1.06055406341553,-0.5207,-1.15984625854492),
(-1.06055406341553,-0.5207,1.15984625854492),(-1.06055406341553,-0.0381,
-1.15984625854492),(-1.06055406341553,-0.0381,1.15984625854492),(-1.06054030456543,
-0.5207,-1.13858650970459),(-1.06054030456543,-0.5207,1.13858650970459),
(-1.06054030456543,-0.0381,-1.13858650970459),(-1.06054030456543,-0.0381,
1.13858650970459),(-1.06030998916626,-0.5207,-1.13751506347656),(-1.06030998916626,
-0.5207,1.13751506347656),(-1.06030998916626,-0.0381,-1.13751506347656),
(-1.06030998916626,-0.0381,1.13751506347656),(-1.0600338432312,-0.5207,
-1.13645475997925),(-1.0600338432312,-0.5207,1.13645475997925),(-1.0600338432312,
-0.0381,-1.13645475997925),(-1.0600338432312,-0.0381,1.13645475997925),
(-1.05971206054687,-0.5207,-1.13540714950561),(-1.05971206054687,-0.5207,
1.13540714950561),(-1.05971206054687,-0.0381,-1.13540714950561),(-1.05971206054687,
-0.0381,1.13540714950561),(-1.05934541625977,-0.5207,-1.13437455749512),
(-1.05934541625977,-0.5207,1.13437455749512),(-1.05934541625977,-0.0381,
-1.13437455749512),(-1.05934541625977,-0.0381,1.13437455749512),(-1.05893458862305,
-0.5207,-1.13335863113403),(-1.05893458862305,-0.5207,1.13335863113403),
(-1.05893458862305,-0.0381,-1.13335863113403),(-1.05893458862305,-0.0381,
1.13335863113403),(-1.0584803527832,-0.5207,-1.13236140518188),(-1.0584803527832,
-0.5207,1.13236140518188),(-1.0584803527832,-0.0381,-1.13236140518188),
(-1.0584803527832,-0.0381,1.13236140518188),(-1.05798348388672,-0.5207,
-1.13138472061157),(-1.05798348388672,-0.5207,1.13138472061157),(-1.05798348388672,
-0.0381,-1.13138472061157),(-1.05798348388672,-0.0381,1.13138472061157),
(-1.0574449508667,-0.5207,-1.13043032150269),(-1.0574449508667,-0.5207,
1.13043032150269),(-1.0574449508667,-0.0381,-1.13043032150269),(-1.0574449508667,
-0.0381,1.13043032150269),(-1.05686581954956,-0.5207,-1.12950004882812),
(-1.05686581954956,-0.5207,1.12950004882812),(-1.05686581954956,-0.0381,
-1.12950004882812),(-1.05686581954956,-0.0381,1.12950004882812),(-1.05624705886841,
-0.5207,-1.12859564666748),(-1.05624705886841,-0.5207,1.12859564666748),
(-1.05624705886841,-0.0381,-1.12859564666748),(-1.05624705886841,-0.0381,
1.12859564666748),(-1.05558992843628,-0.5207,-1.12771885910034),(-1.05558992843628,
-0.5207,1.12771885910034),(-1.05558992843628,-0.0381,-1.12771885910034),
(-1.05558992843628,-0.0381,1.12771885910034),(-1.05489549407959,-0.5207,
-1.12687113952637),(-1.05489549407959,-0.5207,1.12687113952637),(-1.05489549407959,
-0.0381,-1.12687113952637),(-1.05489549407959,-0.0381,1.12687113952637),
(-1.05416511230469,-0.5207,-1.12605413513184),(-1.05416511230469,-0.5207,
1.12605413513184),(-1.05416511230469,-0.0381,-1.12605413513184),(-1.05416511230469,
-0.0381,1.12605413513184),(-1.05340023651123,-0.5207,-1.12526939620972),
(-1.05340023651123,-0.5207,1.12526939620972),(-1.05340023651123,-0.0381,
-1.12526939620972),(-1.05340023651123,-0.0381,1.12526939620972),(-1.05260222320557,
-0.5207,-1.12451847305298),(-1.05260222320557,-0.5207,1.12451847305298),
(-1.05260222320557,-0.0381,-1.12451847305298),(-1.05260222320557,-0.0381,
1.12451847305298),(-1.05177252578735,-0.5207,-1.12380262527466),(-1.05177252578735,
-0.5207,1.12380262527466),(-1.05177252578735,-0.0381,-1.12380262527466),
(-1.05177252578735,-0.0381,1.12380262527466),(-1.05091279144287,-0.5207,
-1.1231232093811),(-1.05091279144287,-0.5207,1.1231232093811),(-1.05091279144287,
-0.0381,-1.1231232093811),(-1.05091279144287,-0.0381,1.1231232093811),(-1.05002457046509,
-0.5207,-1.12248148498535),(-1.05002457046509,-0.5207,1.12248148498535),
(-1.05002457046509,-0.0381,-1.12248148498535),(-1.05002457046509,-0.0381,
1.12248148498535),(-1.04910941314697,-0.5207,-1.12187871170044),(-1.04910941314697,
-0.5207,1.12187871170044),(-1.04910941314697,-0.0381,-1.12187871170044),
(-1.04910941314697,-0.0381,1.12187871170044),(-1.04816916046143,-0.5207,
-1.12131595535278),(-1.04816916046143,-0.5207,1.12131595535278),(-1.04816916046143,
-0.0381,-1.12131595535278),(-1.04816916046143,-0.0381,1.12131595535278),
(-1.04720545959473,-0.5207,-1.1207942817688),(-1.04720545959473,-0.5207,
1.1207942817688),(-1.04720545959473,-0.0381,-1.1207942817688),(-1.04720545959473,
-0.0381,1.1207942817688),(-1.04622015151977,-0.5207,-1.12031465988159),
(-1.04622015151977,-0.5207,1.12031465988159),(-1.04622015151977,-0.0381,
-1.12031465988159),(-1.04622015151977,-0.0381,1.12031465988159),(-1.04521507720947,
-0.5207,-1.11987796173096),(-1.04521507720947,-0.5207,1.11987796173096),
(-1.04521507720947,-0.0381,-1.11987796173096),(-1.04521507720947,-0.0381,
1.11987796173096),(-1.04419227142334,-0.5207,-1.11948505935669),(-1.04419227142334,
-0.5207,1.11948505935669),(-1.04419227142334,-0.0381,-1.11948505935669),
(-1.04419227142334,-0.0381,1.11948505935669),(-1.04315328445435,-0.5207,
-1.11913653411865),(-1.04315328445435,-0.5207,1.11913653411865),(-1.04315328445435,
-0.0381,-1.11913653411865),(-1.04315328445434,-0.0381,1.11913653411865),
(-1.04210024795532,-0.5207,-1.11883325805664),(-1.04210024795532,-0.5207,
1.11883325805664),(-1.04210024795532,-0.0381,-1.11883325805664),(-1.04210024795532,
-0.0381,1.11883325805664),(-1.04103519668579,-0.5207,-1.11857571563721),
(-1.04103519668579,-0.5207,1.11857571563721),(-1.04103519668579,-0.0381,
-1.11857571563721),(-1.04103519668579,-0.0381,1.11857571563721),(-1.03995997161865,
-0.5207,-1.11836429443359),(-1.03995997161865,-0.5207,1.11836429443359),
(-1.03995997161865,-0.0381,-1.11836429443359),(-1.03995997161865,-0.0381,
1.11836429443359),(-1.03887660751343,-0.5207,-1.11819938201904),(-1.03887660751343,
-0.5207,1.11819938201904),(-1.03887660751343,-0.0381,-1.11819938201904),
(-1.03887660751343,-0.0381,1.11819938201904),(-1.03778713912964,-0.5207,
-1.11808146286011),(-1.03778713912964,-0.5207,1.11808146286011),(-1.03778713912964,
-0.0381,-1.11808146286011),(-1.03778713912964,-0.0381,1.11808146286011),
(-1.03669360122681,-0.5207,-1.11801053695679),(-1.03669360122681,-0.5207,
1.11801053695679),(-1.03669360122681,-0.0381,-1.11801053695679),(-1.03669360122681,
-0.0381,1.11801053695679),(-1.03559802856445,-0.5207,-1.11798689498901),
(-1.03559802856445,-0.5207,1.11798689498901),(-1.03559802856445,-0.0381,
-1.11798689498901),(-1.03559802856445,-0.0381,1.11798689498901),(1.51819812545777,
-0.5207,-1.11798689498901),(1.51819812545777,-0.5207,1.11798689498901),
(1.51819812545777,-0.0381,-1.11798689498901),(1.51819812545777,-0.0381,
1.11798689498901),(1.51929360122681,-0.5207,-1.11801053695679),(1.51929360122681,
-0.5207,1.11801053695679),(1.51929360122681,-0.0381,-1.11801053695679),
(1.51929360122681,-0.0381,1.11801053695679),(1.52038723602295,-0.5207,-1.11808146286011),
(1.52038723602295,-0.5207,1.11808146286011),(1.52038723602295,-0.0381,-1.11808146286011),
(1.52038723602295,-0.0381,1.11808146286011),(1.52147660751343,-0.5207,-1.11819938201904),
(1.52147660751343,-0.5207,1.11819938201904),(1.52147660751343,-0.0381,-1.11819938201904),
(1.52147660751343,-0.0381,1.11819938201904),(1.52255987472534,-0.5207,-1.11836429443359),
(1.52255987472534,-0.5207,1.11836429443359),(1.52255987472534,-0.0381,-1.11836429443359),
(1.52255987472534,-0.0381,1.11836429443359),(1.52363519668579,-0.5207,-1.11857571563721),
(1.52363519668579,-0.5207,1.11857571563721),(1.52363519668579,-0.0381,-1.11857571563721),
(1.52363519668579,-0.0381,1.11857571563721),(1.52470024795532,-0.5207,-1.11883325805664),
(1.52470024795532,-0.5207,1.11883325805664),(1.52470024795532,-0.0381,-1.11883325805664),
(1.52470024795532,-0.0381,1.11883325805664),(1.52575328445435,-0.5207,-1.11913653411865),
(1.52575328445435,-0.5207,1.11913653411865),(1.52575328445435,-0.0381,-1.11913653411865),
(1.52575328445435,-0.0381,1.11913653411865),(1.52679217453003,-0.5207,-1.11948505935669),
(1.52679217453003,-0.5207,1.11948505935669),(1.52679217453003,-0.0381,-1.11948505935669),
(1.52679217453003,-0.0381,1.11948505935669),(1.52781517410279,-0.5207,-1.11987796173096),
(1.52781517410279,-0.5207,1.11987796173096),(1.52781517410279,-0.0381,-1.11987796173096),
(1.52781517410279,-0.0381,1.11987796173096),(1.52882024841308,-0.5207,-1.12031465988159),
(1.52882024841308,-0.5207,1.12031465988159),(1.52882024841308,-0.0381,-1.12031465988159),
(1.52882024841308,-0.0381,1.12031465988159),(1.52980545959473,-0.5207,-1.1207942817688),
(1.52980545959473,-0.5207,1.1207942817688),(1.52980545959473,-0.0381,-1.1207942817688),
(1.52980545959473,-0.0381,1.1207942817688),(1.53076916046142,-0.5207,-1.12131595535278),
(1.53076916046142,-0.5207,1.12131595535278),(1.53076916046142,-0.0381,-1.12131595535278),
(1.53076916046142,-0.0381,1.12131595535278),(1.53170941314698,-0.5207,-1.12187871170044),
(1.53170941314698,-0.5207,1.12187871170044),(1.53170941314698,-0.0381,-1.12187871170044),
(1.53170941314698,-0.0381,1.12187871170044),(1.53262447357178,-0.5207,-1.12248148498535),
(1.53262447357178,-0.5207,1.12248148498535),(1.53262447357178,-0.0381,-1.12248148498535),
(1.53262447357178,-0.0381,1.12248148498535),(1.53351279144287,-0.5207,-1.1231232093811),
(1.53351279144287,-0.5207,1.1231232093811),(1.53351279144287,-0.0381,-1.1231232093811),
(1.53351279144287,-0.0381,1.1231232093811),(1.53437252578736,-0.5207,-1.12380262527466),
(1.53437252578736,-0.5207,1.12380262527466),(1.53437252578736,-0.0381,-1.12380262527466),
(1.53437252578736,-0.0381,1.12380262527466),(1.53520222320556,-0.5207,-1.12451847305298),
(1.53520222320556,-0.5207,1.12451847305298),(1.53520222320556,-0.0381,-1.12451847305298),
(1.53520222320556,-0.0381,1.12451847305298),(1.53600023651123,-0.5207,-1.12526939620972),
(1.53600023651123,-0.5207,1.12526939620972),(1.53600023651123,-0.0381,-1.12526939620972),
(1.53600023651123,-0.0381,1.12526939620972),(1.53676511230469,-0.5207,-1.12605413513184),
(1.53676511230469,-0.5207,1.12605413513184),(1.53676511230469,-0.0381,-1.12605413513184),
(1.53676511230469,-0.0381,1.12605413513184),(1.53749549407959,-0.5207,-1.12687113952637),
(1.53749549407959,-0.5207,1.12687113952637),(1.53749549407959,-0.0381,-1.12687113952637),
(1.53749549407959,-0.0381,1.12687113952637),(1.53818983154297,-0.5207,-1.12771885910034),
(1.53818983154297,-0.5207,1.12771885910034),(1.53818983154297,-0.0381,-1.12771885910034),
(1.53818983154297,-0.0381,1.12771885910034),(1.53884705886841,-0.5207,-1.12859564666748),
(1.53884705886841,-0.5207,1.12859564666748),(1.53884705886841,-0.0381,-1.12859564666748),
(1.53884705886841,-0.0381,1.12859564666748),(1.53946581954956,-0.5207,-1.12950004882812),
(1.53946581954956,-0.5207,1.12950004882812),(1.53946581954956,-0.0381,-1.12950004882812),
(1.53946581954956,-0.0381,1.12950004882812),(1.5400449508667,-0.5207,-1.13043032150269),
(1.5400449508667,-0.5207,1.13043032150269),(1.5400449508667,-0.0381,-1.13043032150269),
(1.5400449508667,-0.0381,1.13043032150269),(1.54058348388672,-0.5207,-1.13138472061157),
(1.54058348388672,-0.5207,1.13138472061157),(1.54058348388672,-0.0381,-1.13138472061157),
(1.54058348388672,-0.0381,1.13138472061157),(1.54108035278321,-0.5207,-1.13236140518188),
(1.54108035278321,-0.5207,1.13236140518188),(1.54108035278321,-0.0381,-1.13236140518188),
(1.54108035278321,-0.0381,1.13236140518188),(1.54153458862304,-0.5207,-1.13335863113403),
(1.54153458862304,-0.5207,1.13335863113403),(1.54153458862304,-0.0381,-1.13335863113403),
(1.54153458862304,-0.0381,1.13335863113403),(1.54194541625977,-0.5207,-1.13437455749512),
(1.54194541625977,-0.5207,1.13437455749512),(1.54194541625977,-0.0381,-1.13437455749512),
(1.54194541625977,-0.0381,1.13437455749512),(1.54231206054687,-0.5207,-1.13540714950561),
(1.54231206054687,-0.5207,1.13540714950561),(1.54231206054687,-0.0381,-1.13540714950561),
(1.54231206054687,-0.0381,1.13540714950561),(1.54263374633789,-0.5207,-1.13645475997925),
(1.54263374633789,-0.5207,1.13645475997925),(1.54263374633789,-0.0381,-1.13645475997925),
(1.54263374633789,-0.0381,1.13645475997925),(1.54291008605957,-0.5207,-1.13751506347656),
(1.54291008605957,-0.5207,1.13751506347656),(1.54291008605957,-0.0381,-1.13751506347656),
(1.54291008605957,-0.0381,1.13751506347656),(1.54314040145874,-0.5207,-1.13858650970459),
(1.54314040145874,-0.5207,1.13858650970459),(1.54314040145874,-0.0381,-1.13858650970459),
(1.54314040145874,-0.0381,1.13858650970459),(1.54315406341552,-0.5207,-1.15984625854492),
(1.54315406341552,-0.5207,1.15984625854492),(1.54315406341552,-0.0381,-1.15984625854492),
(1.54315406341552,-0.0381,1.15984625854492),(1.54318923568725,-0.5207,-1.15248469238281),
(1.54318923568725,-0.5207,1.15248469238281),(1.54318923568725,-0.0381,-1.15248469238281),
(1.54318923568725,-0.0381,1.15248469238281),(1.54332411117553,-0.5207,-1.13966667633057),
(1.54332411117553,-0.5207,1.13966667633057),(1.54332411117553,-0.0381,-1.13966667633057),
(1.54332411117553,-0.0381,1.13966667633057),(1.54343272857666,-0.5207,-1.16720268936157),
(1.54343272857666,-0.5207,1.16720268936157),(1.54343272857666,-0.0381,-1.16720268936157),
(1.54343272857666,-0.0381,1.16720268936157),(1.54346121520996,-0.5207,-1.14075391616821),
(1.54346121520996,-0.5207,1.14075391616821),(1.54346121520996,-0.0381,-1.14075391616821),
(1.54346121520996,-0.0381,1.14075391616821),(1.54353814849854,-0.5207,-1.14513145904541),
(1.54353814849854,-0.5207,1.14513145904541),(1.54353814849854,-0.0381,-1.14513145904541),
(1.54353814849854,-0.0381,1.14513145904541),(1.54355132598877,-0.5207,-1.14184600067139),
(1.54355132598877,-0.5207,1.14184600067139),(1.54355132598877,-0.0381,-1.14184600067139),
(1.54355132598877,-0.0381,1.14184600067139),(1.54358969573975,-0.5207,-1.14403685531616),
(1.54358969573975,-0.5207,1.14403685531616),(1.54358969573975,-0.0381,-1.14403685531616),
(1.54358969573975,-0.0381,1.14403685531616),(1.54359415283203,-0.5207,-1.14294099197388),
(1.54359415283203,-0.5207,1.14294099197388),(1.54359415283203,-0.0381,-1.14294099197388),
(1.54359415283203,-0.0381,1.14294099197388),(1.54402484359741,-0.5207,-1.17454041976929),
(1.54402484359741,-0.5207,1.17454041976929),(1.54402484359741,-0.0381,-1.17454041976929),
(1.54402484359742,-0.0381,1.17454041976929),(1.54492905197143,-0.5207,-1.18184617538452),
(1.54492905197143,-0.5207,1.18184617538452),(1.54492905197143,-0.0381,-1.18184617538452),
(1.54492905197143,-0.0381,1.18184617538452),(1.54614390029907,-0.5207,-1.18910697250366),
(1.54614390029907,-0.5207,1.18910697250366),(1.54614390029907,-0.0381,-1.18910697250366),
(1.54614390029907,-0.0381,1.18910697250366),(1.58788699188233,-0.5969,-1.09258699188232),
(1.58788699188233,-0.5969,1.09258699188232),(1.58788699188233,-0.5588,-1.09258699188232),
(1.58788699188233,-0.5588,1.09258699188232),(1.5879473564148,-0.5969,-1.09535668716431),
(1.5879473564148,-0.5969,-1.08981710281372),(1.5879473564148,-0.5969,1.08981710281372),
(1.5879473564148,-0.5969,1.09535668716431),(1.5879473564148,-0.5588,-1.09535668716431),
(1.5879473564148,-0.5588,-1.08981710281372),(1.5879473564148,-0.5588,1.08981710281372),
(1.5879473564148,-0.5588,1.09535668716431),(1.58812864379883,-0.5969,-1.09812134399414),
(1.58812864379883,-0.5969,-1.0870525428772),(1.58812864379883,-0.5969,1.0870525428772),
(1.58812864379883,-0.5969,1.09812134399414),(1.58812864379883,-0.5588,-1.09812134399414),
(1.58812864379883,-0.5588,-1.0870525428772),(1.58812864379883,-0.5588,1.0870525428772),
(1.58812864379883,-0.5588,1.09812134399414),(1.58843017578125,-0.5969,-1.10087543945313),
(1.58843017578125,-0.5969,-1.08429854431152),(1.58843017578125,-0.5969,
1.08429854431152),(1.58843017578125,-0.5969,1.10087543945312),(1.58843017578125,
-0.5588,-1.10087543945312),(1.58843017578125,-0.5588,-1.08429854431152),
(1.58843017578125,-0.5588,1.08429854431152),(1.58843017578125,-0.5588,1.10087543945312),
(1.58885156478882,-0.5969,-1.10361354751587),(1.58885156478882,-0.5969,
-1.08156033935547),(1.58885156478882,-0.5969,1.08156033935547),(1.58885156478882,
-0.5969,1.10361354751587),(1.58885156478882,-0.5588,-1.10361354751587),
(1.58885156478882,-0.5588,-1.08156033935547),(1.58885156478882,-0.5588,
1.08156033935547),(1.58885156478882,-0.5588,1.10361354751587),(1.58939203567505,
-0.5969,-1.10633082351685),(1.58939203567505,-0.5969,-1.07884306335449),
(1.58939203567505,-0.5969,1.07884306335449),(1.58939203567505,-0.5969,1.10633082351685),
(1.58939203567505,-0.5588,-1.10633082351685),(1.58939203567505,-0.5588,
-1.07884306335449),(1.58939203567505,-0.5588,1.07884306335449),(1.58939203567505,
-0.5588,1.10633082351685),(1.59005061950684,-0.5969,-1.10902193832397),
(1.59005061950684,-0.5969,-1.07615185165405),(1.59005061950684,-0.5969,
1.07615185165405),(1.59005061950684,-0.5969,1.10902193832397),(1.59005061950684,
-0.5588,-1.10902193832397),(1.59005061950684,-0.5588,-1.07615185165405),
(1.59005061950684,-0.5588,1.07615185165405),(1.59005061950684,-0.5588,1.10902193832397),
(1.59082595977783,-0.5969,-1.1116817565918),(1.59082595977783,-0.5969,-1.07349213027954),
(1.59082595977783,-0.5969,1.07349213027954),(1.59082595977783,-0.5969,1.1116817565918),
(1.59082595977783,-0.5588,-1.1116817565918),(1.59082595977783,-0.5588,-1.07349213027954),
(1.59082595977783,-0.5588,1.07349213027954),(1.59082595977783,-0.5588,1.1116817565918),
(1.59171640930176,-0.5969,-1.11430523986816),(1.59171640930176,-0.5969,
-1.07086864700317),(1.59171640930176,-0.5969,1.07086864700317),(1.59171640930176,
-0.5969,1.11430523986816),(1.59171640930176,-0.5588,-1.11430523986816),
(1.59171640930176,-0.5588,-1.07086864700317),(1.59171640930176,-0.5588,
1.07086864700317),(1.59171640930176,-0.5588,1.11430523986816),(1.59272051467895,
-0.5969,-1.11688725280762),(1.59272051467895,-0.5969,-1.06828653717041),
(1.59272051467895,-0.5969,1.06828653717041),(1.59272051467895,-0.5969,1.11688725280762),
(1.59272051467895,-0.5588,-1.11688725280762),(1.59272051467895,-0.5588,
-1.06828653717041),(1.59272051467895,-0.5588,1.06828653717041),(1.59272051467895,
-0.5588,1.11688725280762),(1.59383643493653,-0.5969,-1.11942314453125),
(1.59383643493653,-0.5969,-1.06575074234009),(1.59383643493653,-0.5969,
1.06575074234009),(1.59383643493653,-0.5969,1.11942314453125),(1.59383643493653,
-0.5588,-1.11942314453125),(1.59383643493653,-0.5588,-1.06575074234009),
(1.59383643493653,-0.5588,1.06575074234009),(1.59383643493653,-0.5588,1.11942314453125),
(1.59506184463501,-0.5969,-1.12190797348022),(1.59506184463501,-0.5969,
-1.06326591339111),(1.59506184463501,-0.5969,1.06326591339111),(1.59506184463501,
-0.5969,1.12190797348022),(1.59506184463501,-0.5588,-1.12190797348022),
(1.59506184463501,-0.5588,-1.06326591339111),(1.59506184463501,-0.5588,
1.06326591339111),(1.59506184463501,-0.5588,1.12190797348022),(1.59639432144165,
-0.5969,-1.12433689498901),(1.59639432144165,-0.5969,-1.06083699188232),
(1.59639432144165,-0.5969,1.06083699188232),(1.59639432144165,-0.5969,1.12433689498901),
(1.59639432144165,-0.5588,-1.12433689498901),(1.59639432144165,-0.5588,
-1.06083699188232),(1.59639432144165,-0.5588,1.06083699188232),(1.59639432144165,
-0.5588,1.12433689498901),(1.5978316368103,-0.5969,-1.12670554885864),(1.5978316368103,
-0.5969,-1.05846843490601),(1.5978316368103,-0.5969,1.05846843490601),(1.5978316368103,
-0.5969,1.12670554885864),(1.5978316368103,-0.5588,-1.12670554885864),(1.5978316368103,
-0.5588,-1.05846843490601),(1.5978316368103,-0.5588,1.05846843490601),(1.5978316368103,
-0.5588,1.12670554885864),(1.59937078704834,-0.5969,-1.12900909042358),
(1.59937078704834,-0.5969,-1.05616479644775),(1.59937078704834,-0.5969,
1.12900909042358),(1.59937078704834,-0.5588,-1.12900909042358),(1.59937078704834,
-0.5588,-1.05616479644775),(1.59937078704834,-0.5588,1.05616479644775),
(1.59937078704834,-0.5588,1.12900909042358),(1.59937078704835,-0.5969,1.05616479644775),
(1.60100905914306,-0.5969,-1.13124335327148),(1.60100905914306,-0.5969,
-1.05393063049316),(1.60100905914306,-0.5969,1.05393063049316),(1.60100905914306,
-0.5969,1.13124335327148),(1.60100905914306,-0.5588,-1.13124335327148),
(1.60100905914306,-0.5588,-1.05393063049316),(1.60100905914306,-0.5588,
1.05393063049316),(1.60100905914306,-0.5588,1.13124335327148),(1.60274306182861,
-0.5969,-1.13340388031006),(1.60274306182861,-0.5969,-1.05177000656128),
(1.60274306182861,-0.5969,1.05177000656128),(1.60274306182861,-0.5969,1.13340388031006),
(1.60274306182861,-0.5588,-1.13340388031006),(1.60274306182861,-0.5588,
-1.05177000656128),(1.60274306182861,-0.5588,1.05177000656128),(1.60274306182861,
-0.5588,1.13340388031006),(1.60456988830567,-0.5969,-1.13548689270019),
(1.60456988830567,-0.5969,-1.04968699417114),(1.60456988830567,-0.5969,
1.04968699417114),(1.60456988830567,-0.5969,1.13548689270019),(1.60456988830567,
-0.5588,-1.13548689270019),(1.60456988830567,-0.5588,-1.04968699417114),
(1.60456988830567,-0.5588,1.04968699417114),(1.60456988830567,-0.5588,1.13548689270019),
(1.60648556594849,-0.5969,-1.13748822402954),(1.60648556594849,-0.5969,
-1.0476856628418),(1.60648556594849,-0.5969,1.0476856628418),(1.60648556594849,
-0.5969,1.13748822402954),(1.60648556594849,-0.5588,-1.13748822402954),
(1.60648556594849,-0.5588,-1.0476856628418),(1.60648556594849,-0.5588,1.0476856628418),
(1.60648556594849,-0.5588,1.13748822402954),(1.60848709106446,-0.5969,-1.13940399856567),
(1.60848709106446,-0.5969,-1.04576988830566),(1.60848709106446,-0.5969,
1.04576988830566),(1.60848709106446,-0.5969,1.13940399856567),(1.60848709106446,
-0.5588,-1.13940399856567),(1.60848709106446,-0.5588,-1.04576988830566),
(1.60848709106446,-0.5588,1.04576988830566),(1.60848709106446,-0.5588,1.13940399856567),
(1.609476953125,-0.5588,-1.09258699188232),(1.609476953125,-0.5588,1.09258699188232),
(1.609476953125,-0.5207,-1.09258699188232),(1.609476953125,-0.5207,1.09258699188232),
(1.60951697006226,-0.5588,-1.09441507797241),(1.60951697006226,-0.5588,
-1.09075880889893),(1.60951697006226,-0.5588,1.09075880889893),(1.60951697006226,
-0.5588,1.09441507797241),(1.60951697006226,-0.5207,-1.09441507797241),
(1.60951697006226,-0.5207,-1.09075880889893),(1.60951697006226,-0.5207,
1.09075880889893),(1.60951697006226,-0.5207,1.09441507797241),(1.60963634262085,
-0.5588,-1.09623967590332),(1.60963634262085,-0.5588,-1.08893421096802),
(1.60963634262085,-0.5588,1.08893421096802),(1.60963634262085,-0.5588,1.09623967590332),
(1.60963634262085,-0.5207,-1.09623967590332),(1.60963634262085,-0.5207,
-1.08893421096802),(1.60963634262085,-0.5207,1.08893421096802),(1.60963634262085,
-0.5207,1.09623967590332),(1.60983545837403,-0.5588,-1.09805729751587),
(1.60983545837403,-0.5588,-1.08711668624878),(1.60983545837403,-0.5588,
1.08711668624878),(1.60983545837403,-0.5588,1.09805729751587),(1.60983545837403,
-0.5207,-1.09805729751587),(1.60983545837403,-0.5207,-1.08711668624878),
(1.60983545837403,-0.5207,1.08711668624878),(1.60983545837403,-0.5207,1.09805729751587),
(1.6101136390686,-0.5588,-1.09986455154419),(1.6101136390686,-0.5588,-1.08530933532715),
(1.6101136390686,-0.5588,1.08530933532715),(1.6101136390686,-0.5588,1.09986455154419),
(1.6101136390686,-0.5207,-1.09986455154419),(1.6101136390686,-0.5207,-1.08530933532715),
(1.6101136390686,-0.5207,1.08530933532715),(1.6101136390686,-0.5207,1.09986455154419),
(1.61047030334472,-0.5588,-1.1016579498291),(1.61047030334472,-0.5588,-1.08351593704224),
(1.61047030334472,-0.5588,1.08351593704224),(1.61047030334472,-0.5588,1.1016579498291),
(1.61047030334472,-0.5207,-1.1016579498291),(1.61047030334472,-0.5207,-1.08351593704224),
(1.61047030334472,-0.5207,1.08351593704224),(1.61047030334472,-0.5207,1.1016579498291),
(1.61056990966797,-0.5969,-1.14123082504272),(1.61056990966797,-0.5969,
-1.04394306182861),(1.61056990966797,-0.5969,1.04394306182861),(1.61056990966797,
-0.5969,1.14123082504272),(1.61056990966797,-0.5588,-1.14123082504272),
(1.61056990966797,-0.5588,-1.04394306182861),(1.61056990966797,-0.5588,
1.04394306182861),(1.61056990966797,-0.5588,1.14123082504272),(1.61090506362914,
-0.5207,-1.0817397857666),(1.61090506362915,-0.5588,-1.10343410110474),
(1.61090506362915,-0.5588,-1.0817397857666),(1.61090506362915,-0.5588,1.0817397857666),
(1.61090506362915,-0.5588,1.10343410110474),(1.61090506362915,-0.5207,-1.10343410110474),
(1.61090506362915,-0.5207,1.0817397857666),(1.61090506362915,-0.5207,1.10343410110474),
(1.61141675720215,-0.5588,-1.10518951721191),(1.61141675720215,-0.5588,
-1.07998436965942),(1.61141675720215,-0.5588,1.07998436965942),(1.61141675720215,
-0.5588,1.10518951721191),(1.61141675720215,-0.5207,-1.10518951721191),
(1.61141675720215,-0.5207,-1.07998436965942),(1.61141675720215,-0.5207,
1.07998436965942),(1.61141675720215,-0.5207,1.10518951721191),(1.61200431823731,
-0.5588,-1.10692100067139),(1.61200431823731,-0.5588,-1.07825288619995),
(1.61200431823731,-0.5588,1.07825288619995),(1.61200431823731,-0.5588,1.10692100067139),
(1.61200431823731,-0.5207,-1.10692100067139),(1.61200431823731,-0.5207,
-1.07825288619995),(1.61200431823731,-0.5207,1.07825288619995),(1.61200431823731,
-0.5207,1.10692100067139),(1.61266706848145,-0.5588,-1.1086252571106),(1.61266706848145,
-0.5588,-1.07654862976074),(1.61266706848145,-0.5588,1.07654862976074),
(1.61266706848145,-0.5588,1.1086252571106),(1.61266706848145,-0.5207,-1.1086252571106),
(1.61266706848145,-0.5207,-1.07654862976074),(1.61266706848145,-0.5207,
1.07654862976074),(1.61266706848145,-0.5207,1.1086252571106),(1.61273063049317,
-0.5969,-1.14296482772827),(1.61273063049317,-0.5969,-1.04220905914307),
(1.61273063049317,-0.5969,1.04220905914307),(1.61273063049317,-0.5969,1.14296482772827),
(1.61273063049317,-0.5588,-1.14296482772827),(1.61273063049317,-0.5588,
-1.04220905914307),(1.61273063049317,-0.5588,1.04220905914307),(1.61273063049317,
-0.5588,1.14296482772827),(1.61340365142823,-0.5588,-1.11029879837036),
(1.61340365142823,-0.5588,-1.07487508850098),(1.61340365142823,-0.5588,
1.07487508850098),(1.61340365142823,-0.5588,1.11029879837036),(1.61340365142823,
-0.5207,-1.11029879837036),(1.61340365142823,-0.5207,-1.07487508850098),
(1.61340365142823,-0.5207,1.07487508850098),(1.61340365142823,-0.5207,1.11029879837036),
(1.61421232299804,-0.5588,-1.11193881454468),(1.61421232299804,-0.5588,
-1.07323507232666),(1.61421232299804,-0.5588,1.07323507232666),(1.61421232299804,
-0.5588,1.11193881454468),(1.61421232299804,-0.5207,-1.11193881454468),
(1.61421232299804,-0.5207,-1.07323507232666),(1.61421232299804,-0.5207,
1.07323507232666),(1.61421232299804,-0.5207,1.11193881454468),(1.61496489334106,
-0.5969,-1.144603099823),(1.61496489334106,-0.5969,-1.04057078704834),(1.61496489334106,
-0.5969,1.04057078704834),(1.61496489334106,-0.5969,1.144603099823),(1.61496489334106,
-0.5588,-1.144603099823),(1.61496489334106,-0.5588,-1.04057078704834),(1.61496489334106,
-0.5588,1.04057078704834),(1.61496489334106,-0.5588,1.144603099823),(1.61509192047119,
-0.5588,-1.11354191436768),(1.61509192047119,-0.5588,-1.07163197250366),
(1.61509192047119,-0.5588,1.07163197250366),(1.61509192047119,-0.5588,1.11354191436768),
(1.61509192047119,-0.5207,-1.11354191436768),(1.61509192047119,-0.5207,
-1.07163197250366),(1.61509192047119,-0.5207,1.07163197250366),(1.61509192047119,
-0.5207,1.11354191436768),(1.61604040908814,-0.5588,-1.11510519104004),
(1.61604040908814,-0.5588,-1.0700686958313),(1.61604040908814,-0.5588,1.0700686958313),
(1.61604040908814,-0.5588,1.11510519104004),(1.61604040908814,-0.5207,-1.11510519104004),
(1.61604040908814,-0.5207,-1.0700686958313),(1.61604040908814,-0.5207,1.0700686958313),
(1.61604040908814,-0.5207,1.11510519104004),(1.61705623855591,-0.5588,-1.11662554397583),
(1.61705623855591,-0.5588,-1.06854834289551),(1.61705623855591,-0.5588,
1.06854834289551),(1.61705623855591,-0.5588,1.11662554397583),(1.61705623855591,
-0.5207,-1.11662554397583),(1.61705623855591,-0.5207,-1.06854834289551),
(1.61705623855591,-0.5207,1.06854834289551),(1.61705623855591,-0.5207,1.11662554397583),
(1.61726843490601,-0.5969,-1.14614225006103),(1.61726843490601,-0.5969,
-1.0390316368103),(1.61726843490601,-0.5969,1.0390316368103),(1.61726843490601,
-0.5969,1.14614225006103),(1.61726843490601,-0.5588,-1.14614225006103),
(1.61726843490601,-0.5588,-1.0390316368103),(1.61726843490601,-0.5588,1.0390316368103),
(1.61726843490601,-0.5588,1.14614225006103),(1.61813756790161,-0.5588,-1.11810016326904),
(1.61813756790161,-0.5588,-1.06707372360229),(1.61813756790161,-0.5588,
1.06707372360229),(1.61813756790161,-0.5588,1.11810016326904),(1.61813756790161,
-0.5207,-1.11810016326904),(1.61813756790161,-0.5207,-1.06707372360229),
(1.61813756790161,-0.5207,1.06707372360229),(1.61813756790161,-0.5207,1.11810016326904),
(1.61928197479248,-0.5588,-1.11952614212036),(1.61928197479248,-0.5588,
-1.06564764785767),(1.61928197479248,-0.5588,1.06564764785767),(1.61928197479248,
-0.5588,1.11952614212036),(1.61928197479248,-0.5207,-1.11952614212036),
(1.61928197479248,-0.5207,-1.06564764785767),(1.61928197479248,-0.5207,
1.06564764785767),(1.61928197479248,-0.5207,1.11952614212036),(1.61963699188233,
-0.5969,-1.14757956542969),(1.61963699188233,-0.5969,-1.03759432144165),
(1.61963699188233,-0.5969,1.03759432144165),(1.61963699188233,-0.5969,1.14757956542969),
(1.61963699188233,-0.5588,-1.14757956542969),(1.61963699188233,-0.5588,
-1.03759432144165),(1.61963699188233,-0.5588,1.03759432144165),(1.61963699188233,
-0.5588,1.14757956542969),(1.62048761825562,-0.5588,-1.1209008644104),(1.62048761825562,
-0.5588,-1.06427302246094),(1.62048761825562,-0.5588,1.06427302246094),
(1.62048761825562,-0.5588,1.1209008644104),(1.62048761825562,-0.5207,-1.1209008644104),
(1.62048761825562,-0.5207,-1.06427302246094),(1.62048761825562,-0.5207,
1.06427302246094),(1.62048761825562,-0.5207,1.1209008644104),(1.62175217285157,
-0.5588,-1.12222181091309),(1.62175217285157,-0.5588,-1.06295207595825),
(1.62175217285157,-0.5588,1.06295207595825),(1.62175217285157,-0.5588,1.12222181091309),
(1.62175217285157,-0.5207,-1.12222181091309),(1.62175217285157,-0.5207,
-1.06295207595825),(1.62175217285157,-0.5207,1.06295207595825),(1.62175217285157,
-0.5207,1.12222181091309),(1.62206591339111,-0.5969,-1.14891213912964),
(1.62206591339111,-0.5969,-1.0362617477417),(1.62206591339111,-0.5969,1.0362617477417),
(1.62206591339111,-0.5969,1.14891213912964),(1.62206591339111,-0.5588,-1.14891213912964),
(1.62206591339111,-0.5588,-1.0362617477417),(1.62206591339111,-0.5588,1.0362617477417),
(1.62206591339111,-0.5588,1.14891213912964),(1.62307292556763,-0.5588,-1.12348626861572),
(1.62307292556763,-0.5588,-1.06168761825561),(1.62307292556763,-0.5588,
1.06168761825561),(1.62307292556763,-0.5588,1.12348626861572),(1.62307292556763,
-0.5207,-1.12348626861572),(1.62307292556763,-0.5207,-1.06168761825561),
(1.62307292556763,-0.5207,1.06168761825561),(1.62307292556763,-0.5207,1.12348626861572),
(1.62444774475098,-0.5588,-1.12469181518555),(1.62444774475098,-0.5588,
-1.06048207168579),(1.62444774475098,-0.5588,1.06048207168579),(1.62444774475098,
-0.5588,1.12469181518555),(1.62444774475098,-0.5207,-1.12469181518555),
(1.62444774475098,-0.5207,-1.06048207168579),(1.62444774475098,-0.5207,
1.06048207168579),(1.62444774475098,-0.5207,1.12469181518555),(1.62455074234009,
-0.5969,-1.15013754882812),(1.62455074234009,-0.5969,-1.03503643493652),
(1.62455074234009,-0.5969,1.03503643493652),(1.62455074234009,-0.5969,1.15013754882812),
(1.62455074234009,-0.5588,-1.15013754882812),(1.62455074234009,-0.5588,
-1.03503643493652),(1.62455074234009,-0.5588,1.03503643493652),(1.62455074234009,
-0.5588,1.15013754882812),(1.6258738204956,-0.5588,-1.12583641586304),(1.6258738204956,
-0.5588,-1.0593374710083),(1.6258738204956,-0.5588,1.0593374710083),(1.6258738204956,
-0.5588,1.12583641586304),(1.6258738204956,-0.5207,-1.12583641586304),(1.6258738204956,
-0.5207,-1.0593374710083),(1.6258738204956,-0.5207,1.0593374710083),(1.6258738204956,
-0.5207,1.12583641586304),(1.62598679809571,-0.5969,-1.18910697250366),
(1.62598679809571,-0.5969,1.18910697250366),(1.62598679809571,-0.5207,-1.18910697250366),
(1.62598679809571,-0.5207,1.18910697250366),(1.62708653717041,-0.5969,-1.15125327529907),
(1.62708653717041,-0.5969,-1.03392061157227),(1.62708653717041,-0.5969,
1.03392061157227),(1.62708653717041,-0.5969,1.15125327529907),(1.62708653717041,
-0.5588,-1.15125327529907),(1.62708653717041,-0.5588,-1.03392061157227),
(1.62708653717041,-0.5588,1.03392061157227),(1.62708653717041,-0.5588,1.15125327529907),
(1.62734834289551,-0.5588,-1.12691764831543),(1.62734834289551,-0.5588,
-1.05825623855591),(1.62734834289551,-0.5588,1.05825623855591),(1.62734834289551,
-0.5588,1.12691764831543),(1.62734834289551,-0.5207,-1.12691764831543),
(1.62734834289551,-0.5207,-1.05825623855591),(1.62734834289551,-0.5207,
1.05825623855591),(1.62734834289551,-0.5207,1.12691764831543),(1.62886879272461,
-0.5588,-1.1279334777832),(1.62886879272461,-0.5588,-1.05724040908813),
(1.62886879272461,-0.5588,1.05724040908813),(1.62886879272461,-0.5588,1.1279334777832),
(1.62886879272461,-0.5207,-1.1279334777832),(1.62886879272461,-0.5207,-1.05724040908813),
(1.62886879272461,-0.5207,1.05724040908813),(1.62886879272461,-0.5207,1.1279334777832),
(1.62966874389649,-0.5969,-1.15225738067627),(1.62966874389649,-0.5969,
-1.03291650619507),(1.62966874389649,-0.5969,1.03291650619507),(1.62966874389649,
-0.5969,1.15225738067627),(1.62966874389649,-0.5588,-1.15225738067627),
(1.62966874389649,-0.5588,-1.03291650619507),(1.62966874389649,-0.5588,
1.03291650619507),(1.62966874389649,-0.5588,1.15225738067627),(1.63043187561035,
-0.5588,-1.12888206329346),(1.63043187561035,-0.5588,-1.05629182357788),
(1.63043187561035,-0.5588,1.05629182357788),(1.63043187561035,-0.5588,1.12888206329346),
(1.63043187561035,-0.5207,-1.12888206329346),(1.63043187561035,-0.5207,
-1.05629182357788),(1.63043187561035,-0.5207,1.05629182357788),(1.63043187561035,
-0.5207,1.12888206329346),(1.631305078125,-0.5969,-1.18899089431763),(1.631305078125,
-0.5969,1.18899089431763),(1.631305078125,-0.5207,-1.18899089431763),(1.631305078125,
-0.5207,1.18899089431763),(1.63203487854004,-0.5588,-1.12976156387329),
(1.63203487854004,-0.5588,-1.05541232299805),(1.63203487854004,-0.5588,
1.05541232299805),(1.63203487854004,-0.5588,1.12976156387329),(1.63203487854004,
-0.5207,-1.12976156387329),(1.63203487854004,-0.5207,-1.05541232299805),
(1.63203487854004,-0.5207,1.05541232299805),(1.63203487854004,-0.5207,1.12976156387329),
(1.63229222717285,-0.5969,-1.15314802398682),(1.63229222717285,-0.5969,
-1.03202586288452),(1.63229222717285,-0.5969,1.03202586288452),(1.63229222717285,
-0.5969,1.15314802398682),(1.63229222717285,-0.5588,-1.15314802398682),
(1.63229222717285,-0.5588,-1.03202586288452),(1.63229222717285,-0.5588,
1.03202586288452),(1.63229222717285,-0.5588,1.15314802398682),(1.63367489471436,
-0.5588,-1.13057023544311),(1.63367489471436,-0.5588,-1.05460355453491),
(1.63367489471436,-0.5588,1.05460355453491),(1.63367489471436,-0.5588,1.13057023544311),
(1.63367489471436,-0.5207,-1.13057023544311),(1.63367489471436,-0.5207,
-1.05460355453491),(1.63367489471436,-0.5207,1.05460355453491),(1.63367489471436,
-0.5207,1.13057023544311),(1.63495194854737,-0.5969,-1.1539232673645),(1.63495194854737,
-0.5969,-1.03125061950684),(1.63495194854737,-0.5969,1.03125061950684),
(1.63495194854737,-0.5969,1.1539232673645),(1.63495194854737,-0.5588,-1.1539232673645),
(1.63495194854737,-0.5588,-1.03125061950684),(1.63495194854737,-0.5588,
1.03125061950684),(1.63495194854737,-0.5588,1.1539232673645),(1.63534862976074,
-0.5588,-1.13130672149658),(1.63534862976074,-0.5588,-1.05386716537476),
(1.63534862976074,-0.5588,1.05386716537476),(1.63534862976074,-0.5588,1.13130672149658),
(1.63534862976074,-0.5207,-1.13130672149658),(1.63534862976074,-0.5207,
-1.05386716537476),(1.63534862976074,-0.5207,1.05386716537476),(1.63534862976074,
-0.5207,1.13130672149658),(1.63661289367675,-0.5969,-1.18864304733276),
(1.63661289367675,-0.5207,-1.18864304733276),(1.63661289367675,-0.5207,
1.18864304733276),(1.63661289367676,-0.5969,1.18864304733276),(1.63705278930664,
-0.5588,-1.13196947174072),(1.63705278930664,-0.5588,-1.05320441513061),
(1.63705278930664,-0.5588,1.05320441513061),(1.63705278930664,-0.5588,1.13196947174072),
(1.63705278930664,-0.5207,-1.13196947174072),(1.63705278930664,-0.5207,
-1.05320441513061),(1.63705278930664,-0.5207,1.05320441513061),(1.63705278930664,
-0.5207,1.13196947174072),(1.63764306335449,-0.5969,-1.15458175430298),
(1.63764306335449,-0.5969,-1.03059213256836),(1.63764306335449,-0.5969,
1.03059213256836),(1.63764306335449,-0.5969,1.15458175430298),(1.63764306335449,
-0.5588,-1.15458175430298),(1.63764306335449,-0.5588,-1.03059213256836),
(1.63764306335449,-0.5588,1.03059213256836),(1.63764306335449,-0.5588,1.15458175430298),
(1.63878446655273,-0.5588,-1.1325572265625),(1.63878446655273,-0.5588,-1.05261666030884),
(1.63878446655273,-0.5588,1.05261666030884),(1.63878446655273,-0.5588,1.1325572265625),
(1.63878446655273,-0.5207,-1.1325572265625),(1.63878446655273,-0.5207,-1.05261666030884),
(1.63878446655273,-0.5207,1.05261666030884),(1.63878446655273,-0.5207,1.1325572265625),
(1.64036014556885,-0.5969,-1.15512222518921),(1.64036014556885,-0.5969,
-1.03005166168213),(1.64036014556885,-0.5969,1.03005166168213),(1.64036014556885,
-0.5969,1.15512222518921),(1.64036014556885,-0.5588,-1.15512222518921),
(1.64036014556885,-0.5588,-1.03005166168213),(1.64036014556885,-0.5588,
1.03005166168213),(1.64036014556885,-0.5588,1.15512222518921),(1.6405397857666,
-0.5588,-1.13306882324219),(1.6405397857666,-0.5588,-1.05210506362915),
(1.6405397857666,-0.5588,1.05210506362915),(1.6405397857666,-0.5588,1.13306882324219),
(1.6405397857666,-0.5207,-1.13306882324219),(1.6405397857666,-0.5207,-1.05210506362915),
(1.6405397857666,-0.5207,1.05210506362915),(1.6405397857666,-0.5207,1.13306882324219),
(1.64190074920654,-0.5969,1.18806381912231),(1.64190074920654,-0.5969,-1.18806381912231),
(1.64190074920654,-0.5207,-1.18806381912231),(1.64190074920654,-0.5207,
1.18806381912231),(1.64231584014893,-0.5588,-1.13350358352661),(1.64231584014893,
-0.5588,-1.05167030334473),(1.64231584014893,-0.5588,1.05167030334473),
(1.64231584014893,-0.5588,1.13350358352661),(1.64231584014893,-0.5207,-1.13350358352661),
(1.64231584014893,-0.5207,-1.05167030334473),(1.64231584014893,-0.5207,
1.05167030334473),(1.64231584014893,-0.5207,1.13350358352661),(1.64309854431153,
-0.5969,-1.15554361419678),(1.64309854431153,-0.5969,-1.02963027267456),
(1.64309854431153,-0.5969,1.02963027267456),(1.64309854431153,-0.5969,1.15554361419678),
(1.64309854431153,-0.5588,-1.15554361419678),(1.64309854431153,-0.5588,
-1.02963027267456),(1.64309854431153,-0.5588,1.02963027267456),(1.64309854431153,
-0.5588,1.15554361419678),(1.64410933532715,-0.5588,-1.13386024780273),
(1.64410933532715,-0.5588,-1.0513136390686),(1.64410933532715,-0.5588,1.0513136390686),
(1.64410933532715,-0.5588,1.13386024780273),(1.64410933532715,-0.5207,-1.13386024780273),
(1.64410933532715,-0.5207,-1.0513136390686),(1.64410933532715,-0.5207,1.0513136390686),
(1.64410933532715,-0.5207,1.13386024780273),(1.64585244598389,-0.5969,-1.15584533996582),
(1.64585244598389,-0.5969,-1.02932854690552),(1.64585244598389,-0.5969,
1.02932854690552),(1.64585244598389,-0.5969,1.15584533996582),(1.64585244598389,
-0.5588,-1.15584533996582),(1.64585244598389,-0.5588,-1.02932854690552),
(1.64585244598389,-0.5588,1.02932854690552),(1.64585244598389,-0.5588,1.15584533996582),
(1.64591658935547,-0.5588,-1.134138331604),(1.64591658935547,-0.5588,-1.05103555526733),
(1.64591658935547,-0.5588,1.05103555526733),(1.64591658935547,-0.5588,1.134138331604),
(1.64591658935547,-0.5207,-1.134138331604),(1.64591658935547,-0.5207,-1.05103555526733),
(1.64591658935547,-0.5207,1.05103555526733),(1.64591658935547,-0.5207,1.134138331604),
(1.6471579864502,-0.5969,-1.18725475997925),(1.6471579864502,-0.5969,1.18725475997925),
(1.6471579864502,-0.5207,-1.18725475997925),(1.6471579864502,-0.5207,1.18725475997925),
(1.64773430786133,-0.5588,-1.13433744735718),(1.64773430786133,-0.5588,
-1.05083643951416),(1.64773430786133,-0.5588,1.05083643951416),(1.64773430786133,
-0.5588,1.13433744735718),(1.64773430786133,-0.5207,-1.13433744735718),
(1.64773430786133,-0.5207,-1.05083643951416),(1.64773430786133,-0.5207,
1.05083643951416),(1.64773430786133,-0.5207,1.13433744735718),(1.64861719970703,
-0.5969,-1.15602653045654),(1.64861719970703,-0.5969,-1.02914735641479),
(1.64861719970703,-0.5969,1.02914735641479),(1.64861719970703,-0.5969,1.15602653045654),
(1.64861719970703,-0.5588,-1.15602653045654),(1.64861719970703,-0.5588,
-1.02914735641479),(1.64861719970703,-0.5588,1.02914735641479),(1.64861719970703,
-0.5588,1.15602653045654),(1.64955880889893,-0.5588,-1.1344571105957),(1.64955880889893,
-0.5588,-1.05071687316894),(1.64955880889893,-0.5588,1.05071687316894),
(1.64955880889893,-0.5588,1.1344571105957),(1.64955880889893,-0.5207,-1.1344571105957),
(1.64955880889893,-0.5207,-1.05071687316894),(1.64955880889893,-0.5207,
1.05071687316894),(1.64955880889893,-0.5207,1.1344571105957),(1.65138699188233,
-0.5969,-1.15608699188232),(1.65138699188233,-0.5969,-1.02908689498901),
(1.65138699188233,-0.5969,1.02908689498901),(1.65138699188233,-0.5969,1.15608699188232),
(1.65138699188233,-0.5588,-1.15608699188232),(1.65138699188233,-0.5588,
-1.13449693374634),(1.65138699188233,-0.5588,-1.05067685623169),(1.65138699188233,
-0.5588,-1.02908689498901),(1.65138699188233,-0.5588,1.02908689498901),
(1.65138699188233,-0.5588,1.05067685623169),(1.65138699188233,-0.5588,1.13449693374634),
(1.65138699188233,-0.5588,1.15608699188232),(1.65138699188233,-0.5207,-1.13449693374634),
(1.65138699188233,-0.5207,-1.05067685623169),(1.65138699188233,-0.5207,
1.05067685623169),(1.65138699188233,-0.5207,1.13449693374634),(1.65237510986328,
-0.5969,-1.18621693572998),(1.65237510986328,-0.5969,1.18621693572998),
(1.65237510986328,-0.5207,-1.18621693572998),(1.65237510986328,-0.5207,
1.18621693572998),(1.6532149810791,-0.5588,-1.1344571105957),(1.6532149810791,
-0.5588,-1.05071687316894),(1.6532149810791,-0.5588,1.05071687316894),(1.6532149810791,
-0.5588,1.1344571105957),(1.6532149810791,-0.5207,-1.1344571105957),(1.6532149810791,
-0.5207,-1.05071687316894),(1.6532149810791,-0.5207,1.05071687316894),(1.6532149810791,
-0.5207,1.1344571105957),(1.65415678405762,-0.5969,-1.15602653045654),(1.65415678405762,
-0.5969,-1.02914735641479),(1.65415678405762,-0.5969,1.02914735641479),
(1.65415678405762,-0.5969,1.15602653045654),(1.65415678405762,-0.5588,-1.15602653045654),
(1.65415678405762,-0.5588,-1.02914735641479),(1.65415678405762,-0.5588,
1.02914735641479),(1.65415678405762,-0.5588,1.15602653045654),(1.6550394821167,
-0.5588,-1.13433744735718),(1.6550394821167,-0.5588,-1.05083643951416),
(1.6550394821167,-0.5588,1.05083643951416),(1.6550394821167,-0.5588,1.13433744735718),
(1.6550394821167,-0.5207,-1.13433744735718),(1.6550394821167,-0.5207,-1.05083643951416),
(1.6550394821167,-0.5207,1.05083643951416),(1.6550394821167,-0.5207,1.13433744735718),
(1.65685720062256,-0.5588,-1.134138331604),(1.65685720062256,-0.5588,-1.05103555526733),
(1.65685720062256,-0.5588,1.05103555526733),(1.65685720062256,-0.5588,1.134138331604),
(1.65685720062256,-0.5207,-1.134138331604),(1.65685720062256,-0.5207,-1.05103555526733),
(1.65685720062256,-0.5207,1.05103555526733),(1.65685720062256,-0.5207,1.134138331604),
(1.65692134399414,-0.5969,-1.15584533996582),(1.65692134399414,-0.5969,
-1.02932854690552),(1.65692134399414,-0.5969,1.02932854690552),(1.65692134399414,
-0.5969,1.15584533996582),(1.65692134399414,-0.5588,-1.15584533996582),
(1.65692134399414,-0.5588,-1.02932854690552),(1.65692134399414,-0.5588,
1.02932854690552),(1.65692134399414,-0.5588,1.15584533996582),(1.65754204254151,
-0.5969,-1.18495257492065),(1.65754204254151,-0.5969,1.18495257492065),
(1.65754204254151,-0.5207,-1.18495257492065),(1.65754204254151,-0.5207,
1.18495257492065),(1.65866445465088,-0.5588,-1.13386024780273),(1.65866445465088,
-0.5588,-1.0513136390686),(1.65866445465088,-0.5588,1.0513136390686),(1.65866445465088,
-0.5588,1.13386024780273),(1.65866445465088,-0.5207,-1.13386024780273),
(1.65866445465088,-0.5207,-1.0513136390686),(1.65866445465088,-0.5207,1.0513136390686),
(1.65866445465088,-0.5207,1.13386024780273),(1.65967524566651,-0.5969,-1.15554361419678),
(1.65967524566651,-0.5969,-1.02963027267456),(1.65967524566651,-0.5969,
1.02963027267456),(1.65967524566651,-0.5969,1.15554361419678),(1.65967524566651,
-0.5588,-1.15554361419678),(1.65967524566651,-0.5588,-1.02963027267456),
(1.65967524566651,-0.5588,1.02963027267456),(1.65967524566651,-0.5588,1.15554361419678),
(1.6604579498291,-0.5588,-1.13350358352661),(1.6604579498291,-0.5588,-1.05167030334473),
(1.6604579498291,-0.5588,1.05167030334473),(1.6604579498291,-0.5588,1.13350358352661),
(1.6604579498291,-0.5207,-1.13350358352661),(1.6604579498291,-0.5207,-1.05167030334473),
(1.6604579498291,-0.5207,1.05167030334473),(1.6604579498291,-0.5207,1.13350358352661),
(1.66223400421143,-0.5588,-1.13306882324219),(1.66223400421143,-0.5588,
-1.05210506362915),(1.66223400421143,-0.5588,1.05210506362915),(1.66223400421143,
-0.5588,1.13306882324219),(1.66223400421143,-0.5207,-1.13306882324219),
(1.66223400421143,-0.5207,-1.05210506362915),(1.66223400421143,-0.5207,
1.05210506362915),(1.66223400421143,-0.5207,1.13306882324219),(1.66241364440918,
-0.5969,-1.15512222518921),(1.66241364440918,-0.5969,-1.03005166168213),
(1.66241364440918,-0.5969,1.03005166168213),(1.66241364440918,-0.5969,1.15512222518921),
(1.66241364440918,-0.5588,-1.15512222518921),(1.66241364440918,-0.5588,
-1.03005166168213),(1.66241364440918,-0.5588,1.03005166168213),(1.66241364440918,
-0.5588,1.15512222518921),(1.66264909515381,-0.5969,-1.18346409988403),
(1.66264909515381,-0.5969,1.18346409988403),(1.66264909515381,-0.5207,-1.18346409988403),
(1.66264909515381,-0.5207,1.18346409988403),(1.66398951721192,-0.5588,-1.1325572265625),
(1.66398951721192,-0.5588,-1.05261666030884),(1.66398951721192,-0.5588,
1.05261666030884),(1.66398951721192,-0.5588,1.1325572265625),(1.66398951721192,
-0.5207,-1.1325572265625),(1.66398951721192,-0.5207,-1.05261666030884),
(1.66398951721192,-0.5207,1.05261666030884),(1.66398951721192,-0.5207,1.1325572265625),
(1.66513092041015,-0.5969,-1.15458175430298),(1.66513092041015,-0.5969,
-1.03059213256836),(1.66513092041015,-0.5969,1.03059213256836),(1.66513092041015,
-0.5969,1.15458175430298),(1.66513092041015,-0.5588,-1.15458175430298),
(1.66513092041015,-0.5588,-1.03059213256836),(1.66513092041015,-0.5588,
1.03059213256836),(1.66513092041015,-0.5588,1.15458175430298),(1.66572119445801,
-0.5588,-1.13196947174072),(1.66572119445801,-0.5588,-1.05320441513061),
(1.66572119445801,-0.5588,1.05320441513061),(1.66572119445801,-0.5588,1.13196947174072),
(1.66572119445801,-0.5207,-1.13196947174072),(1.66572119445801,-0.5207,
-1.05320441513061),(1.66572119445801,-0.5207,1.05320441513061),(1.66572119445801,
-0.5207,1.13196947174072),(1.66742516021729,-0.5588,-1.13130672149658),
(1.66742516021729,-0.5588,-1.05386716537476),(1.66742516021729,-0.5588,
1.05386716537476),(1.66742516021729,-0.5588,1.13130672149658),(1.66742516021729,
-0.5207,-1.13130672149658),(1.66742516021729,-0.5207,-1.05386716537476),
(1.66742516021729,-0.5207,1.05386716537476),(1.66742516021729,-0.5207,1.13130672149658),
(1.66768599700928,-0.5969,-1.18175422363281),(1.66768599700928,-0.5969,
1.18175422363281),(1.66768599700928,-0.5207,-1.18175422363281),(1.66768599700928,
-0.5207,1.18175422363281),(1.66782184143067,-0.5969,-1.1539232673645),(1.66782184143067,
-0.5969,-1.03125061950684),(1.66782184143067,-0.5969,1.03125061950684),
(1.66782184143067,-0.5969,1.1539232673645),(1.66782184143067,-0.5588,-1.1539232673645),
(1.66782184143067,-0.5588,-1.03125061950684),(1.66782184143067,-0.5588,
1.03125061950684),(1.66782184143067,-0.5588,1.1539232673645),(1.66909889526367,
-0.5588,-1.13057023544311),(1.66909889526367,-0.5588,-1.05460355453491),
(1.66909889526367,-0.5588,1.05460355453491),(1.66909889526367,-0.5588,1.13057023544311),
(1.66909889526367,-0.5207,-1.13057023544311),(1.66909889526367,-0.5207,
-1.05460355453491),(1.66909889526367,-0.5207,1.05460355453491),(1.66909889526367,
-0.5207,1.13057023544311),(1.6704817565918,-0.5969,-1.15314802398682),(1.6704817565918,
-0.5969,-1.03202586288452),(1.6704817565918,-0.5969,1.03202586288452),(1.6704817565918,
-0.5969,1.15314802398682),(1.6704817565918,-0.5588,-1.15314802398682),(1.6704817565918,
-0.5588,-1.03202586288452),(1.6704817565918,-0.5588,1.03202586288452),(1.6704817565918,
-0.5588,1.15314802398682),(1.67073891143799,-0.5588,-1.12976156387329),
(1.67073891143799,-0.5588,-1.05541232299805),(1.67073891143799,-0.5588,
1.05541232299805),(1.67073891143799,-0.5588,1.12976156387329),(1.67073891143799,
-0.5207,-1.12976156387329),(1.67073891143799,-0.5207,-1.05541232299805),
(1.67073891143799,-0.5207,1.05541232299805),(1.67073891143799,-0.5207,1.12976156387329),
(1.6723421081543,-0.5588,-1.12888206329346),(1.6723421081543,-0.5588,-1.05629182357788),
(1.6723421081543,-0.5588,1.05629182357788),(1.6723421081543,-0.5588,1.12888206329346),
(1.6723421081543,-0.5207,-1.12888206329346),(1.6723421081543,-0.5207,-1.05629182357788),
(1.6723421081543,-0.5207,1.05629182357788),(1.6723421081543,-0.5207,1.12888206329346),
(1.67264364013672,-0.5969,-1.17982633743286),(1.67264364013672,-0.5969,
1.17982633743286),(1.67264364013672,-0.5207,-1.17982633743286),(1.67264364013672,
-0.5207,1.17982633743286),(1.67310523986817,-0.5969,-1.15225738067627),
(1.67310523986817,-0.5969,-1.03291650619507),(1.67310523986817,-0.5969,
1.03291650619507),(1.67310523986817,-0.5969,1.15225738067627),(1.67310523986817,
-0.5588,-1.15225738067627),(1.67310523986817,-0.5588,-1.03291650619507),
(1.67310523986817,-0.5588,1.03291650619507),(1.67310523986817,-0.5588,1.15225738067627),
(1.67390519104004,-0.5588,-1.1279334777832),(1.67390519104004,-0.5588,-1.05724040908813),
(1.67390519104004,-0.5588,1.05724040908813),(1.67390519104004,-0.5588,1.1279334777832),
(1.67390519104004,-0.5207,-1.1279334777832),(1.67390519104004,-0.5207,-1.05724040908813),
(1.67390519104004,-0.5207,1.05724040908813),(1.67390519104004,-0.5207,1.1279334777832),
(1.67542564086914,-0.5588,-1.12691764831543),(1.67542564086914,-0.5588,
-1.05825623855591),(1.67542564086914,-0.5588,1.05825623855591),(1.67542564086914,
-0.5588,1.12691764831543),(1.67542564086914,-0.5207,-1.12691764831543),
(1.67542564086914,-0.5207,-1.05825623855591),(1.67542564086914,-0.5207,
1.05825623855591),(1.67542564086914,-0.5207,1.12691764831543),(1.67568725280761,
-0.5969,-1.15125327529907),(1.67568725280761,-0.5969,-1.03392061157227),
(1.67568725280761,-0.5969,1.03392061157227),(1.67568725280761,-0.5969,1.15125327529907),
(1.67568725280761,-0.5588,-1.15125327529907),(1.67568725280761,-0.5588,
-1.03392061157227),(1.67568725280761,-0.5588,1.03392061157227),(1.67568725280761,
-0.5588,1.15125327529907),(1.67678699188233,-0.5207,-0.959398125457766),
(1.67678699188233,-0.5207,0.959398125457765),(1.67678699188233,-0.507683013534546,
-0.12389900226593),(1.67678699188233,-0.507683013534546,0.0371369985818863),
(1.67678699188233,-0.507641785430908,0.0390774112701416),(1.67678699188233,
-0.507639459991455,-0.125893284606934),(1.67678699188233,-0.507518294906616,
0.0410143267154693),(1.67678699188233,-0.507509041595459,-0.127883763885498),
(1.67678699188233,-0.507312687301636,0.0429442537307739),(1.67678699188233,
-0.507291903686523,-0.129866649150848),(1.67678699188233,-0.507025398635864,
0.0448637162685395),(1.67678699188233,-0.506988433837891,-0.131838197898865),
(1.67678699188233,-0.506656816482544,0.0467692534208298),(1.67678699188233,
-0.506599261856079,-0.133794619178772),(1.67678699188233,-0.506207764434814,
0.0486574375867844),(1.67678699188233,-0.506125162887573,-0.135732206821442),
(1.67678699188233,-0.505678969192505,0.0505248593330383),(1.67678699188233,
-0.505566912078857,-0.137647278881073),(1.67678699188233,-0.505071399688721,
0.0523681516170502),(1.67678699188233,-0.504925769042969,-0.139536165523529),
(1.67678699188233,-0.504386073303223,0.0541839988708496),(1.67678699188233,
-0.504202799606323,-0.141395293807983),(1.67678699188233,-0.503624346542358,
0.0559691248893738),(1.67678699188233,-0.503399408721924,-0.143221115016937),
(1.67678699188233,-0.502787575912476,0.0577203140258789),(1.67678699188233,
-0.502517146682739,-0.145010153102875),(1.67678699188233,-0.501877214813232,
0.0594344111919403),(1.67678699188233,-0.501557660675049,-0.146759004688263),
(1.67678699188233,-0.500894910430908,0.0611083279132843),(1.67678699188233,
-0.500522840118408,-0.148464339065552),(1.67678699188233,-0.499842455291748,
0.0627390483856201),(1.67678699188233,-0.499414622879028,-0.150122910308838),
(1.67678699188233,-0.498721738815308,0.0643236294746399),(1.67678699188233,
-0.498235092163086,-0.151731581497193),(1.67678699188233,-0.497534795761108,
0.0658592188835144),(1.67678699188233,-0.496986573410034,-0.153287252044678),
(1.67678699188233,-0.496283757781982,0.0673430490970612),(1.67678699188233,
-0.495671295166016,-0.154786978816986),(1.67678699188233,-0.494970804977417,
0.0687724434375763),(1.67678699188233,-0.49429192199707,-0.156227927684784),
(1.67678699188233,-0.493598456573486,0.0701448281764984),(1.67678699188233,
-0.492850973129272,-0.157607312965393),(1.67678699188233,-0.492169038009644,
0.0714577385902405),(1.67678699188233,-0.491351210021973,-0.158922542762756),
(1.67678699188233,-0.490685213851929,0.0727087947368622),(1.67678699188233,
-0.489795587921143,-0.160171109962464),(1.67678699188233,-0.489149648666382,
0.0738957499027252),(1.67678699188233,-0.488186916732788,-0.161350628566742),
(1.67678699188233,-0.487565055465698,0.0750164663791657),(1.67678699188233,
-0.486528345489502,-0.162458857917785),(1.67678699188233,-0.485934341049194,
0.0760689154624939),(1.67678699188233,-0.484822974777222,-0.163493678474427),
(1.67678699188233,-0.484260412216187,0.0770512077331543),(1.67678699188233,
-0.483074147415161,-0.164453140258789),(1.67678699188233,-0.482546321105957,
0.0779615688323975),(1.67678699188233,-0.481285109329224,-0.16533539018631),
(1.67678699188233,-0.480795119857788,0.0787983636856079),(1.67678699188233,
-0.479459300231934,-0.166138768959046),(1.67678699188233,-0.479010005950928,
0.0795600904464722),(1.67678699188233,-0.477600159835815,-0.166861738395691),
(1.67678699188233,-0.477194176864624,0.0802453562736511),(1.67678699188233,
-0.475711273193359,-0.167502941989899),(1.67678699188233,-0.47535087852478,
0.080852943944931),(1.67678699188233,-0.473796225357056,-0.168061132240295),
(1.67678699188233,-0.47348345375061,0.0813817512989044),(1.67678699188233,
-0.47185864982605,-0.168535255432129),(1.67678699188233,-0.471595245361328,
0.0818308215141296),(1.67678699188233,-0.469902180099487,-0.168924415302277),
(1.67678699188233,-0.469689693069458,0.0821993612766266),(1.67678699188233,
-0.46793069190979,-0.169227860927582),(1.67678699188233,-0.467770236587524,
0.0824866862773895),(1.67678699188233,-0.465947770309448,-0.169445023059845),
(1.67678699188233,-0.465840315628052,0.08269229388237),(1.67678699188233,
-0.463957291030884,-0.169575489902496),(1.67678699188233,-0.46390341835022,
0.0828158025741577),(1.67678699188233,-0.461962984466553,-0.169619007110595),
(1.67678699188233,-0.461962984466553,0.0828570003986359),(1.67678699188233,
-0.443929007720948,-0.169619007110595),(1.67678699188233,-0.443929007720948,
0.0828570003986359),(1.67678699188233,-0.441988573837281,0.0828158025741577),
(1.67678699188233,-0.441934749603272,-0.169575489902496),(1.67678699188233,
-0.440051676559448,0.08269229388237),(1.67678699188233,-0.439944221878052,
-0.169445023059845),(1.67678699188233,-0.438121755599976,0.0824866862773895),
(1.67678699188233,-0.437961348724365,-0.169227860927582),(1.67678699188233,
-0.436202299118042,0.0821993612766266),(1.67678699188233,-0.435989812088012,
-0.168924415302277),(1.67678699188233,-0.434296746826172,0.0818308215141296),
(1.67678699188233,-0.434033390808106,-0.168535255432129),(1.67678699188233,
-0.43240853843689,0.0813817512989044),(1.67678699188233,-0.4320958152771,
-0.168061132240295),(1.67678699188233,-0.430541113662719,0.080852943944931),
(1.67678699188233,-0.430180767440796,-0.167502941989899),(1.67678699188233,
-0.428697815322876,0.0802453562736511),(1.67678699188233,-0.428291832351684,
-0.166861738395691),(1.67678699188233,-0.426881986236572,0.0795600904464722),
(1.67678699188233,-0.426432691955566,-0.166138768959046),(1.67678699188233,
-0.425096872329712,0.0787983636856079),(1.67678699188233,-0.424606882858277,
-0.16533539018631),(1.67678699188233,-0.423345719528198,0.0779615688323975),
(1.67678699188233,-0.422817844772339,-0.164453140258789),(1.67678699188233,
-0.421631579971313,0.0770512077331543),(1.67678699188233,-0.421069017410278,
-0.163493678474427),(1.67678699188233,-0.419957651138305,0.0760689154624939),
(1.67678699188233,-0.419363646697998,-0.162458857917785),(1.67678699188233,
-0.418326936721802,0.0750164663791657),(1.67678699188233,-0.417705075454712,
-0.161350628566742),(1.67678699188233,-0.416742391967773,0.0738957499027252),
(1.67678699188233,-0.416096452713012,-0.160171109962464),(1.67678699188233,
-0.415206778335572,0.0727087947368622),(1.67678699188233,-0.414540782165527,
-0.158922542762756),(1.67678699188233,-0.413722954177856,0.0714577385902405),
(1.67678699188233,-0.413041019058227,-0.157607312965393),(1.67678699188233,
-0.412293584060669,0.0701448281764984),(1.67678699188233,-0.411600070190429,
-0.156227927684784),(1.67678699188233,-0.410921187210083,0.0687724434375763),
(1.67678699188233,-0.410220697021485,-0.154786978816986),(1.67678699188233,
-0.409608282852173,0.0673430490970612),(1.67678699188233,-0.408905418777466,
-0.153287252044678),(1.67678699188233,-0.408357196426391,0.0658592188835144),
(1.67678699188233,-0.407656900024414,-0.151731581497193),(1.67678699188233,
-0.407170253372192,0.0643236294746399),(1.67678699188233,-0.406477369308472,
-0.150122910308838),(1.67678699188233,-0.406049536895752,0.0627390483856201),
(1.67678699188233,-0.405369152069092,-0.148464339065552),(1.67678699188233,
-0.40499710597992,0.0611083279132843),(1.67678699188233,-0.404334307289124,
-0.146759004688263),(1.67678699188233,-0.404014777374267,0.0594344111919403),
(1.67678699188233,-0.40337484550476,-0.145010153102875),(1.67678699188233,
-0.403104416275025,0.0577203140258789),(1.67678699188233,-0.402492583465576,
-0.143221115016937),(1.67678699188233,-0.402267621421814,0.0559691248893738),
(1.67678699188233,-0.401689241027832,-0.141395293807983),(1.67678699188233,
-0.401505918884278,0.0541839988708496),(1.67678699188233,-0.400966223144532,
-0.139536165523529),(1.67678699188233,-0.400820665168762,0.0523681516170502),
(1.67678699188233,-0.400325080108642,-0.137647278881073),(1.67678699188233,
-0.400213047218323,0.0505248593330383),(1.67678699188233,-0.399766853523254,
-0.135732206821442),(1.67678699188233,-0.399684251976013,0.0486574375867844),
(1.67678699188233,-0.399292754554749,-0.133794619178772),(1.67678699188233,
-0.399235175704956,0.0467692534208298),(1.67678699188233,-0.398903606796265,
-0.131838197898865),(1.67678699188233,-0.398866666221618,0.0448637162685395),
(1.67678699188233,-0.39860016117096,-0.129866649150848),(1.67678699188233,
-0.398579280662537,0.0429442537307739),(1.67678699188233,-0.398382999038697,
-0.127883763885498),(1.67678699188233,-0.398373721504212,0.0410143267154693),
(1.67678699188233,-0.398252507972717,-0.125893284606934),(1.67678699188233,
-0.398250182533264,0.0390774112701416),(1.67678699188233,-0.398208978652954,
-0.12389900226593),(1.67678699188233,-0.398208978652954,0.0371369985818863),
(1.67678699188233,-0.0381,-0.959398125457764),(1.67678699188233,-0.0381,
0.959398125457767),(1.6768106338501,-0.5207,-0.960493601226807),(1.6768106338501,
-0.5207,0.960493601226807),(1.6768106338501,-0.0381,-0.960493601226807),
(1.6768106338501,-0.0381,0.960493601226807),(1.6768813659668,-0.5207,-0.961587236022949),
(1.6768813659668,-0.5207,0.961587236022949),(1.6768813659668,-0.0381,-0.961587236022949),
(1.6768813659668,-0.0381,0.961587236022949),(1.67690016326905,-0.5588,-1.12583641586304),
(1.67690016326905,-0.5588,-1.0593374710083),(1.67690016326905,-0.5588,1.0593374710083),
(1.67690016326905,-0.5588,1.12583641586304),(1.67690016326905,-0.5207,-1.12583641586304),
(1.67690016326905,-0.5207,-1.0593374710083),(1.67690016326905,-0.5207,1.0593374710083),
(1.67690016326905,-0.5207,1.12583641586304),(1.67699938201904,-0.5207,-0.962676607513428),
(1.67699938201904,-0.5207,0.962676607513428),(1.67699938201904,-0.0381,
-0.962676607513428),(1.67699938201904,-0.0381,0.962676607513428),(1.67716429443359,
-0.5207,-0.963759874725342),(1.67716429443359,-0.5207,0.963759874725342),
(1.67716429443359,-0.0381,-0.963759874725342),(1.67716429443359,-0.0381,
0.963759874725342),(1.6773757156372,-0.5207,-0.964835196685791),(1.6773757156372,
-0.5207,0.964835196685791),(1.6773757156372,-0.0381,-0.964835196685791),
(1.6773757156372,-0.0381,0.964835196685791),(1.6775125289917,-0.5969,-1.17768392944336),
(1.6775125289917,-0.5969,1.17768392944336),(1.6775125289917,-0.5207,-1.17768392944336),
(1.6775125289917,-0.5207,1.17768392944336),(1.67763325805664,-0.5207,-0.965900247955322),
(1.67763325805664,-0.5207,0.965900247955322),(1.67763325805664,-0.0381,
-0.965900247955322),(1.67763325805664,-0.0381,0.965900247955322),(1.67793672790528,
-0.5207,-0.966953187561035),(1.67793672790528,-0.5207,0.966953187561035),
(1.67793672790528,-0.0381,-0.966953187561035),(1.67793672790528,-0.0381,
0.966953187561035),(1.67822314453125,-0.5969,-1.15013754882812),(1.67822314453125,
-0.5969,-1.03503643493652),(1.67822314453125,-0.5969,1.03503643493652),
(1.67822314453125,-0.5969,1.15013754882812),(1.67822314453125,-0.5588,-1.15013754882812),
(1.67822314453125,-0.5588,-1.03503643493652),(1.67822314453125,-0.5588,
1.03503643493652),(1.67822314453125,-0.5588,1.15013754882812),(1.67828496246338,
-0.5207,-0.967992174530029),(1.67828496246338,-0.5207,0.967992174530029),
(1.67828496246338,-0.0381,-0.967992174530029),(1.67828496246338,-0.0381,
0.967992174530029),(1.67832604522705,-0.5588,-1.12469181518555),(1.67832604522705,
-0.5588,-1.06048207168579),(1.67832604522705,-0.5588,1.06048207168579),
(1.67832604522705,-0.5588,1.12469181518555),(1.67832604522705,-0.5207,-1.12469181518555),
(1.67832604522705,-0.5207,-1.06048207168579),(1.67832604522705,-0.5207,
1.06048207168579),(1.67832604522705,-0.5207,1.12469181518555),(1.67867796173096,
-0.5207,-0.969015174102783),(1.67867796173096,-0.5207,0.969015174102783),
(1.67867796173096,-0.0381,-0.969015174102783),(1.67867796173096,-0.0381,
0.969015174102783),(1.6791147567749,-0.5207,-0.970020248413086),(1.6791147567749,
-0.5207,0.970020248413086),(1.6791147567749,-0.0381,-0.970020248413086),
(1.6791147567749,-0.0381,0.970020248413086),(1.67959418487549,-0.5207,-0.971005459594726),
(1.67959418487549,-0.5207,0.971005459594726),(1.67959418487549,-0.0381,
-0.971005459594726),(1.67959418487549,-0.0381,0.971005459594726),(1.67970096130371,
-0.5588,-1.12348626861572),(1.67970096130371,-0.5588,-1.06168761825561),
(1.67970096130371,-0.5588,1.06168761825561),(1.67970096130371,-0.5588,1.12348626861572),
(1.67970096130371,-0.5207,-1.12348626861572),(1.67970096130371,-0.5207,
-1.06168761825561),(1.67970096130371,-0.5207,1.06168761825561),(1.67970096130371,
-0.5207,1.12348626861572),(1.68011605224609,-0.5207,0.971969160461427),
(1.68011605224609,-0.5207,-0.971969160461426),(1.68011605224609,-0.0381,
-0.971969160461426),(1.68011605224609,-0.0381,0.971969160461426),(1.68067861480713,
-0.5207,-0.972909413146973),(1.68067861480713,-0.5207,0.972909413146973),
(1.68067861480713,-0.0381,-0.972909413146973),(1.68067861480713,-0.0381,
0.972909413146973),(1.68070787658692,-0.5969,-1.14891213912964),(1.68070787658692,
-0.5969,-1.0362617477417),(1.68070787658692,-0.5969,1.0362617477417),(1.68070787658692,
-0.5969,1.14891213912964),(1.68070787658692,-0.5588,-1.14891213912964),
(1.68070787658692,-0.5588,-1.0362617477417),(1.68070787658692,-0.5588,1.0362617477417),
(1.68070787658692,-0.5588,1.14891213912964),(1.68102181091309,-0.5588,-1.12222181091309),
(1.68102181091309,-0.5588,-1.06295207595825),(1.68102181091309,-0.5588,
1.06295207595825),(1.68102181091309,-0.5588,1.12222181091309),(1.68102181091309,
-0.5207,-1.12222181091309),(1.68102181091309,-0.5207,-1.06295207595825),
(1.68102181091309,-0.5207,1.06295207595825),(1.68102181091309,-0.5207,1.12222181091309),
(1.68128148498535,-0.5207,-0.973824473571777),(1.68128148498535,-0.5207,
0.973824473571777),(1.68128148498535,-0.0381,-0.973824473571777),(1.68128148498535,
-0.0381,0.973824473571777),(1.68192311248779,-0.5207,-0.974712791442871),
(1.68192311248779,-0.5207,0.974712791442871),(1.68192311248779,-0.0381,
-0.974712791442871),(1.68192311248779,-0.0381,0.974712791442871),(1.68228336181641,
-0.5969,-1.17533126296997),(1.68228336181641,-0.5969,1.17533126296997),
(1.68228336181641,-0.5207,-1.17533126296997),(1.68228336181641,-0.5207,
1.17533126296997),(1.68228626861572,-0.5588,-1.1209008644104),(1.68228626861572,
-0.5588,-1.06427302246094),(1.68228626861572,-0.5588,1.06427302246094),
(1.68228626861572,-0.5588,1.1209008644104),(1.68228626861572,-0.5207,-1.1209008644104),
(1.68228626861572,-0.5207,-1.06427302246094),(1.68228626861572,-0.5207,
1.06427302246094),(1.68228626861572,-0.5207,1.1209008644104),(1.68260272216797,
-0.5207,-0.975572525787353),(1.68260272216797,-0.5207,0.975572525787353),
(1.68260272216797,-0.0381,-0.975572525787353),(1.68260272216797,-0.0381,
0.975572525787353),(1.68313699188233,-0.5969,-1.14757956542969),(1.68313699188233,
-0.5969,-1.03759432144165),(1.68313699188233,-0.5969,1.03759432144165),
(1.68313699188233,-0.5969,1.14757956542969),(1.68313699188233,-0.5588,-1.14757956542969),
(1.68313699188233,-0.5588,-1.03759432144165),(1.68313699188233,-0.5588,
1.03759432144165),(1.68313699188233,-0.5588,1.14757956542969),(1.68331837615967,
-0.5207,-0.976402223205566),(1.68331837615967,-0.5207,0.976402223205566),
(1.68331837615967,-0.0381,-0.976402223205566),(1.68331837615967,-0.0381,
0.976402223205566),(1.68349200897217,-0.5588,-1.11952614212036),(1.68349200897217,
-0.5588,-1.06564764785767),(1.68349200897217,-0.5588,1.06564764785767),
(1.68349200897217,-0.5588,1.11952614212036),(1.68349200897217,-0.5207,-1.11952614212036),
(1.68349200897217,-0.5207,-1.06564764785767),(1.68349200897217,-0.5207,
1.06564764785767),(1.68349200897217,-0.5207,1.11952614212036),(1.68406949310302,
-0.5207,-0.97720023651123),(1.68406949310302,-0.5207,0.97720023651123),
(1.68406949310302,-0.0381,-0.97720023651123),(1.68406949310302,-0.0381,
0.97720023651123),(1.68463631896972,-0.5588,-1.11810016326904),(1.68463631896972,
-0.5588,-1.06707372360229),(1.68463631896972,-0.5588,1.06707372360229),
(1.68463631896972,-0.5588,1.11810016326904),(1.68463631896972,-0.5207,-1.11810016326904),
(1.68463631896972,-0.5207,-1.06707372360229),(1.68463631896972,-0.5207,
1.06707372360229),(1.68463631896972,-0.5207,1.11810016326904),(1.68485413513183,
-0.5207,-0.977965112304687),(1.68485413513183,-0.5207,0.977965112304687),
(1.68485413513183,-0.0381,-0.977965112304687),(1.68485413513183,-0.0381,
0.977965112304687),(1.68550545196533,-0.5969,-1.14614225006103),(1.68550545196533,
-0.5969,-1.0390316368103),(1.68550545196533,-0.5969,1.0390316368103),(1.68550545196533,
-0.5969,1.14614225006103),(1.68550545196533,-0.5588,-1.14614225006103),
(1.68550545196533,-0.5588,-1.0390316368103),(1.68550545196533,-0.5588,1.0390316368103),
(1.68550545196533,-0.5588,1.14614225006103),(1.68567113952637,-0.5207,-0.97869549407959),
(1.68567113952637,-0.5207,0.97869549407959),(1.68567113952637,-0.0381,-0.97869549407959),
(1.68567113952637,-0.0381,0.97869549407959),(1.68571764831543,-0.5588,-1.11662554397583),
(1.68571764831543,-0.5588,-1.06854834289551),(1.68571764831543,-0.5588,
1.06854834289551),(1.68571764831543,-0.5588,1.11662554397583),(1.68571764831543,
-0.5207,-1.11662554397583),(1.68571764831543,-0.5207,-1.06854834289551),
(1.68571764831543,-0.5207,1.06854834289551),(1.68571764831543,-0.5207,1.11662554397583),
(1.68651895599365,-0.5207,-0.979389831542969),(1.68651895599365,-0.5207,
0.979389831542969),(1.68651895599365,-0.0381,-0.979389831542969),(1.68651895599365,
-0.0381,0.979389831542969),(1.68673347778321,-0.5588,-1.11510519104004),
(1.68673347778321,-0.5588,-1.0700686958313),(1.68673347778321,-0.5588,1.0700686958313),
(1.68673347778321,-0.5588,1.11510519104004),(1.68673347778321,-0.5207,-1.11510519104004),
(1.68673347778321,-0.5207,-1.0700686958313),(1.68673347778321,-0.5207,1.0700686958313),
(1.68673347778321,-0.5207,1.11510519104004),(1.68694703063965,-0.5969,-1.17277279510498),
(1.68694703063965,-0.5969,1.17277279510498),(1.68694703063965,-0.5207,-1.17277279510498),
(1.68694703063965,-0.5207,1.17277279510498),(1.68739564666748,-0.5207,-0.980047058868408),
(1.68739564666748,-0.5207,0.980047058868408),(1.68739564666748,-0.0381,
-0.980047058868408),(1.68739564666748,-0.0381,0.980047058868408),(1.68768206329346,
-0.5588,-1.11354191436768),(1.68768206329346,-0.5588,-1.07163197250366),
(1.68768206329346,-0.5588,1.07163197250366),(1.68768206329346,-0.5588,1.11354191436768),
(1.68768206329346,-0.5207,-1.11354191436768),(1.68768206329346,-0.5207,
-1.07163197250366),(1.68768206329346,-0.5207,1.07163197250366),(1.68768206329346,
-0.5207,1.11354191436768),(1.68780899353027,-0.5969,-1.144603099823),(1.68780899353027,
-0.5969,-1.04057078704834),(1.68780899353027,-0.5969,1.04057078704834),
(1.68780899353027,-0.5969,1.144603099823),(1.68780899353027,-0.5588,-1.144603099823),
(1.68780899353027,-0.5588,-1.04057078704834),(1.68780899353027,-0.5588,
1.04057078704834),(1.68780899353027,-0.5588,1.144603099823),(1.68830004882813,
-0.5207,-0.980665819549561),(1.68830004882813,-0.5207,0.980665819549561),
(1.68830004882813,-0.0381,-0.980665819549561),(1.68830004882813,-0.0381,
0.980665819549561),(1.6885616607666,-0.5588,-1.11193881454468),(1.6885616607666,
-0.5588,-1.07323507232666),(1.6885616607666,-0.5588,1.07323507232666),(1.6885616607666,
-0.5588,1.11193881454468),(1.6885616607666,-0.5207,-1.11193881454468),(1.6885616607666,
-0.5207,-1.07323507232666),(1.6885616607666,-0.5207,1.07323507232666),(1.6885616607666,
-0.5207,1.11193881454468),(1.68923041839599,-0.5207,-0.981244950866699),
(1.68923041839599,-0.5207,0.981244950866699),(1.68923041839599,-0.0381,
-0.981244950866699),(1.68923041839599,-0.0381,0.981244950866699),(1.68937033233643,
-0.5588,-1.11029879837036),(1.68937033233643,-0.5588,-1.07487508850098),
(1.68937033233643,-0.5588,1.07487508850098),(1.68937033233643,-0.5588,1.11029879837036),
(1.68937033233643,-0.5207,-1.11029879837036),(1.68937033233643,-0.5207,
-1.07487508850098),(1.68937033233643,-0.5207,1.07487508850098),(1.68937033233643,
-0.5207,1.11029879837036),(1.69004315948487,-0.5969,-1.14296482772827),
(1.69004315948487,-0.5969,-1.04220905914307),(1.69004315948487,-0.5969,
1.04220905914307),(1.69004315948487,-0.5969,1.14296482772827),(1.69004315948487,
-0.5588,-1.14296482772827),(1.69004315948487,-0.5588,-1.04220905914307),
(1.69004315948487,-0.5588,1.04220905914307),(1.69004315948487,-0.5588,1.14296482772827),
(1.69010672149658,-0.5588,-1.1086252571106),(1.69010672149658,-0.5588,-1.07654862976074),
(1.69010672149658,-0.5588,1.07654862976074),(1.69010672149658,-0.5588,1.1086252571106),
(1.69010672149658,-0.5207,-1.1086252571106),(1.69010672149658,-0.5207,-1.07654862976074),
(1.69010672149658,-0.5207,1.07654862976074),(1.69010672149658,-0.5207,1.1086252571106),
(1.69018481750489,-0.5207,-0.981783483886719),(1.69018481750489,-0.5207,
0.981783483886719),(1.69018481750489,-0.0381,-0.981783483886719),(1.69018481750489,
-0.0381,0.981783483886719),(1.69076947174073,-0.5588,-1.10692100067139),
(1.69076947174073,-0.5588,-1.07825288619995),(1.69076947174073,-0.5588,
1.07825288619995),(1.69076947174073,-0.5588,1.10692100067139),(1.69076947174073,
-0.5207,-1.10692100067139),(1.69076947174073,-0.5207,-1.07825288619995),
(1.69076947174073,-0.5207,1.07825288619995),(1.69076947174073,-0.5207,1.10692100067139),
(1.69116150207519,-0.5207,-0.982280352783203),(1.69116150207519,-0.5207,
0.982280352783203),(1.69116150207519,-0.0381,-0.982280352783203),(1.69116150207519,
-0.0381,0.982280352783203),(1.6913572265625,-0.5588,-1.10518951721191),
(1.6913572265625,-0.5588,-1.07998436965942),(1.6913572265625,-0.5588,1.07998436965942),
(1.6913572265625,-0.5588,1.10518951721191),(1.6913572265625,-0.5207,-1.10518951721191),
(1.6913572265625,-0.5207,-1.07998436965942),(1.6913572265625,-0.5207,1.07998436965942),
(1.6913572265625,-0.5207,1.10518951721191),(1.69149462127685,-0.5969,-1.17001317672729),
(1.69149462127685,-0.5969,1.17001317672729),(1.69149462127685,-0.5207,-1.17001317672729),
(1.69149462127685,-0.5207,1.17001317672729),(1.69186882324219,-0.5588,-1.10343410110474),
(1.69186882324219,-0.5588,-1.0817397857666),(1.69186882324219,-0.5588,1.0817397857666),
(1.69186882324219,-0.5588,1.10343410110474),(1.69186882324219,-0.5207,-1.10343410110474),
(1.69186882324219,-0.5207,-1.0817397857666),(1.69186882324219,-0.5207,1.0817397857666),
(1.69186882324219,-0.5207,1.10343410110474),(1.69215853424073,-0.5207,-0.982734588623047),
(1.69215853424073,-0.5207,0.982734588623047),(1.69215853424073,-0.0381,
-0.982734588623047),(1.69215853424073,-0.0381,0.982734588623047),(1.69220407409668,
-0.5969,-1.14123082504272),(1.69220407409668,-0.5969,-1.04394306182861),
(1.69220407409668,-0.5969,1.04394306182861),(1.69220407409668,-0.5969,1.14123082504272),
(1.69220407409668,-0.5588,-1.14123082504272),(1.69220407409668,-0.5588,
-1.04394306182861),(1.69220407409668,-0.5588,1.04394306182861),(1.69220407409668,
-0.5588,1.14123082504272),(1.6923034866333,-0.5588,-1.1016579498291),(1.6923034866333,
-0.5588,-1.08351593704224),(1.6923034866333,-0.5588,1.08351593704224),(1.6923034866333,
-0.5588,1.1016579498291),(1.6923034866333,-0.5207,-1.1016579498291),(1.6923034866333,
-0.5207,-1.08351593704224),(1.6923034866333,-0.5207,1.08351593704224),(1.6923034866333,
-0.5207,1.1016579498291),(1.69266024780274,-0.5588,-1.09986455154419),(1.69266024780274,
-0.5588,-1.08530933532715),(1.69266024780274,-0.5588,1.08530933532715),
(1.69266024780274,-0.5588,1.09986455154419),(1.69266024780274,-0.5207,-1.09986455154419),
(1.69266024780274,-0.5207,-1.08530933532715),(1.69266024780274,-0.5207,
1.08530933532715),(1.69266024780274,-0.5207,1.09986455154419),(1.69293852539063,
-0.5588,-1.09805729751587),(1.69293852539063,-0.5588,-1.08711668624878),
(1.69293852539063,-0.5588,1.08711668624878),(1.69293852539063,-0.5588,1.09805729751587),
(1.69293852539063,-0.5207,-1.09805729751587),(1.69293852539063,-0.5207,
-1.08711668624878),(1.69293852539063,-0.5207,1.08711668624878),(1.69293852539063,
-0.5207,1.09805729751587),(1.69313754425049,-0.5588,-1.09623967590332),
(1.69313754425049,-0.5588,-1.08893421096802),(1.69313754425049,-0.5588,
1.08893421096802),(1.69313754425049,-0.5588,1.09623967590332),(1.69313754425049,
-0.5207,-1.09623967590332),(1.69313754425049,-0.5207,-1.08893421096802),
(1.69313754425049,-0.5207,1.08893421096802),(1.69313754425049,-0.5207,1.09623967590332),
(1.6931743637085,-0.5207,-0.983145416259766),(1.6931743637085,-0.5207,0.983145416259765),
(1.6931743637085,-0.0381,-0.983145416259765),(1.6931743637085,-0.0381,0.983145416259765),
(1.69325691680908,-0.5588,-1.09441507797241),(1.69325691680908,-0.5588,
-1.09075880889893),(1.69325691680908,-0.5588,1.09075880889893),(1.69325691680908,
-0.5588,1.09441507797241),(1.69325691680908,-0.5207,-1.09441507797241),
(1.69325691680908,-0.5207,-1.09075880889893),(1.69325691680908,-0.5207,
1.09075880889893),(1.69325691680908,-0.5207,1.09441507797241),(1.69329683685303,
-0.5588,-1.09258699188232),(1.69329683685303,-0.5588,1.09258699188232),
(1.69329683685303,-0.5207,-1.09258699188232),(1.69329683685303,-0.5207,
1.09258699188232),(1.69420724639892,-0.5207,-0.983512060546875),(1.69420724639892,
-0.5207,0.983512060546875),(1.69420724639892,-0.0381,-0.983512060546875),
(1.69420724639892,-0.0381,0.983512060546875),(1.6942868927002,-0.5969,-1.13940399856567),
(1.6942868927002,-0.5969,-1.04576988830566),(1.6942868927002,-0.5969,1.04576988830566),
(1.6942868927002,-0.5969,1.13940399856567),(1.6942868927002,-0.5588,-1.13940399856567),
(1.6942868927002,-0.5588,-1.04576988830566),(1.6942868927002,-0.5588,1.04576988830566),
(1.6942868927002,-0.5588,1.13940399856567),(1.69525466308594,-0.5207,-0.983833746337891),
(1.69525466308594,-0.5207,0.983833746337891),(1.69525466308594,-0.0381,
-0.983833746337891),(1.69525466308594,-0.0381,0.983833746337891),(1.69591741333008,
-0.5969,-1.16705793075561),(1.69591741333008,-0.5969,1.16705793075561),
(1.69591741333008,-0.5207,-1.16705793075561),(1.69591741333008,-0.5207,
1.16705793075561),(1.69628832092285,-0.5969,-1.13748822402954),(1.69628832092285,
-0.5969,-1.0476856628418),(1.69628832092285,-0.5969,1.0476856628418),(1.69628832092285,
-0.5969,1.13748822402954),(1.69628832092285,-0.5588,-1.13748822402954),
(1.69628832092285,-0.5588,-1.0476856628418),(1.69628832092285,-0.5588,1.0476856628418),
(1.69628832092285,-0.5588,1.13748822402954),(1.69631525726318,-0.5207,-0.98411008605957),
(1.69631525726318,-0.5207,0.98411008605957),(1.69631525726318,-0.0381,-0.98411008605957),
(1.69631525726318,-0.0381,0.98411008605957),(1.69738650970459,-0.5207,-0.98434040145874),
(1.69738650970459,-0.5207,0.98434040145874),(1.69738650970459,-0.0381,-0.98434040145874),
(1.69738650970459,-0.0381,0.98434040145874),(1.69820409545898,-0.5969,-1.13548689270019),
(1.69820409545898,-0.5969,-1.04968699417114),(1.69820409545898,-0.5969,
1.04968699417114),(1.69820409545898,-0.5969,1.13548689270019),(1.69820409545898,
-0.5588,-1.13548689270019),(1.69820409545898,-0.5588,-1.04968699417114),
(1.69820409545898,-0.5588,1.04968699417114),(1.69820409545898,-0.5588,1.13548689270019),
(1.69846667633056,-0.5207,-0.984524111175537),(1.69846667633056,-0.5207,
0.984524111175537),(1.69846667633056,-0.0381,-0.984524111175537),(1.69846667633056,
-0.0381,0.984524111175537),(1.6995538192749,-0.5207,-0.984661215209961),
(1.6995538192749,-0.5207,0.984661215209961),(1.6995538192749,-0.0381,-0.984661215209961),
(1.6995538192749,-0.0381,0.984661215209961),(1.70003072814941,-0.5969,-1.13340388031006),
(1.70003072814941,-0.5969,-1.05177000656128),(1.70003072814941,-0.5969,
1.05177000656128),(1.70003072814941,-0.5969,1.13340388031006),(1.70003072814941,
-0.5588,-1.13340388031006),(1.70003072814941,-0.5588,-1.05177000656128),
(1.70003072814941,-0.5588,1.05177000656128),(1.70003072814941,-0.5588,1.13340388031006),
(1.70020707397461,-0.5969,-1.16391267700195),(1.70020707397461,-0.5969,
1.16391267700195),(1.70020707397461,-0.5207,-1.16391267700195),(1.70020707397461,
-0.5207,1.16391267700195),(1.70064600067139,-0.5207,-0.984751325988769),
(1.70064600067139,-0.5207,0.984751325988769),(1.70064600067139,-0.0381,
-0.984751325988769),(1.70064600067139,-0.0381,0.984751325988769),(1.70174108886718,
-0.5207,-0.984794152832031),(1.70174108886718,-0.5207,0.984794152832031),
(1.70174108886718,-0.0381,-0.984794152832031),(1.70174108886718,-0.0381,
0.984794152832031),(1.70176492462158,-0.5969,-1.13124335327148),(1.70176492462158,
-0.5969,-1.05393063049316),(1.70176492462158,-0.5969,1.05393063049316),
(1.70176492462158,-0.5969,1.13124335327148),(1.70176492462158,-0.5588,-1.13124335327148),
(1.70176492462158,-0.5588,-1.05393063049316),(1.70176492462158,-0.5588,
1.05393063049316),(1.70176492462158,-0.5588,1.13124335327148),(1.70283675842285,
-0.5207,-0.984789695739746),(1.70283675842285,-0.5207,0.984789695739746),
(1.70283675842285,-0.0381,-0.984789695739746),(1.70283675842285,-0.0381,
0.984789695739746),(1.70340319671631,-0.5969,-1.12900909042358),(1.70340319671631,
-0.5969,-1.05616479644775),(1.70340319671631,-0.5969,1.05616479644775),
(1.70340319671631,-0.5969,1.12900909042358),(1.70340319671631,-0.5588,-1.12900909042358),
(1.70340319671631,-0.5588,-1.05616479644775),(1.70340319671631,-0.5588,
1.05616479644775),(1.70340319671631,-0.5588,1.12900909042358),(1.70393126525879,
-0.5207,-0.984738051605225),(1.70393126525879,-0.5207,0.984738051605225),
(1.70393126525879,-0.0381,-0.984738051605224),(1.70393126525879,-0.0381,
0.984738051605225),(1.70435565795898,-0.5969,-1.16058303527832),(1.70435565795898,
-0.5969,1.16058303527832),(1.70435565795898,-0.5207,-1.16058303527832),
(1.70435565795898,-0.5207,1.16058303527832),(1.70494225006103,-0.5969,-1.12670554885864),
(1.70494225006103,-0.5969,-1.05846843490601),(1.70494225006103,-0.5969,
1.05846843490601),(1.70494225006103,-0.5969,1.12670554885864),(1.70494225006103,
-0.5588,-1.12670554885864),(1.70494225006103,-0.5588,-1.05846843490601),
(1.70494225006103,-0.5588,1.05846843490601),(1.70494225006103,-0.5588,1.12670554885864),
(1.70637956542969,-0.5969,-1.12433689498901),(1.70637956542969,-0.5969,
-1.06083699188232),(1.70637956542969,-0.5969,1.06083699188232),(1.70637956542969,
-0.5969,1.12433689498901),(1.70637956542969,-0.5588,-1.12433689498901),
(1.70637956542969,-0.5588,-1.06083699188232),(1.70637956542969,-0.5588,
1.06083699188232),(1.70637956542969,-0.5588,1.12433689498901),(1.70771204223633,
-0.5969,-1.12190797348022),(1.70771204223633,-0.5969,-1.06326591339111),
(1.70771204223633,-0.5969,1.06326591339111),(1.70771204223633,-0.5969,1.12190797348022),
(1.70771204223633,-0.5588,-1.12190797348022),(1.70771204223633,-0.5588,
-1.06326591339111),(1.70771204223633,-0.5588,1.06326591339111),(1.70771204223633,
-0.5588,1.12190797348022),(1.70835483245849,-0.5969,-1.15707578811645),
(1.70835483245849,-0.5969,1.15707578811645),(1.70835483245849,-0.5207,-1.15707578811645),
(1.70835483245849,-0.5207,1.15707578811645),(1.70893735504151,-0.5969,-1.11942314453125),
(1.70893735504151,-0.5969,-1.06575074234009),(1.70893735504151,-0.5969,
1.06575074234009),(1.70893735504151,-0.5969,1.11942314453125),(1.70893735504151,
-0.5588,-1.11942314453125),(1.70893735504151,-0.5588,-1.06575074234009),
(1.70893735504151,-0.5588,1.06575074234009),(1.70893735504151,-0.5588,1.11942314453125),
(1.71005337219238,-0.5969,-1.11688725280762),(1.71005337219238,-0.5969,
-1.06828653717041),(1.71005337219238,-0.5969,1.06828653717041),(1.71005337219238,
-0.5969,1.11688725280762),(1.71005337219238,-0.5588,-1.11688725280762),
(1.71005337219238,-0.5588,-1.06828653717041),(1.71005337219238,-0.5588,
1.06828653717041),(1.71005337219238,-0.5588,1.11688725280762),(1.71105757446289,
-0.5969,-1.11430523986816),(1.71105757446289,-0.5969,-1.07086864700317),
(1.71105757446289,-0.5969,1.07086864700317),(1.71105757446289,-0.5969,1.11430523986816),
(1.71105757446289,-0.5588,-1.11430523986816),(1.71105757446289,-0.5588,
-1.07086864700317),(1.71105757446289,-0.5588,1.07086864700317),(1.71105757446289,
-0.5588,1.11430523986816),(1.71128488616943,-0.5207,-0.984389235687256),
(1.71128488616943,-0.5207,0.984389235687256),(1.71128488616943,-0.0381,
-0.984389235687256),(1.71128488616943,-0.0381,0.984389235687256),(1.71194783020019,
-0.5969,-1.1116817565918),(1.71194783020019,-0.5969,-1.07349213027954),
(1.71194783020019,-0.5969,1.07349213027954),(1.71194783020019,-0.5969,1.1116817565918),
(1.71194783020019,-0.5588,-1.1116817565918),(1.71194783020019,-0.5588,-1.07349213027954),
(1.71194783020019,-0.5588,1.07349213027954),(1.71194783020019,-0.5588,1.1116817565918),
(1.71219742736817,-0.5969,-1.15339742736816),(1.71219742736817,-0.5969,
1.15339742736816),(1.71219742736817,-0.5207,-1.15339742736816),(1.71219742736817,
-0.5207,1.15339742736816),(1.71272317047119,-0.5969,-1.10902193832397),
(1.71272317047119,-0.5969,-1.07615185165405),(1.71272317047119,-0.5969,
1.07615185165405),(1.71272317047119,-0.5969,1.10902193832397),(1.71272317047119,
-0.5588,-1.10902193832397),(1.71272317047119,-0.5588,-1.07615185165405),
(1.71272317047119,-0.5588,1.07615185165405),(1.71272317047119,-0.5588,1.10902193832397),
(1.71338185119629,-0.5969,-1.10633082351685),(1.71338185119629,-0.5969,
-1.07884306335449),(1.71338185119629,-0.5969,1.07884306335449),(1.71338185119629,
-0.5969,1.10633082351685),(1.71338185119629,-0.5588,-1.10633082351685),
(1.71338185119629,-0.5588,-1.07884306335449),(1.71338185119629,-0.5588,
1.07884306335449),(1.71338185119629,-0.5588,1.10633082351685),(1.71392232208252,
-0.5969,-1.10361354751587),(1.71392232208252,-0.5969,-1.08156033935547),
(1.71392232208252,-0.5969,1.08156033935547),(1.71392232208252,-0.5969,1.10361354751587),
(1.71392232208252,-0.5588,-1.10361354751587),(1.71392232208252,-0.5588,
-1.08156033935547),(1.71392232208252,-0.5588,1.08156033935547),(1.71392232208252,
-0.5588,1.10361354751587),(1.7143438079834,-0.5969,-1.10087543945312),(1.7143438079834,
-0.5969,-1.08429854431152),(1.7143438079834,-0.5969,1.08429854431152),(1.7143438079834,
-0.5969,1.10087543945312),(1.7143438079834,-0.5588,-1.10087543945312),(1.7143438079834,
-0.5588,-1.08429854431152),(1.7143438079834,-0.5588,1.08429854431152),(1.7143438079834,
-0.5588,1.10087543945312),(1.7146451461792,-0.5969,-1.09812134399414),(1.7146451461792,
-0.5969,-1.0870525428772),(1.7146451461792,-0.5969,1.0870525428772),(1.7146451461792,
-0.5969,1.09812134399414),(1.7146451461792,-0.5588,-1.09812134399414),(1.7146451461792,
-0.5588,-1.0870525428772),(1.7146451461792,-0.5588,1.0870525428772),(1.7146451461792,
-0.5588,1.09812134399414),(1.71482653045655,-0.5969,-1.09535668716431),
(1.71482653045655,-0.5969,-1.08981710281372),(1.71482653045655,-0.5969,
1.08981710281372),(1.71482653045655,-0.5969,1.09535668716431),(1.71482653045655,
-0.5588,-1.09535668716431),(1.71482653045655,-0.5588,-1.08981710281372),
(1.71482653045655,-0.5588,1.08981710281372),(1.71482653045655,-0.5588,1.09535668716431),
(1.7148867980957,-0.5969,-1.09258699188232),(1.7148867980957,-0.5969,1.09258699188232),
(1.7148867980957,-0.5588,-1.09258699188232),(1.7148867980957,-0.5588,1.09258699188232),
(1.71587588500977,-0.5969,-1.14955492935181),(1.71587588500977,-0.5969,
1.14955492935181),(1.71587588500977,-0.5207,-1.14955492935181),(1.71587588500977,
-0.5207,1.14955492935181),(1.71864625854492,-0.5207,-0.984354063415527),
(1.71864625854492,-0.5207,0.984354063415527),(1.71864625854492,-0.0381,
-0.984354063415527),(1.71864625854492,-0.0381,0.984354063415528),(1.71938322906494,
-0.5969,-1.14555556106567),(1.71938322906494,-0.5969,1.14555556106567),
(1.71938322906494,-0.5207,-1.14555556106567),(1.71938322906494,-0.5207,
1.14555556106567),(1.72271248321533,-0.5969,-1.14140717086792),(1.72271248321533,
-0.5969,1.14140717086792),(1.72271248321533,-0.5207,-1.14140717086792),
(1.72271248321533,-0.5207,1.14140717086792),(1.72585802764892,-0.5969,-1.13711741333008),
(1.72585802764892,-0.5969,1.13711741333008),(1.72585802764892,-0.5207,-1.13711741333008),
(1.72585802764892,-0.5207,1.13711741333008),(1.72600259246826,-0.5207,-0.98463272857666),
(1.72600259246826,-0.5207,0.98463272857666),(1.72600259246826,-0.0381,-0.98463272857666),
(1.72600259246826,-0.0381,0.98463272857666),(1.7288132736206,-0.5969,-1.13269452438354),
(1.7288132736206,-0.5969,1.13269452438354),(1.7288132736206,-0.5207,-1.13269452438354),
(1.7288132736206,-0.5207,1.13269452438354),(1.73157279510498,-0.5969,-1.12814703063965),
(1.73157279510498,-0.5969,1.12814703063965),(1.73157279510498,-0.5207,-1.12814703063965),
(1.73157279510498,-0.5207,1.12814703063965),(1.73334032287598,-0.5207,-0.985224843597412),
(1.73334032287598,-0.5207,0.985224843597412),(1.73334032287598,-0.0381,
-0.985224843597412),(1.73334032287598,-0.0381,0.985224843597412),(1.73413135986328,
-0.5969,-1.12348336181641),(1.73413135986328,-0.5969,1.12348336181641),
(1.73413135986328,-0.5207,-1.12348336181641),(1.73413135986328,-0.5207,
1.12348336181641),(1.73648412322998,-0.5969,-1.1187125289917),(1.73648412322998,
-0.5969,1.1187125289917),(1.73648412322998,-0.5207,-1.1187125289917),(1.73648412322998,
-0.5207,1.1187125289917),(1.73862624053955,-0.5969,-1.11384364013672),(1.73862624053955,
-0.5969,1.11384364013672),(1.73862624053955,-0.5207,-1.11384364013672),
(1.73862624053955,-0.5207,1.11384364013672),(1.74055441741943,-0.5969,-1.10888599700928),
(1.74055441741943,-0.5969,1.10888599700928),(1.74055441741943,-0.5207,-1.10888599700928),
(1.74055441741943,-0.5207,1.10888599700928),(1.74064627227783,-0.5207,-0.986129051971436),
(1.74064627227783,-0.5207,0.986129051971436),(1.74064627227783,-0.0381,
-0.986129051971436),(1.74064627227783,-0.0381,0.986129051971436),(1.74226419677735,
-0.5969,-1.1038489982605),(1.74226419677735,-0.5969,1.1038489982605),(1.74226419677735,
-0.5207,-1.1038489982605),(1.74226419677735,-0.5207,1.1038489982605),(1.74375247802735,
-0.5969,-1.09874213943481),(1.74375247802735,-0.5969,1.09874213943481),
(1.74375247802735,-0.5207,-1.09874213943481),(1.74375247802735,-0.5207,
1.09874213943481),(1.74501693572998,-0.5969,-1.0935753036499),(1.74501693572998,
-0.5969,1.0935753036499),(1.74501693572998,-0.5207,-1.0935753036499),(1.74501693572998,
-0.5207,1.0935753036499),(1.74605466308594,-0.5969,-1.08835808334351),(1.74605466308594,
-0.5969,1.08835808334351),(1.74605466308594,-0.5207,-1.08835808334351),
(1.74605466308594,-0.5207,1.08835808334351),(1.74686391601562,-0.5969,-1.08310065231323),
(1.74686391601562,-0.5969,1.08310065231323),(1.74686391601562,-0.5207,-1.08310065231323),
(1.74686391601562,-0.5207,1.08310065231323),(1.74744295043945,-0.5969,-1.07781299057007),
(1.74744295043945,-0.5969,1.07781299057007),(1.74744295043945,-0.5207,-1.07781299057007),
(1.74744295043945,-0.5207,1.07781299057007),(1.74779079742431,-0.5969,-1.072505078125),
(1.74779079742431,-0.5969,1.072505078125),(1.74779079742431,-0.5207,-1.072505078125),
(1.74779079742431,-0.5207,1.072505078125),(1.74790687561035,-0.5207,-1.06718699188232),
(1.74790687561035,-0.5207,-0.987343900299072),(1.74790687561035,-0.5207,
1.06718699188232),(1.74790687561035,-0.507683013534546,-0.12389900226593),
(1.74790687561035,-0.507683013534546,0.0371369985818863),(1.74790687561035,
-0.507641785430908,0.0390774112701416),(1.74790687561035,-0.507639459991455,
-0.125893284606934),(1.74790687561035,-0.507518294906616,0.0410143267154693),
(1.74790687561035,-0.507509041595459,-0.127883763885498),(1.74790687561035,
-0.507312687301636,0.0429442537307739),(1.74790687561035,-0.507291903686523,
-0.129866649150848),(1.74790687561035,-0.507025398635864,0.0448637162685395),
(1.74790687561035,-0.506988433837891,-0.131838197898865),(1.74790687561035,
-0.506656816482544,0.0467692534208298),(1.74790687561035,-0.506599261856079,
-0.133794619178772),(1.74790687561035,-0.506207764434814,0.0486574375867844),
(1.74790687561035,-0.506125162887573,-0.135732206821442),(1.74790687561035,
-0.505678969192505,0.0505248593330383),(1.74790687561035,-0.505566912078857,
-0.137647278881073),(1.74790687561035,-0.505071399688721,0.0523681516170502),
(1.74790687561035,-0.504925769042969,-0.139536165523529),(1.74790687561035,
-0.504386073303223,0.0541839988708496),(1.74790687561035,-0.504202799606323,
-0.141395293807983),(1.74790687561035,-0.503624346542358,0.0559691248893738),
(1.74790687561035,-0.503399408721924,-0.143221115016937),(1.74790687561035,
-0.502787575912476,0.0577203140258789),(1.74790687561035,-0.502517146682739,
-0.145010153102875),(1.74790687561035,-0.501877214813232,0.0594344111919403),
(1.74790687561035,-0.501557660675049,-0.146759004688263),(1.74790687561035,
-0.500894910430908,0.0611083279132843),(1.74790687561035,-0.500522840118408,
-0.148464339065552),(1.74790687561035,-0.499842455291748,0.0627390483856201),
(1.74790687561035,-0.499414622879028,-0.150122910308838),(1.74790687561035,
-0.498721738815308,0.0643236294746399),(1.74790687561035,-0.498235092163086,
-0.151731581497193),(1.74790687561035,-0.497534795761108,0.0658592188835144),
(1.74790687561035,-0.496986573410034,-0.153287252044678),(1.74790687561035,
-0.496283757781982,0.0673430490970612),(1.74790687561035,-0.495671295166016,
-0.154786978816986),(1.74790687561035,-0.494970804977417,0.0687724434375763),
(1.74790687561035,-0.49429192199707,-0.156227927684784),(1.74790687561035,
-0.493598456573486,0.0701448281764984),(1.74790687561035,-0.492850973129272,
-0.157607312965393),(1.74790687561035,-0.492169038009644,0.0714577385902405),
(1.74790687561035,-0.491351210021973,-0.158922542762756),(1.74790687561035,
-0.490685213851929,0.0727087947368622),(1.74790687561035,-0.489795587921143,
-0.160171109962464),(1.74790687561035,-0.489149648666382,0.0738957499027252),
(1.74790687561035,-0.488186916732788,-0.161350628566742),(1.74790687561035,
-0.487565055465698,0.0750164663791657),(1.74790687561035,-0.486528345489502,
-0.162458857917785),(1.74790687561035,-0.485934341049194,0.0760689154624939),
(1.74790687561035,-0.484822974777222,-0.163493678474427),(1.74790687561035,
-0.484260412216187,0.0770512077331543),(1.74790687561035,-0.483074147415161,
-0.164453140258789),(1.74790687561035,-0.482546321105957,0.0779615688323975),
(1.74790687561035,-0.481285109329224,-0.16533539018631),(1.74790687561035,
-0.480795119857788,0.0787983636856079),(1.74790687561035,-0.479459300231934,
-0.166138768959046),(1.74790687561035,-0.479010005950928,0.0795600904464722),
(1.74790687561035,-0.477600159835815,-0.166861738395691),(1.74790687561035,
-0.477194176864624,0.0802453562736511),(1.74790687561035,-0.475711273193359,
-0.167502941989899),(1.74790687561035,-0.47535087852478,0.080852943944931),
(1.74790687561035,-0.473796225357056,-0.168061132240295),(1.74790687561035,
-0.47348345375061,0.0813817512989044),(1.74790687561035,-0.47185864982605,
-0.168535255432129),(1.74790687561035,-0.471595245361328,0.0818308215141296),
(1.74790687561035,-0.469902180099487,-0.168924415302277),(1.74790687561035,
-0.469689693069458,0.0821993612766266),(1.74790687561035,-0.46793069190979,
-0.169227860927582),(1.74790687561035,-0.467770236587524,0.0824866862773895),
(1.74790687561035,-0.465947770309448,-0.169445023059845),(1.74790687561035,
-0.465840315628052,0.08269229388237),(1.74790687561035,-0.463957291030884,
-0.169575489902496),(1.74790687561035,-0.46390341835022,0.0828158025741577),
(1.74790687561035,-0.461962984466553,-0.169619007110595),(1.74790687561035,
-0.461962984466553,0.0828570003986359),(1.74790687561035,-0.443929007720948,
-0.169619007110595),(1.74790687561035,-0.443929007720948,0.0828570003986359),
(1.74790687561035,-0.441988573837281,0.0828158025741577),(1.74790687561035,
-0.441934749603272,-0.169575489902496),(1.74790687561035,-0.440051676559448,
0.08269229388237),(1.74790687561035,-0.439944221878052,-0.169445023059845),
(1.74790687561035,-0.438121755599976,0.0824866862773895),(1.74790687561035,
-0.437961348724365,-0.169227860927582),(1.74790687561035,-0.436202299118042,
0.0821993612766266),(1.74790687561035,-0.435989812088012,-0.168924415302277),
(1.74790687561035,-0.434296746826172,0.0818308215141296),(1.74790687561035,
-0.434033390808106,-0.168535255432129),(1.74790687561035,-0.43240853843689,
0.0813817512989044),(1.74790687561035,-0.4320958152771,-0.168061132240295),
(1.74790687561035,-0.430541113662719,0.080852943944931),(1.74790687561035,
-0.430180767440796,-0.167502941989899),(1.74790687561035,-0.428697815322876,
0.0802453562736511),(1.74790687561035,-0.428291832351684,-0.166861738395691),
(1.74790687561035,-0.426881986236572,0.0795600904464722),(1.74790687561035,
-0.426432691955566,-0.166138768959046),(1.74790687561035,-0.425096872329712,
0.0787983636856079),(1.74790687561035,-0.424606882858277,-0.16533539018631),
(1.74790687561035,-0.423345719528198,0.0779615688323975),(1.74790687561035,
-0.422817844772339,-0.164453140258789),(1.74790687561035,-0.421631579971313,
0.0770512077331543),(1.74790687561035,-0.421069017410278,-0.163493678474427),
(1.74790687561035,-0.419957651138305,0.0760689154624939),(1.74790687561035,
-0.419363646697998,-0.162458857917785),(1.74790687561035,-0.418326936721802,
0.0750164663791657),(1.74790687561035,-0.417705075454712,-0.161350628566742),
(1.74790687561035,-0.416742391967773,0.0738957499027252),(1.74790687561035,
-0.416096452713012,-0.160171109962464),(1.74790687561035,-0.415206778335572,
0.0727087947368622),(1.74790687561035,-0.414540782165527,-0.158922542762756),
(1.74790687561035,-0.413722954177856,0.0714577385902405),(1.74790687561035,
-0.413041019058227,-0.157607312965393),(1.74790687561035,-0.412293584060669,
0.0701448281764984),(1.74790687561035,-0.411600070190429,-0.156227927684784),
(1.74790687561035,-0.410921187210083,0.0687724434375763),(1.74790687561035,
-0.410220697021485,-0.154786978816986),(1.74790687561035,-0.409608282852173,
0.0673430490970612),(1.74790687561035,-0.408905418777466,-0.153287252044678),
(1.74790687561035,-0.408357196426391,0.0658592188835144),(1.74790687561035,
-0.407656900024414,-0.151731581497193),(1.74790687561035,-0.407170253372192,
0.0643236294746399),(1.74790687561035,-0.406477369308472,-0.150122910308838),
(1.74790687561035,-0.406049536895752,0.0627390483856201),(1.74790687561035,
-0.405369152069092,-0.148464339065552),(1.74790687561035,-0.40499710597992,
0.0611083279132843),(1.74790687561035,-0.404334307289124,-0.146759004688263),
(1.74790687561035,-0.404014777374267,0.0594344111919403),(1.74790687561035,
-0.40337484550476,-0.145010153102875),(1.74790687561035,-0.403104416275025,
0.0577203140258789),(1.74790687561035,-0.402492583465576,-0.143221115016937),
(1.74790687561035,-0.402267621421814,0.0559691248893738),(1.74790687561035,
-0.401689241027832,-0.141395293807983),(1.74790687561035,-0.401505918884278,
0.0541839988708496),(1.74790687561035,-0.400966223144532,-0.139536165523529),
(1.74790687561035,-0.400820665168762,0.0523681516170502),(1.74790687561035,
-0.400325080108642,-0.137647278881073),(1.74790687561035,-0.400213047218323,
0.0505248593330383),(1.74790687561035,-0.399766853523254,-0.135732206821442),
(1.74790687561035,-0.399684251976013,0.0486574375867844),(1.74790687561035,
-0.399292754554749,-0.133794619178772),(1.74790687561035,-0.399235175704956,
0.0467692534208298),(1.74790687561035,-0.398903606796265,-0.131838197898865),
(1.74790687561035,-0.398866666221618,0.0448637162685395),(1.74790687561035,
-0.39860016117096,-0.129866649150848),(1.74790687561035,-0.398579280662537,
0.0429442537307739),(1.74790687561035,-0.398382999038697,-0.127883763885498),
(1.74790687561035,-0.398373721504212,0.0410143267154693),(1.74790687561035,
-0.398252507972717,-0.125893284606934),(1.74790687561035,-0.398250182533264,
0.0390774112701416),(1.74790687561035,-0.398208978652954,-0.12389900226593),
(1.74790687561035,-0.398208978652954,0.0371369985818863),(1.74790687561036,
-0.5969,-1.06718699188232),(1.74790687561036,-0.5969,1.06718699188232),
(1.74790687561036,-0.5207,0.987343900299073),(1.74790687561036,-0.0381,
-0.987343900299073),(1.74790687561036,-0.0381,0.987343900299073)));
#29=TESSELLATED_SHELL('Part 1',(#27),$);
#30=SHAPE_DEFINITION_REPRESENTATION(#42,#31);
#31=SHAPE_REPRESENTATION('Part 1',(#32),#37);
#32=AXIS2_PLACEMENT_3D('',#35,#33,#34);
#33=DIRECTION('',(0.,0.,1.));
#34=DIRECTION('',(1.,0.,0.));
#35=CARTESIAN_POINT('',(0.,0.,0.));
#36=MECHANICAL_DESIGN_GEOMETRIC_PRESENTATION_REPRESENTATION('',(#12,#13),
#37);
#37=(
GEOMETRIC_REPRESENTATION_CONTEXT(3)
GLOBAL_UNCERTAINTY_ASSIGNED_CONTEXT((#38))
GLOBAL_UNIT_ASSIGNED_CONTEXT((#41,#40,#39))
REPRESENTATION_CONTEXT('Part 1','TOP_LEVEL_ASSEMBLY_PART')
);
#38=UNCERTAINTY_MEASURE_WITH_UNIT(LENGTH_MEASURE(1.E-8),#41,
'DISTANCE_ACCURACY_VALUE','Maximum Tolerance applied to model');
#39=(
NAMED_UNIT(*)
SI_UNIT($,.STERADIAN.)
SOLID_ANGLE_UNIT()
);
#40=(
NAMED_UNIT(*)
PLANE_ANGLE_UNIT()
SI_UNIT($,.RADIAN.)
);
#41=(
LENGTH_UNIT()
NAMED_UNIT(*)
SI_UNIT($,.METRE.)
);
#42=PRODUCT_DEFINITION_SHAPE('','',#43);
#43=PRODUCT_DEFINITION('','',#45,#44);
#44=PRODUCT_DEFINITION_CONTEXT('',#51,'design');
#45=PRODUCT_DEFINITION_FORMATION_WITH_SPECIFIED_SOURCE('','',#47,
 .NOT_KNOWN.);
#46=PRODUCT_RELATED_PRODUCT_CATEGORY('','',(#47));
#47=PRODUCT('Part 1','Part 1','Part 1',(#49));
#48=PRODUCT_CATEGORY('','');
#49=PRODUCT_CONTEXT('',#51,'mechanical');
#50=APPLICATION_PROTOCOL_DEFINITION('international standard',
'ap242_managed_model_based_3d_engineering',2020,#51);
#51=APPLICATION_CONTEXT('managed model based 3d engineering');
ENDSEC;
END-ISO-10303-21;
